code,name,date,shares,d_shares,pct,aum_wy,nav,flow_wy
510050,华夏上证50ETF,2026-07-27,761916.68,17910.0,2.4072,2329941.20744,3.058,54768.78
510050,华夏上证50ETF,2026-07-24,744006.68,-38970.0,-4.9772,2278371.656164,3.0622999999999996,-119337.83099999998
510050,华夏上证50ETF,2026-07-23,782976.68,35460.0,4.7437,2416344.332148,3.0861,109433.106
510050,华夏上证50ETF,2026-07-22,747516.68,-90.0,-0.012,2316030.929644,3.0982999999999996,-278.847
510050,华夏上证50ETF,2026-07-21,747606.68,-84600.0,-10.1657,2303002.3777400004,3.0805000000000002,-260610.30000000002
510050,华夏上证50ETF,2026-07-20,832206.68,8460.0,1.027,2510601.112224,3.0168,25522.128
510050,华夏上证50ETF,2026-07-17,823746.68,8730.0,1.0711,2412836.400388,2.9291,25571.043
510050,华夏上证50ETF,2026-07-16,815016.68,89010.0,12.2602,2447739.595044,3.0033,267323.733
510050,华夏上证50ETF,2026-07-15,726006.68,40770.0,5.9498,2225646.0782080004,3.0656000000000003,124984.51200000002
510050,华夏上证50ETF,2026-07-14,685236.68,18450.0,2.767,2092096.107708,3.0531,56329.695
510050,华夏上证50ETF,2026-07-13,666786.68,25920.0,4.0445,2007361.3001400002,3.0105,78032.16
510050,华夏上证50ETF,2026-07-10,640866.68,-17820.0,-2.7054,1957078.667384,3.0538,-54418.716
510050,华夏上证50ETF,2026-07-09,658686.68,-900.0,-0.1364,2034419.679848,3.0885999999999996,-2779.74
510050,华夏上证50ETF,2026-07-08,659586.68,5130.0,0.7839,1986411.245488,3.0116,15449.508
510050,华夏上证50ETF,2026-07-07,654456.68,13950.0,2.178,1971354.411496,3.0121999999999995,42020.189999999995
510050,华夏上证50ETF,2026-07-06,640506.68,-13230.0,-2.0238,1953289.1713279998,3.0495999999999994,-40346.20799999999
510050,华夏上证50ETF,2026-07-03,653736.68,-13860.0,-2.0761,1975788.367964,3.0222999999999995,-41889.077999999994
510050,华夏上证50ETF,2026-07-02,667596.68,28710.0,4.4938,2004592.551036,3.0027,86207.51699999999
510050,华夏上证50ETF,2026-07-01,638886.68,-360.0,-0.0563,1966045.980364,3.0772999999999997,-1107.828
510050,华夏上证50ETF,2026-06-30,639246.68,9180.0,1.457,1969774.719752,3.0813999999999995,28287.251999999997
510050,华夏上证50ETF,2026-06-29,630066.68,-8730.0,-1.3666,1942054.527764,3.0822999999999996,-26908.478999999996
510050,华夏上证50ETF,2026-06-26,638796.68,-8010.0,-1.2384,1914218.1312880001,2.9966,-24002.766
510050,华夏上证50ETF,2026-06-25,646806.68,-32580.0,-4.7955,1978128.8694439998,3.0582999999999996,-99639.41399999999
510050,华夏上证50ETF,2026-06-24,679386.68,-54990.0,-7.488,2054872.952328,3.0246,-166322.754
510050,华夏上证50ETF,2026-06-23,734376.68,-7380.0,-0.9949,2208490.989764,3.0072999999999994,-22193.873999999996
510050,华夏上证50ETF,2026-06-22,741756.68,-28170.0,-3.6588,2296330.3299439996,3.095799999999999,-87208.68599999997
510050,华夏上证50ETF,2026-06-18,769926.68,-6030.0,-0.7771,2317556.299468,3.0100999999999996,-18150.903
510050,华夏上证50ETF,2026-06-17,775956.68,-57060.0,-6.8498,2339664.581536,3.0152,-172047.312
510050,华夏上证50ETF,2026-06-16,833016.68,4140.0,0.4995,2494218.543256,2.9942,12395.988000000001
510050,华夏上证50ETF,2026-06-15,828876.68,12420.0,1.5212,2503870.674944,3.0207999999999995,37518.335999999996
510050,华夏上证50ETF,2026-06-12,816456.68,42570.0,5.5008,2430591.53636,2.9769999999999994,126730.88999999997
510050,华夏上证50ETF,2026-06-11,773886.68,23040.0,3.0685,2266559.308384,2.9287999999999994,67479.55199999998
510050,华夏上证50ETF,2026-06-10,750846.68,-11700.0,-1.5343,2202233.31244,2.933,-34316.1
510050,华夏上证50ETF,2026-06-09,762546.68,-48960.0,-6.0332,2224424.920228,2.9170999999999996,-142821.216
510050,华夏上证50ETF,2026-06-08,811506.68,45360.0,5.9205,2352882.467992,2.8993999999999995,131516.78399999999
510050,华夏上证50ETF,2026-06-05,766146.68,-19080.0,-2.4299,2253620.45922,2.9415,-56123.82
510050,华夏上证50ETF,2026-06-04,785226.68,-30060.0,-3.687,2328903.810212,2.9658999999999995,-89154.95399999998
510050,华夏上证50ETF,2026-06-03,815286.68,-34200.0,-4.026,2443006.53662,2.9964999999999997,-102480.29999999999
510050,华夏上证50ETF,2026-06-02,849486.68,4320.0,0.5111,2544722.2986080004,2.9956000000000005,12940.992000000002
510050,华夏上证50ETF,2026-06-01,845166.68,64080.0,8.204,2508708.256244,2.9682999999999997,190208.664
510050,华夏上证50ETF,2026-05-29,781086.68,-15030.0,-1.8879,2339901.367276,2.9957,-45025.371
510050,华夏上证50ETF,2026-05-28,796116.68,15120.0,1.936,2378557.804836,2.9877,45174.024
510050,华夏上证50ETF,2026-05-27,780996.68,-51570.0,-6.1941,2349862.810784,3.0088,-155163.816
510050,华夏上证50ETF,2026-05-26,832566.68,-25380.0,-2.9582,2536414.39062,3.0465,-77320.17
510050,华夏上证50ETF,2026-05-25,857946.68,-101160.0,-10.5473,2609959.595228,3.0421,-307738.836
510050,华夏上证50ETF,2026-05-22,959106.68,-20520.0,-2.0947,2873675.434616,2.9962,-61482.024
510050,华夏上证50ETF,2026-05-21,979626.68,-25560.0,-2.5428,2933688.018596,2.9947,-76544.53199999999
510050,华夏上证50ETF,2026-05-20,1005186.68,-96300.0,-8.7427,3043202.6737,3.0275,-291548.25
510050,华夏上证50ETF,2026-05-19,1101486.68,-121950.0,-9.9678,3335081.369704,3.0278000000000005,-369240.2100000001
510050,华夏上证50ETF,2026-05-18,1223436.68,32490.0,2.7281,3680709.2517800005,3.0085000000000006,97746.16500000002
510050,华夏上证50ETF,2026-05-15,1190946.68,19260.0,1.6438,3610831.239092,3.0319,58394.39399999999
510050,华夏上证50ETF,2026-05-14,1171686.68,-39870.0,-3.2908,3600241.661636,3.0727,-122508.54900000001
510050,华夏上证50ETF,2026-05-13,1211556.68,-30870.0,-2.4847,3785024.223988,3.1241,-96440.96699999999
510050,华夏上证50ETF,2026-05-12,1242426.68,-53640.0,-4.1387,3873016.689564,3.1173,-167211.972
510050,华夏上证50ETF,2026-05-11,1296066.68,-113580.0,-8.0573,4038154.954876,3.1157000000000004,-353881.20600000006
510050,华夏上证50ETF,2026-05-08,1409646.68,-127260.0,-8.2803,4337200.9050239995,3.0768,-391553.56799999997
510050,华夏上证50ETF,2026-05-07,1536906.68,-95850.0,-5.8704,4769943.572048,3.1036,-297480.06
510050,华夏上证50ETF,2026-05-06,1632756.68,-90720.0,-5.2638,5063668.291684,3.1013,-281349.936
510050,华夏上证50ETF,2026-04-30,1723476.68,-129600.0,-6.9938,5274528.031472,3.0604000000000005,-396627.8400000001
510050,华夏上证50ETF,2026-04-29,1853076.68,-75150.0,-3.8974,5637800.491232,3.0424,-228636.36000000002
510050,华夏上证50ETF,2026-04-28,1928226.68,-87300.0,-4.3314,5832885.707,3.0250000000000004,-264082.50000000006
510050,华夏上证50ETF,2026-04-27,2015526.68,-65160.0,-3.1317,6073991.202848,3.0136000000000003,-196366.176
510050,华夏上证50ETF,2026-04-24,2080686.68,-38970.0,-1.8385,6283257.636264,3.0198,-117681.606
510050,华夏上证50ETF,2026-04-23,2119656.68,-92520.0,-4.1823,6363633.284696,3.0021999999999998,-277763.544
510050,华夏上证50ETF,2026-04-22,2212176.68,-36720.0,-1.6328,6647812.141068,3.0051,-110347.272
510050,华夏上证50ETF,2026-04-21,2248896.68,-33210.0,-1.4552,6761757.647756,3.0067,-99852.507
510050,华夏上证50ETF,2026-04-20,2282106.68,-6210.0,-0.2714,6864805.104108,3.0080999999999998,-18680.301
510050,华夏上证50ETF,2026-04-17,2288316.68,21060.0,0.9289,6830167.626464,2.9848,62859.888
510050,华夏上证50ETF,2026-04-16,2267256.68,20430.0,0.9093,6834645.26186,3.0145,61586.235
510050,华夏上证50ETF,2026-04-15,2246826.68,-9180.0,-0.4069,6759802.749448,3.0086,-27618.948
510050,华夏上证50ETF,2026-04-14,2256006.68,-14310.0,-0.6303,6763282.425972,2.9978999999999996,-42899.94899999999
510050,华夏上证50ETF,2026-04-13,2270316.68,-8820.0,-0.387,6749197.426304,2.9728,-26220.095999999998
510050,华夏上证50ETF,2026-04-10,2279136.68,-17190.0,-0.7486,6776557.090644,2.9732999999999996,-51111.026999999995
510050,华夏上证50ETF,2026-04-09,2296326.68,-18900.0,-0.8163,6792534.31944,2.9579999999999997,-55906.2
510050,华夏上证50ETF,2026-04-08,2315226.68,14760.0,0.6416,6901459.210411999,2.9808999999999997,43998.083999999995
510050,华夏上证50ETF,2026-04-07,2300466.68,2880.0,0.1253,6676414.398696,2.9021999999999997,8358.336
510050,华夏上证50ETF,2026-04-03,2297586.68,11340.0,0.496,6668515.580032,2.9024,32913.216
510050,华夏上证50ETF,2026-04-02,2286246.68,-14760.0,-0.6415,6688643.287008001,2.9256,-43181.856
510050,华夏上证50ETF,2026-04-01,2301006.68,-1260.0,-0.0547,6792801.820028,2.9520999999999997,-3719.6459999999997
510050,华夏上证50ETF,2026-03-31,2302266.68,-24120.0,-1.0368,6673119.97198,2.8985,-69911.81999999999
510050,华夏上证50ETF,2026-03-30,2326386.68,-17820.0,-0.7602,6759781.776076,2.9057,-51779.574
510050,华夏上证50ETF,2026-03-27,2344206.68,-6840.0,-0.2909,6821407.018132,2.9099,-19903.716
510050,华夏上证50ETF,2026-03-26,2351046.68,1620.0,0.069,6810982.23196,2.897,4693.139999999999
510050,华夏上证50ETF,2026-03-25,2349426.68,-75690.0,-3.1211,6890163.624436,2.9327,-221976.063
510050,华夏上证50ETF,2026-03-24,2425116.68,-14940.0,-0.6123,7041568.792048,2.9035999999999995,-43379.78399999999
510050,华夏上证50ETF,2026-03-23,2440056.68,54900.0,2.3017,6987834.320184,2.8638,157222.62
510050,华夏上证50ETF,2026-03-20,2385156.68,56790.0,2.439,7056963.069116,2.9587,168024.573
510050,华夏上证50ETF,2026-03-19,2328366.68,360.0,0.0155,6964843.249884,2.9913,1076.868
510050,华夏上证50ETF,2026-03-18,2328006.68,15390.0,0.6655,7072018.692503999,3.0377999999999994,46751.74199999999
510050,华夏上证50ETF,2026-03-17,2312616.68,-6570.0,-0.2833,7031511.015539999,3.0404999999999993,-19976.084999999995
510050,华夏上证50ETF,2026-03-16,2319186.68,36000.0,1.5767,7028990.989744,3.0307999999999997,109108.79999999999
510050,华夏上证50ETF,2026-03-13,2283186.68,22050.0,0.9752,6926960.068452001,3.0339,66897.495
510050,华夏上证50ETF,2026-03-12,2261136.68,-31050.0,-1.3546,6893753.509984,3.0487999999999995,-94665.23999999999
510050,华夏上证50ETF,2026-03-11,2292186.68,-10620.0,-0.4612,7021197.019508,3.0631,-32530.122
510050,华夏上证50ETF,2026-03-10,2302806.68,25380.0,1.1144,7045667.318128,3.0595999999999997,77652.64799999999
510050,华夏上证50ETF,2026-03-09,2277426.68,-20250.0,-0.8813,6924288.077872,3.0403999999999995,-61568.09999999999
510050,华夏上证50ETF,2026-03-06,2297676.68,40770.0,1.8065,7055705.548944,3.0707999999999998,125196.51599999999
510050,华夏上证50ETF,2026-03-05,2256906.68,-30060.0,-1.3144,6920352.952884,3.0662999999999996,-92172.97799999999
510050,华夏上证50ETF,2026-03-04,2286966.68,20250.0,0.8934,6979593.610692,3.0519,61800.975
510050,华夏上证50ETF,2026-03-03,2266716.68,-28440.0,-1.2391,7011408.034576,3.0931999999999995,-87970.608
510050,华夏上证50ETF,2026-03-02,2295156.68,-73890.0,-3.119,7175807.36002,3.1264999999999996,-231017.08499999996
510050,华夏上证50ETF,2026-02-27,2369046.68,-4320.0,-0.182,7390478.0229279995,3.1195999999999997,-13476.671999999999
510050,华夏上证50ETF,2026-02-26,2373366.68,-17280.0,-0.7228,7392799.871532001,3.1149,-53825.472
510050,华夏上证50ETF,2026-02-25,2390646.68,9990.0,0.4196,7496350.794476,3.1356999999999995,31325.642999999996
510050,华夏上证50ETF,2026-02-24,2380656.68,-8910.0,-0.3729,7431219.8266199995,3.1214999999999997,-27812.565
510050,华夏上证50ETF,2026-02-13,2389566.68,-49140.0,-2.015,7442305.424860001,3.1145,-153046.53
510050,华夏上证50ETF,2026-02-12,2438706.68,2340.0,0.096,7709971.168819999,3.1614999999999993,7397.909999999998
510050,华夏上证50ETF,2026-02-11,2436366.68,-15030.0,-0.6131,7722551.465596001,3.1697,-47640.591
510050,华夏上证50ETF,2026-02-10,2451396.68,-24570.0,-0.9923,7767250.380580001,3.1685,-77850.045
510050,华夏上证50ETF,2026-02-09,2475966.68,-26280.0,-1.0503,7830987.415503999,3.1627999999999994,-83118.38399999999
510050,华夏上证50ETF,2026-02-06,2502246.68,-10620.0,-0.4226,7800003.350896001,3.1172,-33104.664
510050,华夏上证50ETF,2026-02-05,2512866.68,13500.0,0.5401,7879344.7618080005,3.1356,42330.600000000006
510050,华夏上证50ETF,2026-02-04,2499366.68,-22410.0,-0.8887,7862757.638611999,3.1458999999999997,-70499.61899999999
510050,华夏上证50ETF,2026-02-03,2521776.68,4050.0,0.1609,7843482.007803999,3.110299999999999,12596.714999999997
510050,华夏上证50ETF,2026-02-02,2517726.68,-37890.0,-1.4826,7751073.357047999,3.0785999999999993,-116648.15399999998
510050,华夏上证50ETF,2026-01-30,2555616.68,-37080.0,-1.4302,8034858.84192,3.1439999999999997,-116579.51999999999
510050,华夏上证50ETF,2026-01-29,2592696.68,-233100.0,-8.249,8272258.027208,3.1906,-743728.86
510050,华夏上证50ETF,2026-01-28,2825796.68,-489960.0,-14.7767,8870458.358188,3.1390999999999996,-1538033.4359999998
510050,华夏上证50ETF,2026-01-27,3315756.68,-164700.0,-4.7321,10381634.16508,3.131,-515675.69999999995
510050,华夏上证50ETF,2026-01-26,3480456.68,-404460.0,-10.411,10887216.540708,3.1281,-1265191.326
510050,华夏上证50ETF,2026-01-23,3884916.68,-233550.0,-5.6708,12082479.366468,3.1100999999999996,-726363.8549999999
510050,华夏上证50ETF,2026-01-22,4118466.68,-167940.0,-3.918,12896566.561752,3.1314,-525887.316
510050,华夏上证50ETF,2026-01-21,4286406.68,-424440.0,-9.0098,13485464.055948,3.1461,-1335330.6840000001
510050,华夏上证50ETF,2026-01-20,4710846.68,-184050.0,-3.76,14836811.618660001,3.1495000000000006,-579665.4750000001
510050,华夏上证50ETF,2026-01-19,4894896.68,-154350.0,-3.0569,15442909.535732001,3.1549000000000005,-486958.81500000006
510050,华夏上证50ETF,2026-01-16,5049246.68,-249390.0,-4.7067,15950065.337451998,3.1588999999999996,-787798.0709999999
510050,华夏上证50ETF,2026-01-15,5298636.68,-284670.0,-5.0986,16856552.870084,3.1813,-905620.671
510050,华夏上证50ETF,2026-01-14,5583306.68,-5490.0,-0.0982,17800140.026508,3.1881,-17502.668999999998
510050,华夏上证50ETF,2026-01-13,5588796.68,-44910.0,-0.7972,17936684.064792,3.2094,-144134.154
510050,华夏上证50ETF,2026-01-12,5633706.68,-16200.0,-0.2867,18142788.992272,3.2204,-52170.48
510050,华夏上证50ETF,2026-01-09,5649906.68,9450.0,0.1675,18137895.414804,3.2103,30337.335000000003
510050,华夏上证50ETF,2026-01-08,5640456.68,-450.0,-0.008,18036488.325636,3.1977,-1438.9650000000001
510050,华夏上证50ETF,2026-01-07,5640906.68,-27450.0,-0.4843,18171616.778952,3.2214,-88427.43000000001
510050,华夏上证50ETF,2026-01-06,5668356.68,9450.0,0.167,18339401.202472,3.2354000000000003,30574.530000000002
510050,华夏上证50ETF,2026-01-05,5658906.68,-7560.0,-0.1334,17967594.599668,3.1751,-24003.756
510050,华夏上证50ETF,2025-12-31,5666466.68,-58680.0,-1.025,17592112.454728,3.1046,-182177.928
510050,华夏上证50ETF,2025-12-30,5725146.68,-21510.0,-0.3743,17807496.233472,3.1104000000000003,-66904.70400000001
510050,华夏上证50ETF,2025-12-29,5746656.68,-18450.0,-0.32,17862907.624112,3.1084,-57349.98
510050,华夏上证50ETF,2025-12-26,5765106.68,43200.0,0.755,17984826.798928,3.1196,134766.72
510050,华夏上证50ETF,2025-12-25,5721906.68,-5220.0,-0.0911,17776247.482756,3.1067,-16216.974
510050,华夏上证50ETF,2025-12-24,5727126.68,17820.0,0.3121,17739202.178632002,3.0974000000000004,55195.668000000005
510050,华夏上证50ETF,2025-12-23,5709306.68,-41580.0,-0.723,17697708.846664,3.0998,-128889.68400000001
510050,华夏上证50ETF,2025-12-22,5750886.68,2340.0,0.0407,17784041.969232,3.0924,7236.216
510050,华夏上证50ETF,2025-12-19,5748546.68,37530.0,0.6572,17683104.442348,3.0761000000000003,115446.03300000001
510050,华夏上证50ETF,2025-12-18,5711016.68,-5220.0,-0.0913,17504837.225867998,3.0650999999999997,-15999.821999999998
510050,华夏上证50ETF,2025-12-17,5716236.68,-540.0,-0.0094,17481395.014776003,3.0582000000000007,-1651.4280000000003
510050,华夏上证50ETF,2025-12-16,5716776.68,-33480.0,-0.5822,17718005.964323997,3.0993,-103764.564
510050,华夏上证50ETF,2025-12-15,5750256.68,-12240.0,-0.2124,18018429.30678,3.1335,-38354.04
510050,华夏上证50ETF,2025-12-12,5762496.68,28350.0,0.4944,18087900.828851998,3.1388999999999996,88987.81499999999
510050,华夏上证50ETF,2025-12-11,5734146.68,19440.0,0.3402,17891111.056268,3.1201,60654.744
510050,华夏上证50ETF,2025-12-10,5714706.68,-27360.0,-0.4765,17896175.439088,3.1316000000000006,-85680.57600000002
510050,华夏上证50ETF,2025-12-09,5742066.68,-12690.0,-0.2205,18051909.228584,3.1438,-39894.822
510050,华夏上证50ETF,2025-12-08,5754756.68,1440.0,0.025,18221861.551551998,3.1664,4559.616
510050,华夏上证50ETF,2025-12-05,5753316.68,16830.0,0.2934,18111440.90864,3.148,52980.840000000004
510050,华夏上证50ETF,2025-12-04,5736486.68,14040.0,0.2453,17889807.360248,3.1186000000000003,43785.144
510050,华夏上证50ETF,2025-12-03,5722446.68,-17100.0,-0.2979,17778497.345424,3.1068000000000002,-53126.280000000006
510050,华夏上证50ETF,2025-12-02,5739546.68,-6300.0,-0.1096,17924030.326972,3.1229,-19674.27
510050,华夏上证50ETF,2025-12-01,5745846.68,-49230.0,-0.8495,18035638.143852,3.1389,-154528.047
510050,华夏上证50ETF,2025-11-28,5795076.68,13410.0,0.2319,18045289.273852,3.1138999999999997,41757.399
510050,华夏上证50ETF,2025-11-27,5781666.68,21150.0,0.3672,18019142.374888,3.1166,65916.09
510050,华夏上证50ETF,2025-11-26,5760516.68,-1170.0,-0.0203,17950922.078216,3.1162000000000005,-3645.9540000000006
510050,华夏上证50ETF,2025-11-25,5761686.68,-7470.0,-0.1295,17932097.454164002,3.1123000000000007,-23248.881000000005
510050,华夏上证50ETF,2025-11-24,5769156.68,49410.0,0.8638,17850347.683588002,3.0941000000000005,152879.48100000003
510050,华夏上证50ETF,2025-11-21,5719746.68,16560.0,0.2904,17727782.859992,3.0994,51326.064000000006
510050,华夏上证50ETF,2025-11-20,5703186.68,5670.0,0.0995,17990702.38206,3.1545,17886.015
510050,华夏上证50ETF,2025-11-19,5697516.68,-37350.0,-0.6513,18042326.070556,3.1667,-118276.24500000001
510050,华夏上证50ETF,2025-11-18,5734866.68,-11790.0,-0.2052,18055654.255312,3.1484,-37119.636
510050,华夏上证50ETF,2025-11-17,5746656.68,36720.0,0.6431,18147367.129772,3.1579,115958.088
510050,华夏上证50ETF,2025-11-14,5709936.68,-3240.0,-0.0567,18191858.26248,3.186,-10322.64
510050,华夏上证50ETF,2025-11-13,5713176.68,9990.0,0.1752,18411283.168968,3.2226,32193.773999999998
510050,华夏上证50ETF,2025-11-12,5703186.68,-26190.0,-0.4571,18205142.201228,3.1921000000000004,-83601.09900000002
510050,华夏上证50ETF,2025-11-11,5729376.68,-8730.0,-0.1521,18230303.658092,3.1819,-27777.987
510050,华夏上证50ETF,2025-11-10,5738106.68,-900.0,-0.0157,18373417.589360002,3.2020000000000004,-2881.8
510050,华夏上证50ETF,2025-11-07,5739006.68,-3060.0,-0.0533,18278162.375132002,3.1849000000000003,-9745.794000000002
510050,华夏上证50ETF,2025-11-06,5742066.68,-30960.0,-0.5363,18323508.982548002,3.1911000000000005,-98796.45600000002
510050,华夏上证50ETF,2025-11-05,5773026.68,8280.0,0.1436,18201198.516704,3.1528,26105.184
510050,华夏上证50ETF,2025-11-04,5764746.68,-59400.0,-1.0199,18203340.591436,3.1576999999999997,-187567.37999999998
510050,华夏上证50ETF,2025-11-03,5824146.68,-37980.0,-0.6479,18413039.72882,3.1615,-120073.77
510050,华夏上证50ETF,2025-10-31,5862126.68,48420.0,0.8329,18504975.290756,3.1567,152847.414
510050,华夏上证50ETF,2025-10-30,5813706.68,-40500.0,-0.6918,18565490.911911998,3.1934,-129332.7
510050,华夏上证50ETF,2025-10-29,5854206.68,1890.0,0.0323,18794345.125472,3.2104000000000004,6067.656000000001
510050,华夏上证50ETF,2025-10-28,5852316.68,44730.0,0.7702,18711612.120964002,3.1973000000000007,143015.22900000002
510050,华夏上证50ETF,2025-10-27,5807586.68,16560.0,0.286,18681264.073556,3.2167,53268.551999999996
510050,华夏上证50ETF,2025-10-24,5791026.68,10530.0,0.1822,18482061.64922,3.1915000000000004,33606.495
510050,华夏上证50ETF,2025-10-23,5780496.68,2160.0,0.0374,18303364.687551998,3.1664,6839.424
510050,华夏上证50ETF,2025-10-22,5778336.68,-35640.0,-0.613,18195982.20532,3.1490000000000005,-112230.36000000002
510050,华夏上证50ETF,2025-10-21,5813976.68,1980.0,0.0341,18291352.032948002,3.1461000000000006,6229.278000000001
510050,华夏上证50ETF,2025-10-20,5811996.68,48240.0,0.837,18087514.867828,3.1121000000000003,150127.70400000003
510050,华夏上证50ETF,2025-10-17,5763756.68,-22680.0,-0.392,17894735.364396,3.1047,-70414.59599999999
510050,华夏上证50ETF,2025-10-16,5786436.68,9180.0,0.1589,18274145.679107998,3.1580999999999997,28991.357999999997
510050,华夏上证50ETF,2025-10-15,5777256.68,3870.0,0.067,18137119.621192,3.1394,12149.478000000001
510050,华夏上证50ETF,2025-10-14,5773386.68,-990.0,-0.0171,17877869.193288002,3.0966000000000005,-3065.6340000000005
510050,华夏上证50ETF,2025-10-13,5774376.68,-10350.0,-0.1789,17918468.275707997,3.1030999999999995,-32117.084999999995
510050,华夏上证50ETF,2025-10-10,5784726.68,90.0,0.0016,17998020.119484,3.1113,280.017
510050,华夏上证50ETF,2025-10-09,5784636.68,12240.0,0.212,18274824.199456,3.1592,38668.608
510050,华夏上证50ETF,2025-09-30,5772396.68,-31320.0,-0.5397,18045666.501016002,3.1262000000000003,-97912.584
510050,华夏上证50ETF,2025-09-29,5803716.68,22500.0,0.3892,18040853.29978,3.1085000000000003,69941.25
510050,华夏上证50ETF,2025-09-26,5781216.68,7740.0,0.1341,17777241.291,3.075,23800.5
510050,华夏上证50ETF,2025-09-25,5773476.68,-2700.0,-0.0467,17821567.815824,3.0867999999999998,-8334.359999999999
510050,华夏上证50ETF,2025-09-24,5776176.68,-20250.0,-0.3494,17749035.702304002,3.0728000000000004,-62224.20000000001
510050,华夏上证50ETF,2025-09-23,5796426.68,-9450.0,-0.1628,17689534.942024,3.0518,-28839.510000000002
510050,华夏上证50ETF,2025-09-22,5805876.68,7650.0,0.1319,17734630.906728,3.0546,23367.690000000002
510050,华夏上证50ETF,2025-09-19,5798226.68,10620.0,0.1835,17638205.56056,3.042,32306.039999999997
510050,华夏上证50ETF,2025-09-18,5787606.68,-43470.0,-0.7455,17622104.819264002,3.0448000000000004,-132357.456
510050,华夏上证50ETF,2025-09-17,5831076.68,7020.0,0.1205,17999367.495823998,3.0867999999999998,21669.336
510050,华夏上证50ETF,2025-09-16,5824056.68,14850.0,0.2556,17943336.225412,3.0809,45751.365000000005
510050,华夏上证50ETF,2025-09-15,5809206.68,-7290.0,-0.1253,17987046.643284,3.0963000000000003,-22572.027000000002
510050,华夏上证50ETF,2025-09-12,5816496.68,-16380.0,-0.2808,18046844.249036,3.1027,-50822.226
510050,华夏上证50ETF,2025-09-11,5832876.68,62460.0,1.0824,18183993.0499,3.1175,194719.05000000002
510050,华夏上证50ETF,2025-09-10,5770416.68,-14220.0,-0.2458,17728451.165964,3.0723000000000003,-43688.10600000001
510050,华夏上证50ETF,2025-09-09,5784636.68,-46170.0,-0.7918,17704459.022808,3.0606000000000004,-141307.90200000003
510050,华夏上证50ETF,2025-09-08,5830806.68,-3060.0,-0.0525,17915736.604968,3.0726,-9402.156
510050,华夏上证50ETF,2025-09-05,5833866.68,360.0,0.0062,17939140.041,3.075,1107.0
510050,华夏上证50ETF,2025-09-04,5833506.68,20970.0,0.3608,17743193.917888,3.0416000000000003,63782.352000000006
510050,华夏上证50ETF,2025-09-03,5812536.68,-18810.0,-0.3226,17978757.204908,3.0930999999999997,-58181.210999999996
510050,华夏上证50ETF,2025-09-02,5831346.68,-3240.0,-0.0555,18233454.799024,3.1268000000000002,-10130.832
510050,华夏上证50ETF,2025-09-01,5834586.68,-42570.0,-0.7243,18173570.590864003,3.1148000000000007,-132597.03600000002
510050,华夏上证50ETF,2025-08-29,5877156.68,-72270.0,-1.2147,18273255.549456,3.1092000000000004,-224701.88400000002
510050,华夏上证50ETF,2025-08-28,5949426.68,-30240.0,-0.5057,18396817.179896,3.0922000000000005,-93508.12800000001
510050,华夏上证50ETF,2025-08-27,5979666.68,6300.0,0.1055,18232003.70732,3.0490000000000004,19208.7
510050,华夏上证50ETF,2025-08-26,5973366.68,7830.0,0.1313,18531175.451364003,3.1023000000000005,24291.009000000005
510050,华夏上证50ETF,2025-08-25,5965536.68,5490.0,0.0921,18629774.497972,3.1229,17144.721
510050,华夏上证50ETF,2025-08-22,5960046.68,18720.0,0.3151,18227610.761444,3.0583,57251.376000000004
510050,华夏上证50ETF,2025-08-21,5941326.68,-8190.0,-0.1377,17758031.313851997,2.9888999999999997,-24479.090999999997
510050,华夏上证50ETF,2025-08-20,5949516.68,8820.0,0.1485,17687318.137972,2.9729,26220.978
510050,华夏上证50ETF,2025-08-19,5940696.68,27090.0,0.4581,17446638.009824,2.9368000000000003,79557.91200000001
510050,华夏上证50ETF,2025-08-18,5913606.68,22680.0,0.385,17530887.002860002,2.9645000000000006,67234.86000000002
510050,华夏上证50ETF,2025-08-15,5890926.68,83610.0,1.4397,17427717.490112,2.9584,247351.82400000002
510050,华夏上证50ETF,2025-08-14,5807316.68,-32130.0,-0.5502,17158297.862728,2.9546,-94931.29800000001
510050,华夏上证50ETF,2025-08-13,5839446.68,28350.0,0.4879,17147535.17582,2.9365,83249.77500000001
510050,华夏上证50ETF,2025-08-12,5811096.68,-1800.0,-0.031,17027675.491736,2.9301999999999997,-5274.36
510050,华夏上证50ETF,2025-08-11,5812896.68,65520.0,1.14,16929480.290832,2.9124000000000003,190820.44800000003
510050,华夏上证50ETF,2025-08-08,5747376.68,-7020.0,-0.122,16734061.941488,2.9116,-20439.432
510050,华夏上证50ETF,2025-08-07,5754396.68,-12960.0,-0.2247,16807441.822944,2.9208000000000003,-37853.56800000001
510050,华夏上证50ETF,2025-08-06,5767356.68,-6390.0,-0.1107,16840104.769932,2.9199000000000006,-18658.161000000004
510050,华夏上证50ETF,2025-08-05,5773746.68,-43110.0,-0.7411,16818346.704172,2.9129,-125575.119
510050,华夏上证50ETF,2025-08-04,5816856.68,-7560.0,-0.1298,16814205.919207998,2.8905999999999996,-21852.935999999998
510050,华夏上证50ETF,2025-08-01,5824416.68,39330.0,0.6799,16744033.071664002,2.8748000000000005,113065.88400000002
510050,华夏上证50ETF,2025-07-31,5785086.68,9630.0,0.1667,16761710.146632,2.8974,27901.962000000003
510050,华夏上证50ETF,2025-07-30,5775456.68,-5220.0,-0.0903,16996013.917904,2.9428,-15361.416000000001
510050,华夏上证50ETF,2025-07-29,5780676.68,0.0,0.0,16947209.822756,2.9317,0.0
510050,华夏上证50ETF,2025-07-28,5780676.68,-30240.0,-0.5204,16911947.695008,2.9255999999999998,-88470.14399999999
510050,华夏上证50ETF,2025-07-25,5810916.68,-12510.0,-0.2148,16950443.95556,2.917,-36491.67
510050,华夏上证50ETF,2025-07-24,5823426.68,17370.0,0.2992,17083604.508448,2.9336,50956.632000000005
510050,华夏上证50ETF,2025-07-23,5806056.68,-15660.0,-0.269,16964717.013292,2.9219,-45756.954
510050,华夏上证50ETF,2025-07-22,5821716.68,-12060.0,-0.2067,16955167.658832002,2.9124000000000008,-35123.54400000001
510050,华夏上证50ETF,2025-07-21,5833776.68,-2070.0,-0.0355,16869532.025555998,2.8916999999999997,-5985.8189999999995
510050,华夏上证50ETF,2025-07-18,5835846.68,-7560.0,-0.1294,16828247.486448,2.8836000000000004,-21800.016000000003
510050,华夏上证50ETF,2025-07-17,5843406.68,8640.0,0.1481,16699287.610104,2.8578,24691.392
510050,华夏上证50ETF,2025-07-16,5834766.68,3960.0,0.0679,16634919.80468,2.851,11289.96
510050,华夏上证50ETF,2025-07-15,5830806.68,-26010.0,-0.4441,16662113.168768,2.8576,-74326.176
510050,华夏上证50ETF,2025-07-14,5856816.68,-24120.0,-0.4101,16795007.511568,2.8676,-69166.512
510050,华夏上证50ETF,2025-07-11,5880936.68,17640.0,0.3009,16848295.494532,2.8649,50536.836
510050,华夏上证50ETF,2025-07-10,5863296.68,-540.0,-0.0092,16749093.296088,2.8566000000000003,-1542.564
510050,华夏上证50ETF,2025-07-09,5863836.68,-1800.0,-0.0307,16644500.41618,2.8385000000000002,-5109.3
510050,华夏上证50ETF,2025-07-08,5865636.68,24480.0,0.4191,16693601.991279999,2.846,69670.08
510050,华夏上证50ETF,2025-07-07,5841156.68,-9180.0,-0.1569,16528721.057395998,2.8297,-25976.646
510050,华夏上证50ETF,2025-07-04,5850336.68,630.0,0.0108,16589799.723476,2.8357,1786.491
510050,华夏上证50ETF,2025-07-03,5849706.68,4500.0,0.077,16492663.013592001,2.8194000000000004,12687.300000000001
510050,华夏上证50ETF,2025-07-02,5845206.68,-23130.0,-0.3941,16467700.779564,2.8173000000000004,-65164.149000000005
510050,华夏上证50ETF,2025-07-01,5868336.68,-26910.0,-0.4565,16503523.245164001,2.8123000000000005,-75678.99300000002
510050,华夏上证50ETF,2025-06-30,5895246.68,-52740.0,-0.8867,16544420.282752,2.8064,-148009.536
510050,华夏上证50ETF,2025-06-27,5947986.68,3420.0,0.0575,16630570.75728,2.7960000000000003,9562.320000000002
510050,华夏上证50ETF,2025-06-26,5944566.68,-25380.0,-0.4251,16802317.721020002,2.8265000000000007,-71736.57000000002
510050,华夏上证50ETF,2025-06-25,5969946.68,-28620.0,-0.4771,16896143.093736,2.8302,-81000.32400000001
510050,华夏上证50ETF,2025-06-24,5998566.68,22140.0,0.3705,16753396.880572,2.7929000000000004,61834.80600000001
510050,华夏上证50ETF,2025-06-23,5976426.68,38070.0,0.6411,16500914.06348,2.761,105111.27
510050,华夏上证50ETF,2025-06-20,5938356.68,-40590.0,-0.6789,16326324.020324,2.7493,-111594.087
510050,华夏上证50ETF,2025-06-19,5978946.68,15750.0,0.2641,16349429.696460001,2.7345,43068.375
510050,华夏上证50ETF,2025-06-18,5963196.68,2070.0,0.0347,16395809.27166,2.7495000000000003,5691.465
510050,华夏上证50ETF,2025-06-17,5961126.68,7380.0,0.124,16410385.637372,2.7529000000000003,20316.402000000002
510050,华夏上证50ETF,2025-06-16,5953746.68,31590.0,0.5334,16397213.731388,2.7541,87002.019
510050,华夏上证50ETF,2025-06-13,5922156.68,-23130.0,-0.389,16260465.596276,2.7457000000000003,-63508.041000000005
510050,华夏上证50ETF,2025-06-12,5945286.68,-6480.0,-0.1089,16410180.294135999,2.7601999999999998,-17886.095999999998
510050,华夏上证50ETF,2025-06-11,5951766.68,7830.0,0.1317,16435803.68682,2.7615000000000003,21622.545000000002
510050,华夏上证50ETF,2025-06-10,5943936.68,-53010.0,-0.8839,16310162.249920001,2.744,-145459.44
510050,华夏上证50ETF,2025-06-09,5996946.68,53820.0,0.9056,16521588.1034,2.755,148274.1
510050,华夏上证50ETF,2025-06-06,5943126.68,-6300.0,-0.1059,16382228.69342,2.7565000000000004,-17365.95
510050,华夏上证50ETF,2025-06-05,5949426.68,-4320.0,-0.0726,16398999.700752,2.7564,-11907.648000000001
510050,华夏上证50ETF,2025-06-04,5953746.68,11340.0,0.1908,16399595.23006,2.7545,31236.030000000002
510050,华夏上证50ETF,2025-06-03,5942406.68,15750.0,0.2657,16346966.536012,2.7509,43326.675
510050,华夏上证50ETF,2025-05-30,5926656.68,-34200.0,-0.5737,16252077.947896,2.7422,-93783.24
510050,华夏上证50ETF,2025-05-29,5960856.68,16560.0,0.2786,16417391.468055999,2.7542,45609.552
510050,华夏上证50ETF,2025-05-28,5944296.68,6480.0,0.1091,16324227.542616,2.7462000000000004,17795.376000000004
510050,华夏上证50ETF,2025-05-27,5937816.68,6030.0,0.1017,16320089.144979998,2.7485,16573.454999999998
510050,华夏上证50ETF,2025-05-26,5931786.68,24480.0,0.4144,16389526.59684,2.763,67638.23999999999
510050,华夏上证50ETF,2025-05-23,5907306.68,-14400.0,-0.2432,16397501.882344,2.7758000000000003,-39971.520000000004
510050,华夏上证50ETF,2025-05-22,5921706.68,0.0,0.0,16567158.778636,2.7977,0.0
510050,华夏上证50ETF,2025-05-21,5921706.68,-1800.0,-0.0304,16535773.733232,2.7924,-5026.320000000001
510050,华夏上证50ETF,2025-05-20,5923506.68,5130.0,0.0867,16462609.765056,2.7792,14257.296
510050,华夏上证50ETF,2025-05-19,5918376.68,-17550.0,-0.2957,16378515.624232002,2.7674000000000003,-48567.87
510050,华夏上证50ETF,2025-05-16,5935926.68,-30870.0,-0.5174,16497127.429056,2.7792000000000003,-85793.90400000001
510050,华夏上证50ETF,2025-05-15,5966796.68,-37170.0,-0.6191,16727914.492379999,2.8035,-104206.095
510050,华夏上证50ETF,2025-05-14,6003966.68,-810.0,-0.0135,16914374.930896,2.8172,-2281.9320000000002
510050,华夏上证50ETF,2025-05-13,6004776.68,-33750.0,-0.5589,16636233.79194,2.7705,-93504.375
510050,华夏上证50ETF,2025-05-12,6038526.68,28980.0,0.4822,16694714.712196,2.7647,80121.006
510050,华夏上证50ETF,2025-05-09,6009546.68,-21690.0,-0.3596,16500412.319276001,2.7457000000000003,-59554.23300000001
510050,华夏上证50ETF,2025-05-08,6031236.68,53640.0,0.8974,16532825.987216,2.7412,147037.968
510050,华夏上证50ETF,2025-05-07,5977596.68,-63360.0,-1.0488,16330794.12976,2.732,-173099.52000000002
510050,华夏上证50ETF,2025-05-06,6040956.68,20520.0,0.3408,16362535.263448002,2.7086000000000006,55580.47200000001
510050,华夏上证50ETF,2025-04-30,6020436.68,26910.0,0.449,16217852.328584,2.6938000000000004,72490.15800000001
510050,华夏上证50ETF,2025-04-29,5993526.68,-1080.0,-0.018,16218483.19608,2.706,-2922.48
510050,华夏上证50ETF,2025-04-28,5994606.68,-28170.0,-0.4677,16256773.855492001,2.7119000000000004,-76394.22300000001
510050,华夏上证50ETF,2025-04-25,6022776.68,-22140.0,-0.3663,16318713.414460002,2.7095000000000002,-59988.33
510050,华夏上证50ETF,2025-04-24,6044916.68,-19350.0,-0.3191,16413762.261204,2.7153,-52541.055
510050,华夏上证50ETF,2025-04-23,6064266.68,-13410.0,-0.2206,16426279.156116,2.7087,-36323.667
510050,华夏上证50ETF,2025-04-22,6077676.68,-30510.0,-0.4995,16510616.468888,2.7166,-82883.466
510050,华夏上证50ETF,2025-04-21,6108186.68,38340.0,0.6316,16570288.825504001,2.7128000000000005,104008.75200000002
510050,华夏上证50ETF,2025-04-18,6069846.68,60030.0,0.9989,16495415.337568,2.7176,163137.528
510050,华夏上证50ETF,2025-04-17,6009816.68,62640.0,1.0533,16337085.662912,2.7184,170280.576
510050,华夏上证50ETF,2025-04-16,5947176.68,145530.0,2.5084,16156694.886556,2.7167,395361.35099999997
510050,华夏上证50ETF,2025-04-15,5801646.68,45180.0,0.7849,15620933.6859,2.6925000000000003,121647.15000000001
510050,华夏上证50ETF,2025-04-14,5756466.68,-18270.0,-0.3164,15461869.502479998,2.686,-49073.22
510050,华夏上证50ETF,2025-04-11,5774736.68,45630.0,0.7965,15460125.039695999,2.6772,122160.636
510050,华夏上证50ETF,2025-04-10,5729106.68,-18180.0,-0.3163,15296714.8356,2.67,-48540.6
510050,华夏上证50ETF,2025-04-09,5747286.68,45720.0,0.8019,15254448.306056,2.6542000000000003,121350.02400000002
510050,华夏上证50ETF,2025-04-08,5701566.68,236520.0,4.3279,14998541.308408,2.6306000000000003,622189.5120000001
510050,华夏上证50ETF,2025-04-07,5465046.68,102510.0,1.9116,14054460.546955999,2.5717,263624.967
510050,华夏上证50ETF,2025-04-03,5362536.68,-6480.0,-0.1207,14591998.559948001,2.7211000000000003,-17632.728000000003
510050,华夏上证50ETF,2025-04-02,5369016.68,6120.0,0.1141,14589765.926232,2.7174000000000005,16630.488
510050,华夏上证50ETF,2025-04-01,5362896.68,13860.0,0.2591,14595659.604288,2.7216000000000005,37721.376000000004
510050,华夏上证50ETF,2025-03-31,5349036.68,7470.0,0.1398,14573985.338328,2.7246,20352.762000000002
510050,华夏上证50ETF,2025-03-28,5341566.68,-3690.0,-0.069,14631085.293188,2.7391,-10107.279
510050,华夏上证50ETF,2025-03-27,5345256.68,9630.0,0.1805,14701593.972672,2.7504000000000004,26486.352000000003
510050,华夏上证50ETF,2025-03-26,5335626.68,31590.0,0.5956,14601475.972488001,2.7366,86449.194
510050,华夏上证50ETF,2025-03-25,5304036.68,2700.0,0.0509,14594056.925020002,2.7515000000000005,7429.050000000001
510050,华夏上证50ETF,2025-03-24,5301336.68,-21600.0,-0.4058,14594049.746372,2.7529,-59462.64
510050,华夏上证50ETF,2025-03-21,5322936.68,-8730.0,-0.1637,14556102.645128,2.7346000000000004,-23873.058000000005
510050,华夏上证50ETF,2025-03-20,5331666.68,11610.0,0.2182,14813502.703712,2.7784,32257.224
510050,华夏上证50ETF,2025-03-19,5320056.68,23940.0,0.452,14938187.151772,2.8079,67221.126
510050,华夏上证50ETF,2025-03-18,5296116.68,-2700.0,-0.051,14831774.76234,2.8005,-7561.35
510050,华夏上证50ETF,2025-03-17,5298816.68,-12150.0,-0.2288,14829268.360648,2.7986000000000004,-34002.990000000005
510050,华夏上证50ETF,2025-03-14,5310966.68,53640.0,1.0203,14877610.960684,2.8013,150261.732
510050,华夏上证50ETF,2025-03-13,5257326.68,4590.0,0.0874,14318854.945648002,2.7236000000000002,12501.324
510050,华夏上证50ETF,2025-03-12,5252736.68,900.0,0.0171,14330516.210376002,2.7282000000000006,2455.3800000000006
510050,华夏上证50ETF,2025-03-11,5251836.68,6570.0,0.1253,14398435.441888,2.7416000000000005,18012.312
510050,华夏上证50ETF,2025-03-10,5245266.68,-71280.0,-1.3407,14309087.503039999,2.7279999999999998,-194451.84
510050,华夏上证50ETF,2025-03-07,5316546.68,-21240.0,-0.3979,14575844.377888,2.7416,-58231.584
510050,华夏上证50ETF,2025-03-06,5337786.68,63990.0,1.2134,14644751.535248,2.7436000000000003,175562.964
510050,华夏上证50ETF,2025-03-05,5273796.68,-14400.0,-0.2723,14239778.415668,2.7001,-38881.44
510050,华夏上证50ETF,2025-03-04,5288196.68,-18630.0,-0.3511,14169194.184392001,2.6794000000000002,-49917.222
510050,华夏上证50ETF,2025-03-03,5306826.68,17910.0,0.3386,14258912.606492002,2.6869000000000005,48122.37900000001
510050,华夏上证50ETF,2025-02-28,5288916.68,-35820.0,-0.6727,14267910.527635999,2.6976999999999998,-96631.61399999999
510050,华夏上证50ETF,2025-02-27,5324736.68,14760.0,0.278,14582856.345516,2.7387,40423.212
510050,华夏上证50ETF,2025-02-26,5309976.68,-19260.0,-0.3614,14474996.42968,2.726,-52502.76
510050,华夏上证50ETF,2025-02-25,5329236.68,-33300.0,-0.621,14400130.433028,2.7021,-89979.93000000001
510050,华夏上证50ETF,2025-02-24,5362536.68,-57960.0,-1.0693,14659030.268448,2.7336000000000005,-158439.45600000003
510050,华夏上证50ETF,2025-02-21,5420496.68,8280.0,0.153,14863543.946228,2.7421,22704.588000000003
510050,华夏上证50ETF,2025-02-20,5412216.68,4590.0,0.0849,14651952.996096,2.7072000000000003,12426.048
510050,华夏上证50ETF,2025-02-19,5407626.68,6030.0,0.1116,14724967.44964,2.7230000000000003,16419.690000000002
510050,华夏上证50ETF,2025-02-18,5401596.68,-36630.0,-0.6736,14639947.481804,2.7103,-99278.289
510050,华夏上证50ETF,2025-02-17,5438226.68,-52650.0,-0.9589,14813185.653652,2.7239,-143413.335
510050,华夏上证50ETF,2025-02-14,5490876.68,41580.0,0.763,14936831.832604,2.7203000000000004,113110.07400000002
510050,华夏上证50ETF,2025-02-13,5449296.68,-28350.0,-0.5176,14714735.825004,2.7003000000000004,-76553.505
510050,华夏上证50ETF,2025-02-12,5477646.68,11430.0,0.2091,14784716.153988,2.6991,30850.713
510050,华夏上证50ETF,2025-02-11,5466216.68,-54720.0,-0.9911,14610103.942304,2.6728,-146255.616
510050,华夏上证50ETF,2025-02-10,5520936.68,-18090.0,-0.3266,14795006.115064,2.6798,-48477.582
510050,华夏上证50ETF,2025-02-07,5539026.68,26190.0,0.4751,14769814.642220002,2.6665000000000005,69835.63500000001
510050,华夏上证50ETF,2025-02-06,5512836.68,41040.0,0.75,14544517.012844,2.6383,108275.83200000001
510050,华夏上证50ETF,2025-02-05,5471796.68,15660.0,0.287,14332824.223592002,2.6194000000000006,41019.80400000001
510050,华夏上证50ETF,2025-01-27,5456136.68,-44190.0,-0.8034,14413476.267556,2.6417,-116736.72300000001
510050,华夏上证50ETF,2025-01-24,5500326.68,15480.0,0.2822,14505461.520496,2.6372,40823.856
510050,华夏上证50ETF,2025-01-23,5484846.68,-13950.0,-0.2537,14384010.4183,2.6225,-36583.875
510050,华夏上证50ETF,2025-01-22,5498796.68,-17010.0,-0.3084,14324915.231068,2.6051,-44312.751000000004
510050,华夏上证50ETF,2025-01-21,5515806.68,-6660.0,-0.1206,14558420.151192002,2.6394000000000006,-17578.404000000006
510050,华夏上证50ETF,2025-01-20,5522466.68,990.0,0.0179,14599745.161916,2.6437000000000004,2617.2630000000004
510050,华夏上证50ETF,2025-01-17,5521476.68,10890.0,0.1976,14560686.152828,2.6371,28718.019000000004
510050,华夏上证50ETF,2025-01-16,5510586.68,-23130.0,-0.418,14518191.667128,2.6346000000000003,-60938.29800000001
510050,华夏上证50ETF,2025-01-15,5533716.68,-28620.0,-0.5145,14643874.450284,2.6463,-75737.106
510050,华夏上证50ETF,2025-01-14,5562336.68,-16020.0,-0.2872,14761329.081384,2.6538,-42513.876
510050,华夏上证50ETF,2025-01-13,5578356.68,31050.0,0.5597,14544449.371764002,2.6073000000000004,80956.66500000001
510050,华夏上证50ETF,2025-01-10,5547306.68,-15120.0,-0.2718,14503433.314860001,2.6145000000000005,-39531.240000000005
510050,华夏上证50ETF,2025-01-09,5562426.68,9000.0,0.1621,14652544.360456,2.6342,23707.8
510050,华夏上证50ETF,2025-01-08,5553426.68,-11790.0,-0.2119,14730464.2687,2.6525000000000003,-31272.975000000002
510050,华夏上证50ETF,2025-01-07,5565216.68,-10350.0,-0.1856,14731685.073627999,2.6471,-27397.485
510050,华夏上证50ETF,2025-01-06,5575566.68,33570.0,0.6057,14669315.93508,2.6310000000000002,88322.67000000001
510050,华夏上证50ETF,2025-01-03,5541996.68,-13860.0,-0.2495,14622558.240179999,2.6385,-36569.61
510050,华夏上证50ETF,2025-01-02,5555856.68,22590.0,0.4083,14790246.067828,2.6621,60136.839
510050,华夏上证50ETF,2024-12-31,5533266.68,-31680.0,-0.5693,15151190.823176,2.7382000000000004,-86746.176
510050,华夏上证50ETF,2024-12-30,5564946.68,-20070.0,-0.3594,15431040.648972,2.7729000000000004,-55652.10300000001
510050,华夏上证50ETF,2024-12-27,5585016.68,23490.0,0.4224,15390071.963407999,2.7556,64729.043999999994
510050,华夏上证50ETF,2024-12-26,5561526.68,38070.0,0.6892,15330348.293420002,2.7565000000000004,104939.95500000002
510050,华夏上证50ETF,2024-12-25,5523456.68,-54450.0,-0.9762,15267386.609188,2.7641,-150505.245
510050,华夏上证50ETF,2024-12-24,5577906.68,10440.0,0.1875,15373268.600748,2.7561000000000004,28773.684000000005
510050,华夏上证50ETF,2024-12-23,5567466.68,-34740.0,-0.6201,15168562.96966,2.7245000000000004,-94649.13000000002
510050,华夏上证50ETF,2024-12-20,5602206.68,-36810.0,-0.6528,15133801.125351999,2.7014,-99438.534
510050,华夏上证50ETF,2024-12-19,5639016.68,10440.0,0.1855,15276096.186120002,2.7090000000000005,28281.960000000006
510050,华夏上证50ETF,2024-12-18,5628576.68,-20790.0,-0.368,15301848.562248,2.7186000000000003,-56519.69400000001
510050,华夏上证50ETF,2024-12-17,5649366.68,8820.0,0.1564,15249900.415992001,2.6994000000000002,23808.708000000002
510050,华夏上证50ETF,2024-12-16,5640546.68,-33120.0,-0.5837,15163481.639844,2.6883000000000004,-89036.49600000001
510050,华夏上证50ETF,2024-12-13,5673666.68,-20610.0,-0.3619,15236631.86914,2.6854999999999998,-55348.155
510050,华夏上证50ETF,2024-12-12,5694276.68,12150.0,0.2138,15695704.240751998,2.7563999999999997,33490.259999999995
510050,华夏上证50ETF,2024-12-11,5682126.68,40770.0,0.7227,15501409.795707999,2.7281,111224.637
510050,华夏上证50ETF,2024-12-10,5641356.68,22230.0,0.3956,15462958.65988,2.741,60932.43
510050,华夏上证50ETF,2024-12-09,5619126.68,-15750.0,-0.2795,15285148.394935999,2.7202,-42843.15
510050,华夏上证50ETF,2024-12-06,5634876.68,28710.0,0.5121,15312213.890232,2.7174,78016.554
510050,华夏上证50ETF,2024-12-05,5606166.68,-5490.0,-0.0978,15064891.102496,2.6872000000000003,-14752.728000000001
510050,华夏上证50ETF,2024-12-04,5611656.68,-58140.0,-1.0254,15153717.698672,2.7004,-157001.256
510050,华夏上证50ETF,2024-12-03,5669796.68,-30780.0,-0.5399,15333965.12106,2.7045000000000003,-83244.51000000001
510050,华夏上证50ETF,2024-12-02,5700576.68,18990.0,0.3342,15336261.442204,2.6903,51088.797000000006
510050,华夏上证50ETF,2024-11-29,5681586.68,-23310.0,-0.4086,15516981.381748002,2.7311000000000005,-63661.94100000001
510050,华夏上证50ETF,2024-11-28,5704896.68,-41400.0,-0.7205,15492787.913876,2.7157000000000004,-112429.98000000003
510050,华夏上证50ETF,2024-11-27,5746296.68,-13140.0,-0.2281,15697733.270423999,2.7318,-35895.852
510050,华夏上证50ETF,2024-11-26,5759436.68,10170.0,0.1769,15537232.331635999,2.6976999999999998,27435.608999999997
510050,华夏上证50ETF,2024-11-25,5749266.68,2430.0,0.0423,15444830.009151999,2.6864,6527.951999999999
510050,华夏上证50ETF,2024-11-22,5746836.68,-30960.0,-0.5358,15557836.260095999,2.7072,-83814.912
510050,华夏上证50ETF,2024-11-21,5777796.68,8730.0,0.1513,16115430.499855999,2.7892,24349.716
510050,华夏上证50ETF,2024-11-20,5769066.68,-39510.0,-0.6802,16063966.17046,2.7845000000000004,-110015.59500000002
510050,华夏上证50ETF,2024-11-19,5808576.68,24210.0,0.4185,16143196.309055999,2.7792,67284.432
510050,华夏上证50ETF,2024-11-18,5784366.68,9090.0,0.1574,16120451.500492001,2.7869,25332.921000000002
510050,华夏上证50ETF,2024-11-15,5775276.68,14760.0,0.2562,16057001.753404,2.7803000000000004,41037.22800000001
510050,华夏上证50ETF,2024-11-14,5760516.68,-1530.0,-0.0266,16211246.040856,2.8142,-4305.726
510050,华夏上证50ETF,2024-11-13,5762046.68,15480.0,0.2694,16359602.933856,2.8392,43950.816
510050,华夏上证50ETF,2024-11-12,5746566.68,-4950.0,-0.0861,16219109.797632001,2.8224000000000005,-13970.880000000003
510050,华夏上证50ETF,2024-11-11,5751516.68,-90.0,-0.0016,16480971.04654,2.8655,-257.895
510050,华夏上证50ETF,2024-11-08,5751606.68,-32400.0,-0.5602,16553699.185708,2.8781,-93250.44
510050,华夏上证50ETF,2024-11-07,5784006.68,57690.0,1.0075,16840713.849488,2.9116000000000004,167970.20400000003
510050,华夏上证50ETF,2024-11-06,5726316.68,21060.0,0.3691,16130461.455892002,2.8169000000000004,59323.91400000001
510050,华夏上证50ETF,2024-11-05,5705256.68,47970.0,0.8479,16195512.137516001,2.8387000000000002,136172.439
510050,华夏上证50ETF,2024-11-04,5657286.68,11880.0,0.2104,15753846.217796,2.7847,33082.236
510050,华夏上证50ETF,2024-11-01,5645406.68,19350.0,0.3439,15581322.4368,2.7600000000000002,53406.00000000001
510050,华夏上证50ETF,2024-10-31,5626056.68,9450.0,0.1683,15420458.754212,2.7409,25901.504999999997
510050,华夏上证50ETF,2024-10-30,5616606.68,42120.0,0.7556,15404105.480568,2.7426,115518.31199999999
510050,华夏上证50ETF,2024-10-29,5574486.68,8910.0,0.1601,15477562.267020002,2.7765000000000004,24738.615000000005
510050,华夏上证50ETF,2024-10-28,5565576.68,3510.0,0.0631,15558013.051272,2.7954,9811.854
510050,华夏上证50ETF,2024-10-25,5562066.68,-10890.0,-0.1954,15532627.410567999,2.7925999999999997,-30411.413999999997
510050,华夏上证50ETF,2024-10-24,5572956.68,-36360.0,-0.6482,15547434.545864,2.7898000000000005,-101437.12800000001
510050,华夏上证50ETF,2024-10-23,5609316.68,-33840.0,-0.5997,15808737.199244,2.8183000000000002,-95371.27200000001
510050,华夏上证50ETF,2024-10-22,5643156.68,1980.0,0.0351,15812689.333028,2.8021000000000003,5548.158
510050,华夏上证50ETF,2024-10-21,5641176.68,-50940.0,-0.8949,15738882.9372,2.79,-142122.6
510050,华夏上证50ETF,2024-10-18,5692116.68,46620.0,0.8258,15890682.135556,2.7917,130149.054
510050,华夏上证50ETF,2024-10-17,5645496.68,-61380.0,-1.0755,15318490.691512,2.7134,-166548.492
510050,华夏上证50ETF,2024-10-16,5706876.68,630.0,0.011,15719591.81506,2.7545,1735.335
510050,华夏上证50ETF,2024-10-15,5706246.68,-58680.0,-1.0179,15749811.461468,2.7601,-161962.668
510050,华夏上证50ETF,2024-10-14,5764926.68,-35730.0,-0.616,16316471.982404001,2.8303000000000003,-101126.619
510050,华夏上证50ETF,2024-10-11,5800656.68,6930.0,0.1196,16160629.51048,2.786,19306.98
510050,华夏上证50ETF,2024-10-10,5793726.68,15660.0,0.271,16498216.093967998,2.8476,44593.416
510050,华夏上证50ETF,2024-10-09,5778066.68,-45810.0,-0.7866,16098849.383816,2.7862,-127635.822
510050,华夏上证50ETF,2024-10-08,5823876.68,66690.0,1.1584,17271871.069876,2.9657,197782.533
510050,华夏上证50ETF,2024-09-30,5757186.68,169290.0,3.0296,16503551.336888,2.8666,485286.714
510050,华夏上证50ETF,2024-09-27,5587896.68,23490.0,0.4221,14943712.091324,2.6743,62819.307
510050,华夏上证50ETF,2024-09-26,5564406.68,108000.0,1.9793,14450764.14796,2.597,280476.0
510050,华夏上证50ETF,2024-09-25,5456406.68,-20700.0,-0.3779,13537344.97308,2.4810000000000003,-51356.700000000004
510050,华夏上证50ETF,2024-09-24,5477106.68,-66150.0,-1.1933,13393716.675272001,2.4454000000000002,-161763.21000000002
510050,华夏上证50ETF,2024-09-23,5543256.68,450.0,0.0081,12927428.903428,2.3321,1049.445
510050,华夏上证50ETF,2024-09-20,5542806.68,42210.0,0.7674,12870397.110960001,2.3220000000000005,98011.62000000002
510050,华夏上证50ETF,2024-09-19,5500596.68,-7200.0,-0.1307,12753683.462248,2.3186,-16693.92
510050,华夏上证50ETF,2024-09-18,5507796.68,-14220.0,-0.2575,12702080.703416001,2.3062000000000005,-32794.164000000004
510050,华夏上证50ETF,2024-09-13,5522016.68,-1350.0,-0.0244,12663088.650576,2.2932,-3095.82
510050,华夏上证50ETF,2024-09-12,5523366.68,6930.0,0.1256,12683306.907283999,2.2963,15913.359
510050,华夏上证50ETF,2024-09-11,5516436.68,24660.0,0.449,12731384.213772,2.3079,56912.814
510050,华夏上证50ETF,2024-09-10,5491776.68,-7650.0,-0.1391,12754651.3393,2.3225,-17767.125
510050,华夏上证50ETF,2024-09-09,5499426.68,32760.0,0.5993,12757020.069596,2.3197,75993.372
510050,华夏上证50ETF,2024-09-06,5466666.68,-10980.0,-0.2005,12855960.031356,2.3517,-25821.666
510050,华夏上证50ETF,2024-09-05,5477646.68,180.0,0.0033,12946965.692847999,2.3636,425.448
510050,华夏上证50ETF,2024-09-04,5477466.68,-2070.0,-0.0378,12926273.618132,2.3599,-4884.993
510050,华夏上证50ETF,2024-09-03,5479536.68,43200.0,0.7947,13041297.2984,2.38,102816.0
510050,华夏上证50ETF,2024-09-02,5436336.68,3150.0,0.058,12988495.595856,2.3892,7525.9800000000005
510050,华夏上证50ETF,2024-08-30,5433186.68,35100.0,0.6502,13177650.973672,2.4254000000000002,85131.54000000001
510050,华夏上证50ETF,2024-08-29,5398086.68,12330.0,0.2289,12993194.63876,2.407,29678.31
510050,华夏上证50ETF,2024-08-28,5385756.68,45900.0,0.8596,13065845.70568,2.426,111353.40000000001
510050,华夏上证50ETF,2024-08-27,5339856.68,11970.0,0.2247,13034590.15588,2.4410000000000003,29218.770000000004
510050,华夏上证50ETF,2024-08-26,5327886.68,-7380.0,-0.1383,13015494.370572,2.4429000000000003,-18028.602000000003
510050,华夏上证50ETF,2024-08-23,5335266.68,23580.0,0.4439,13042592.925928,2.4446000000000003,57643.668000000005
510050,华夏上证50ETF,2024-08-22,5311686.68,-5490.0,-0.1033,12906867.463732,2.4299000000000004,-13340.151000000002
510050,华夏上证50ETF,2024-08-21,5317176.68,55620.0,1.0571,12909573.261372,2.4279,135039.798
510050,华夏上证50ETF,2024-08-20,5261556.68,-8910.0,-0.1691,12815573.605476,2.4357,-21702.087000000003
510050,华夏上证50ETF,2024-08-19,5270466.68,1980.0,0.0376,12894723.779288001,2.4466000000000006,4844.268000000001
510050,华夏上证50ETF,2024-08-16,5268486.68,630.0,0.012,12825077.125124,2.4343000000000004,1533.6090000000002
510050,华夏上证50ETF,2024-08-15,5267856.68,15210.0,0.2896,12764543.521308,2.4231,36855.350999999995
510050,华夏上证50ETF,2024-08-14,5252646.68,-1620.0,-0.0308,12566431.917232001,2.3924000000000003,-3875.6880000000006
510050,华夏上证50ETF,2024-08-13,5254266.68,-7380.0,-0.1403,12632833.378724001,2.4043000000000005,-17743.734000000004
510050,华夏上证50ETF,2024-08-12,5261646.68,8820.0,0.1679,12646893.960048,2.4036,21199.752
510050,华夏上证50ETF,2024-08-09,5252826.68,-25740.0,-0.4876,12632522.882732,2.4049,-61902.126000000004
510050,华夏上证50ETF,2024-08-08,5278566.68,38610.0,0.7368,12703926.428756,2.4067000000000003,92922.687
510050,华夏上证50ETF,2024-08-07,5239956.68,2970.0,0.0567,12578516.01034,2.4005,7129.485000000001
510050,华夏上证50ETF,2024-08-06,5236986.68,37890.0,0.7288,12564578.442656,2.3992,90905.688
510050,华夏上证50ETF,2024-08-05,5199096.68,121590.0,2.3947,12559457.849876,2.4157,293724.96300000005
510050,华夏上证50ETF,2024-08-02,5077506.68,27900.0,0.5525,12343926.489748,2.4311,67827.68999999999
510050,华夏上证50ETF,2024-08-01,5049606.68,-3510.0,-0.0695,12363961.955980001,2.4485000000000006,-8594.235000000002
510050,华夏上证50ETF,2024-07-31,5053116.68,22140.0,0.4401,12451384.811188001,2.4641,54555.174000000006
510050,华夏上证50ETF,2024-07-30,5030976.68,68940.0,1.3893,12187037.909632001,2.4224000000000006,167000.25600000005
510050,华夏上证50ETF,2024-07-29,4962036.68,33570.0,0.6811,12083055.519468,2.4351000000000003,81746.30700000002
510050,华夏上证50ETF,2024-07-26,4928466.68,77670.0,1.6012,12036301.325896,2.4422,189685.674
510050,华夏上证50ETF,2024-07-25,4850796.68,5310.0,0.1096,11887362.344008,2.4506,13012.686
510050,华夏上证50ETF,2024-07-24,4845486.68,5490.0,0.1134,11980950.364968,2.4726000000000004,13574.574000000002
510050,华夏上证50ETF,2024-07-23,4839996.68,77040.0,1.6175,11997383.770383999,2.4788,190966.752
510050,华夏上证50ETF,2024-07-22,4762956.68,23040.0,0.4861,11981693.824208,2.5156000000000005,57959.42400000001
510050,华夏上证50ETF,2024-07-19,4739916.68,235350.0,5.2247,12041758.325539999,2.5404999999999998,597906.6749999999
510050,华夏上证50ETF,2024-07-18,4504566.68,8100.0,0.1801,11368174.930316001,2.5237000000000003,20441.97
510050,华夏上证50ETF,2024-07-17,4496466.68,720.0,0.016,11294674.653492,2.5119000000000002,1808.5680000000002
510050,华夏上证50ETF,2024-07-16,4495746.68,7470.0,0.1664,11247459.044024,2.5018000000000002,18688.446000000004
510050,华夏上证50ETF,2024-07-15,4488276.68,-55170.0,-1.2143,11185234.314228,2.4921,-137489.157
510050,华夏上证50ETF,2024-07-12,4543446.68,-43380.0,-0.9458,11285012.863784,2.4838,-107747.244
510050,华夏上证50ETF,2024-07-11,4586826.68,4410.0,0.0962,11310197.227544,2.4658,10874.178000000002
510050,华夏上证50ETF,2024-07-10,4582416.68,11700.0,0.256,11185220.874211999,2.4409,28558.530000000002
510050,华夏上证50ETF,2024-07-09,4570716.68,35190.0,0.7759,11175859.354268,2.4451,86043.069
510050,华夏上证50ETF,2024-07-08,4535526.68,19980.0,0.4425,10983231.408288,2.4216,48383.56800000001
510050,华夏上证50ETF,2024-07-05,4515546.68,-17010.0,-0.3753,10989485.955116,2.4337,-41397.237
510050,华夏上证50ETF,2024-07-04,4532556.68,-18810.0,-0.4133,11129239.672072,2.4554000000000005,-46186.07400000001
510050,华夏上证50ETF,2024-07-03,4551366.68,-7380.0,-0.1619,11206375.039496,2.4622,-18171.036
510050,华夏上证50ETF,2024-07-02,4558746.68,-55800.0,-1.2092,11233207.694188,2.4641,-137496.78
510050,华夏上证50ETF,2024-07-01,4614546.68,-13050.0,-0.282,11318098.642036,2.4527,-32007.735
510050,华夏上证50ETF,2024-06-28,4627596.68,4680.0,0.1012,11301053.852228,2.4421000000000004,11429.028000000002
510050,华夏上证50ETF,2024-06-27,4622916.68,-18360.0,-0.3956,11251254.615783999,2.4337999999999997,-44684.56799999999
510050,华夏上证50ETF,2024-06-26,4641276.68,1080.0,0.0233,11334461.780228,2.4421000000000004,2637.4680000000003
510050,华夏上证50ETF,2024-06-25,4640196.68,-22500.0,-0.4826,11305375.191152,2.4364000000000003,-54819.00000000001
510050,华夏上证50ETF,2024-06-24,4662696.68,21420.0,0.4615,11407287.42762,2.4465,52404.03
510050,华夏上证50ETF,2024-06-21,4641276.68,-57330.0,-1.2201,11333069.397224,2.4418,-139988.394
510050,华夏上证50ETF,2024-06-20,4698606.68,-47520.0,-1.0012,11519573.997356,2.4517,-116504.78400000001
510050,华夏上证50ETF,2024-06-19,4746126.68,-1800.0,-0.0379,11666453.992108,2.4581000000000004,-4424.580000000001
510050,华夏上证50ETF,2024-06-18,4747926.68,29160.0,0.618,11652836.450724,2.4543000000000004,71567.388
510050,华夏上证50ETF,2024-06-17,4718766.68,61830.0,1.3277,11590234.719416,2.4562,151866.846
510050,华夏上证50ETF,2024-06-14,4656936.68,-13590.0,-0.291,11491456.951568,2.4676,-33534.684
510050,华夏上证50ETF,2024-06-13,4670526.68,2610.0,0.0559,11452598.472028,2.4521,6399.981000000001
510050,华夏上证50ETF,2024-06-12,4667916.68,33840.0,0.7302,11499412.74118,2.4635000000000002,83364.84000000001
510050,华夏上证50ETF,2024-06-11,4634076.68,53550.0,1.1691,11415121.085844,2.4633000000000003,131909.71500000003
510050,华夏上证50ETF,2024-06-07,4580526.68,12690.0,0.2778,11435742.909288,2.4966000000000004,31681.854000000003
510050,华夏上证50ETF,2024-06-06,4567836.68,0.0,0.0,11439690.181392,2.5044,0.0
510050,华夏上证50ETF,2024-06-05,4567836.68,5760.0,0.1263,11441060.532396,2.5047,14427.072
510050,华夏上证50ETF,2024-06-04,4562076.68,6930.0,0.1521,11483659.418896,2.5172000000000003,17444.196000000004
510050,华夏上证50ETF,2024-06-03,4555146.68,26910.0,0.5943,11400165.596036,2.5027000000000004,67347.657
510050,华夏上证50ETF,2024-05-31,4528236.68,3960.0,0.0875,11302478.75328,2.4960000000000004,9884.160000000002
510050,华夏上证50ETF,2024-05-30,4524276.68,18360.0,0.4075,11345528.630436,2.5077000000000003,46041.372
510050,华夏上证50ETF,2024-05-29,4505916.68,23040.0,0.514,11388253.817032,2.5274,58231.296
510050,华夏上证50ETF,2024-05-28,4482876.68,-3690.0,-0.0822,11316573.890992,2.5244000000000004,-9315.036000000002
510050,华夏上证50ETF,2024-05-27,4486566.68,-33930.0,-0.7506,11359986.83376,2.5320000000000005,-85910.76000000001
510050,华夏上证50ETF,2024-05-24,4520496.68,51750.0,1.158,11340570.021116,2.5087,129825.225
510050,华夏上证50ETF,2024-05-23,4468746.68,55710.0,1.2624,11330060.332472,2.5354,141247.134
510050,华夏上证50ETF,2024-05-22,4413036.68,-7110.0,-0.1609,11315467.351188,2.5641000000000003,-18230.751
510050,华夏上证50ETF,2024-05-21,4420146.68,5310.0,0.1203,11316459.530136,2.5602000000000005,13594.662000000002
510050,华夏上证50ETF,2024-05-20,4414836.68,-11340.0,-0.2562,11337300.594239999,2.568,-29121.12
510050,华夏上证50ETF,2024-05-17,4426176.68,31500.0,0.7168,11327471.359455999,2.5592,80614.8
510050,华夏上证50ETF,2024-05-16,4394676.68,-34110.0,-0.7702,11093042.875656,2.5242,-86100.462
510050,华夏上证50ETF,2024-05-15,4428786.68,-21960.0,-0.4934,11125112.14016,2.512,-55163.52
510050,华夏上证50ETF,2024-05-14,4450746.68,-19800.0,-0.4429,11267955.369756,2.5317000000000003,-50127.66
510050,华夏上证50ETF,2024-05-13,4470546.68,-37440.0,-0.8305,11362341.441888,2.5416000000000003,-95157.50400000002
510050,华夏上证50ETF,2024-05-10,4507986.68,-45540.0,-1.0001,11467867.315252,2.5439000000000003,-115849.206
510050,华夏上证50ETF,2024-05-09,4553526.68,3510.0,0.0771,11552752.539828,2.5371,8905.221000000001
510050,华夏上证50ETF,2024-05-08,4550016.68,-13320.0,-0.2919,11471502.053616,2.5212000000000003,-33582.384000000005
510050,华夏上证50ETF,2024-05-07,4563336.68,-24750.0,-0.5394,11568971.151136,2.5352,-62746.200000000004
510050,华夏上证50ETF,2024-05-06,4588086.68,-45900.0,-0.9905,11612906.195748,2.5311,-116177.48999999999
510050,华夏上证50ETF,2024-04-30,4633986.68,900.0,0.0194,11582649.70666,2.4995000000000003,2249.55
510050,华夏上证50ETF,2024-04-29,4633086.68,57690.0,1.2609,11628120.949464,2.5098000000000003,144790.36200000002
510050,华夏上证50ETF,2024-04-26,4575396.68,13410.0,0.294,11425680.589296,2.4972000000000003,33487.452000000005
510050,华夏上证50ETF,2024-04-25,4561986.68,-4230.0,-0.0926,11252140.14622,2.4665000000000004,-10433.295000000002
510050,华夏上证50ETF,2024-04-24,4566216.68,-22410.0,-0.4884,11227870.194452,2.4589000000000003,-55103.94900000001
510050,华夏上证50ETF,2024-04-23,4588626.68,10260.0,0.2241,11234793.563312,2.4484,25120.584
510050,华夏上证50ETF,2024-04-22,4578366.68,-19890.0,-0.4326,11261408.522796001,2.4597,-48923.433000000005
510050,华夏上证50ETF,2024-04-19,4598256.68,-3150.0,-0.0685,11332863.413528,2.4646,-7763.49
510050,华夏上证50ETF,2024-04-18,4601406.68,22140.0,0.4835,11409187.863060001,2.4795000000000003,54896.130000000005
510050,华夏上证50ETF,2024-04-17,4579266.68,12510.0,0.2739,11328647.839652,2.4739,30948.489
510050,华夏上证50ETF,2024-04-16,4566756.68,-15030.0,-0.328,11170743.514948,2.4461,-36764.883
510050,华夏上证50ETF,2024-04-15,4581786.68,-13050.0,-0.284,11261573.480772,2.4579,-32075.595
510050,华夏上证50ETF,2024-04-12,4594836.68,-18720.0,-0.4058,11062069.3071,2.4075,-45068.4
510050,华夏上证50ETF,2024-04-11,4613556.68,1080.0,0.0234,11204483.753047999,2.4286,2622.888
510050,华夏上证50ETF,2024-04-10,4612476.68,-25650.0,-0.553,11211085.818408,2.4306,-62344.89
510050,华夏上证50ETF,2024-04-09,4638126.68,19980.0,0.4326,11310535.721848,2.4386,48723.228
510050,华夏上证50ETF,2024-04-08,4618146.68,-22770.0,-0.4906,11306608.516644001,2.4483000000000006,-55747.79100000001
510050,华夏上证50ETF,2024-04-03,4640916.68,-13950.0,-0.2997,11438931.432864,2.4648,-34383.96
510050,华夏上证50ETF,2024-04-02,4654866.68,18720.0,0.4038,11499848.13294,2.4705000000000004,46247.76000000001
510050,华夏上证50ETF,2024-04-01,4636146.68,44640.0,0.9722,11480953.638352001,2.4764000000000004,110546.49600000001
510050,华夏上证50ETF,2024-03-29,4591506.68,-23310.0,-0.5051,11246895.61266,2.4495,-57097.845
510050,华夏上证50ETF,2024-03-28,4614816.68,-29520.0,-0.6356,11244000.84082,2.4365,-71925.48000000001
510050,华夏上证50ETF,2024-03-27,4644336.68,-17370.0,-0.3726,11301993.31078,2.4335,-42269.895
510050,华夏上证50ETF,2024-03-26,4661706.68,46350.0,1.0043,11413722.635312,2.4484000000000004,113483.34000000001
510050,华夏上证50ETF,2024-03-25,4615356.68,-2700.0,-0.0585,11242085.801144,2.4358000000000004,-6576.660000000001
510050,华夏上证50ETF,2024-03-22,4618056.68,13770.0,0.2991,11258360.380172,2.4379,33569.883
510050,华夏上证50ETF,2024-03-21,4604286.68,2070.0,0.045,11336674.663496,2.4622,5096.754
510050,华夏上证50ETF,2024-03-20,4602216.68,23310.0,0.5091,11328816.579488,2.4616000000000002,57379.89600000001
510050,华夏上证50ETF,2024-03-19,4578906.68,-35010.0,-0.7588,11226563.398024,2.4518000000000004,-85837.51800000001
510050,华夏上证50ETF,2024-03-18,4613916.68,-15930.0,-0.3441,11412522.90798,2.4735000000000005,-39402.85500000001
510050,华夏上证50ETF,2024-03-15,4629846.68,-5760.0,-0.1243,11400997.4495,2.4625000000000004,-14184.000000000002
510050,华夏上证50ETF,2024-03-14,4635606.68,-4770.0,-0.1028,11399420.386788001,2.4591000000000003,-11729.907000000001
510050,华夏上证50ETF,2024-03-13,4640376.68,900.0,0.0194,11429247.762839999,2.463,2216.7000000000003
510050,华夏上证50ETF,2024-03-12,4639476.68,51120.0,1.1141,11534666.921816,2.4862,127094.54400000001
510050,华夏上证50ETF,2024-03-11,4588356.68,-17010.0,-0.3694,11373159.702716,2.4787000000000003,-42162.687000000005
510050,华夏上证50ETF,2024-03-08,4605366.68,22590.0,0.4929,11337031.156156,2.4617,55609.803
510050,华夏上证50ETF,2024-03-07,4582776.68,-5490.0,-0.1197,11285087.5745,2.4625000000000004,-13519.125000000002
510050,华夏上证50ETF,2024-03-06,4588266.68,28440.0,0.6237,11332559.872932,2.4699,70243.956
510050,华夏上证50ETF,2024-03-05,4559826.68,-13770.0,-0.3011,11318857.767764,2.4823000000000004,-34181.27100000001
510050,华夏上证50ETF,2024-03-04,4573596.68,-39240.0,-0.8507,11224520.972056,2.4542,-96302.808
510050,华夏上证50ETF,2024-03-01,4612836.68,13770.0,0.2994,11304217.568008,2.4506,33744.762
510050,华夏上证50ETF,2024-02-29,4599066.68,-1440.0,-0.0313,11262194.485984,2.4488,-3526.272
510050,华夏上证50ETF,2024-02-28,4600506.68,-25290.0,-0.5467,11138746.773616001,2.4212000000000002,-61232.14800000001
510050,华夏上证50ETF,2024-02-27,4625796.68,11160.0,0.2418,11290181.956875999,2.4406999999999996,27238.211999999996
510050,华夏上证50ETF,2024-02-26,4614636.68,-35010.0,-0.753,11209875.423055999,2.4292,-85046.29199999999
510050,华夏上证50ETF,2024-02-23,4649646.68,10170.0,0.2192,11483232.405596001,2.4697000000000005,25116.849000000006
510050,华夏上证50ETF,2024-02-22,4639476.68,8640.0,0.1866,11456723.713592,2.4694000000000003,21335.616
510050,华夏上证50ETF,2024-02-21,4630836.68,38340.0,0.8348,11328878.853952,2.4464,93794.97600000001
510050,华夏上证50ETF,2024-02-20,4592496.68,4770.0,0.104,11041739.767724,2.4043,11468.511
510050,华夏上证50ETF,2024-02-19,4587726.68,-12600.0,-0.2739,11041740.573424,2.4068,-30325.68
510050,华夏上证50ETF,2024-02-08,4600326.68,178110.0,4.0276,10986040.144508,2.3881,425344.49100000004
510050,华夏上证50ETF,2024-02-07,4422216.68,79110.0,1.8215,10522664.590060001,2.3795000000000006,188242.24500000005
510050,华夏上证50ETF,2024-02-06,4343106.68,-20970.0,-0.4805,10223238.814052,2.3539000000000003,-49361.28300000001
510050,华夏上证50ETF,2024-02-05,4364076.68,-16380.0,-0.3739,9991553.55886,2.2895000000000003,-37502.01
510050,华夏上证50ETF,2024-02-02,4380456.68,90630.0,2.1127,9912535.421172,2.2629,205086.627
510050,华夏上证50ETF,2024-02-01,4289826.68,97380.0,2.3227,9792816.345104,2.2828,222299.06399999998
510050,华夏上证50ETF,2024-01-31,4192446.68,75060.0,1.823,9596510.45052,2.2889999999999997,171812.33999999997
510050,华夏上证50ETF,2024-01-30,4117386.68,34560.0,0.8465,9495105.422748,2.3061,79698.81599999999
510050,华夏上证50ETF,2024-01-29,4082826.68,4770.0,0.117,9554222.713868,2.3400999999999996,11162.276999999998
510050,华夏上证50ETF,2024-01-26,4078056.68,113400.0,2.8603,9584248.809336,2.3501999999999996,266512.67999999993
510050,华夏上证50ETF,2024-01-25,3964656.68,14490.0,0.3668,9311789.144316,2.3487,34032.663
510050,华夏上证50ETF,2024-01-24,3950166.68,24660.0,0.6282,9068397.647276,2.2956999999999996,56611.96199999999
510050,华夏上证50ETF,2024-01-23,3925506.68,23490.0,0.602,8876355.704816,2.2612,53115.588
510050,华夏上证50ETF,2024-01-22,3902016.68,155610.0,4.1536,8839238.385203999,2.2652999999999994,352503.3329999999
510050,华夏上证50ETF,2024-01-19,3746406.68,172260.0,4.8196,8536562.261048,2.2786,392511.636
510050,华夏上证50ETF,2024-01-18,3574146.68,197640.0,5.8534,8124035.403639999,2.2729999999999997,449235.7199999999
510050,华夏上证50ETF,2024-01-17,3376506.68,9000.0,0.2673,7543791.224456,2.2342,20107.8
510050,华夏上证50ETF,2024-01-16,3367506.68,-33300.0,-0.9792,7693069.0104600005,2.2845,-76073.85
510050,华夏上证50ETF,2024-01-15,3400806.68,7650.0,0.2255,7733434.390319999,2.2739999999999996,17396.1
510050,华夏上证50ETF,2024-01-12,3393156.68,-8100.0,-0.2381,7712645.13364,2.2729999999999997,-18411.3
510050,华夏上证50ETF,2024-01-11,3401256.68,24390.0,0.7223,7741260.20368,2.276,55511.63999999999
510050,华夏上证50ETF,2024-01-10,3376866.68,-2790.0,-0.0826,7668864.230280001,2.271,-6336.09
510050,华夏上证50ETF,2024-01-09,3379656.68,12150.0,0.3608,7708996.887080001,2.281,27714.15
510050,华夏上证50ETF,2024-01-08,3367506.68,12510.0,0.3729,7677915.2304,2.28,28522.8
510050,华夏上证50ETF,2024-01-05,3354996.68,-15480.0,-0.4593,7733267.3474,2.305,-35681.4
510050,华夏上证50ETF,2024-01-04,3370476.68,-12150.0,-0.3592,7806023.99088,2.316,-28139.399999999998
510050,华夏上证50ETF,2024-01-03,3382626.68,6030.0,0.1786,7888285.417760001,2.332,14061.96
510050,华夏上证50ETF,2024-01-02,3376596.68,-20160.0,-0.5935,7864093.667719999,2.3289999999999997,-46952.63999999999
510050,华夏上证50ETF,2023-12-29,3396756.68,10530.0,0.311,8029932.7915199995,2.364,24892.92
510050,华夏上证50ETF,2023-12-28,3386226.68,25740.0,0.766,7977950.05808,2.356,60643.439999999995
510050,华夏上证50ETF,2023-12-27,3360486.68,17010.0,0.5088,7742561.3107199995,2.304,39191.03999999999
510050,华夏上证50ETF,2023-12-26,3343476.68,-4320.0,-0.129,7686652.88732,2.299,-9931.68
510050,华夏上证50ETF,2023-12-25,3347796.68,4860.0,0.1454,7733410.3308,2.3099999999999996,11226.599999999999
510050,华夏上证50ETF,2023-12-22,3342936.68,71640.0,2.19,7712154.920760001,2.3070000000000004,165273.48000000004
510050,华夏上证50ETF,2023-12-21,3271296.68,59040.0,1.838,7517439.77064,2.2979999999999996,135673.91999999998
510050,华夏上证50ETF,2023-12-20,3212256.68,5130.0,0.16,7304671.69032,2.274,11665.62
510050,华夏上证50ETF,2023-12-19,3207126.68,40860.0,1.2905,7337905.843839999,2.288,93487.68
510050,华夏上证50ETF,2023-12-18,3166266.68,25290.0,0.8052,7225420.56376,2.282,57711.78
510050,华夏上证50ETF,2023-12-15,3140976.68,-18090.0,-0.5726,7148862.92368,2.276,-41172.84
510050,华夏上证50ETF,2023-12-14,3159066.68,6030.0,0.1912,7205831.097080001,2.281,13754.43
510050,华夏上证50ETF,2023-12-13,3153036.68,17640.0,0.5626,7226760.070560001,2.2920000000000003,40430.880000000005
510050,华夏上证50ETF,2023-12-12,3135396.68,46890.0,1.5182,7327422.0411600005,2.337,109581.93000000001
510050,华夏上证50ETF,2023-12-11,3088506.68,69030.0,2.2862,7180778.031,2.325,160494.75
510050,华夏上证50ETF,2023-12-08,3019476.68,4590.0,0.1522,6990088.5142,2.315,10625.85
510050,华夏上证50ETF,2023-12-07,3014886.68,18990.0,0.6339,6958358.457439999,2.3079999999999994,43828.91999999999
510050,华夏上证50ETF,2023-12-06,2995896.68,-1800.0,-0.06,6941492.60756,2.317,-4170.6
510050,华夏上证50ETF,2023-12-05,2997696.68,-5670.0,-0.1888,6954656.2976,2.32,-13154.4
510050,华夏上证50ETF,2023-12-04,3003366.68,18450.0,0.6181,7111972.298239999,2.368,43689.6
510050,华夏上证50ETF,2023-12-01,2984916.68,81000.0,2.7893,7124996.1151600005,2.387,193347.0
510050,华夏上证50ETF,2023-11-30,2903916.68,20250.0,0.7022,6972303.94868,2.401,48620.24999999999
510050,华夏上证50ETF,2023-11-29,2883666.68,82980.0,2.9628,6900614.365239999,2.393,198571.13999999998
510050,华夏上证50ETF,2023-11-28,2800686.68,34380.0,1.2428,6738452.15208,2.406,82718.28
510050,华夏上证50ETF,2023-11-27,2766306.68,3150.0,0.114,6655733.87208,2.4059999999999997,7578.899999999999
510050,华夏上证50ETF,2023-11-24,2763156.68,-7020.0,-0.2534,6813944.372880001,2.466,-17311.32
510050,华夏上证50ETF,2023-11-23,2770176.68,4230.0,0.1529,6870038.1664,2.48,10490.4
510050,华夏上证50ETF,2023-11-22,2765946.68,1620.0,0.0586,6837420.19296,2.4719999999999995,4004.6399999999994
510050,华夏上证50ETF,2023-11-21,2764326.68,31860.0,1.166,6888702.086560001,2.492,79395.12
510050,华夏上证50ETF,2023-11-20,2732466.68,66420.0,2.4913,6776517.3664,2.4799999999999995,164721.59999999998
510050,华夏上证50ETF,2023-11-17,2666046.68,121050.0,4.7564,6593133.43964,2.473,299356.64999999997
510050,华夏上证50ETF,2023-11-16,2544996.68,-34470.0,-1.3363,6311591.7664,2.48,-85485.6
510050,华夏上证50ETF,2023-11-15,2579466.68,4230.0,0.1643,6456405.10004,2.5029999999999997,10587.689999999999
510050,华夏上证50ETF,2023-11-14,2575236.68,25470.0,0.9989,6391737.4397599995,2.4819999999999998,63216.53999999999
510050,华夏上证50ETF,2023-11-13,2549766.68,38250.0,1.523,6333620.433119999,2.4839999999999995,95012.99999999999
510050,华夏上证50ETF,2023-11-10,2511516.68,20880.0,0.8383,6253676.5332,2.49,51991.200000000004
510050,华夏上证50ETF,2023-11-09,2490636.68,38790.0,1.5821,6258969.976840001,2.513,97479.26999999999
510050,华夏上证50ETF,2023-11-08,2451846.68,22230.0,0.915,6163942.55352,2.514,55886.219999999994
510050,华夏上证50ETF,2023-11-07,2429616.68,25110.0,1.0443,6125063.650280001,2.521,63302.31
510050,华夏上证50ETF,2023-11-06,2404506.68,-7830.0,-0.3246,6095424.4338,2.5349999999999997,-19849.05
510050,华夏上证50ETF,2023-11-03,2412336.68,30150.0,1.2656,6064614.41352,2.514,75797.09999999999
510050,华夏上证50ETF,2023-11-02,2382186.68,-3690.0,-0.1547,5941173.579919999,2.4939999999999998,-9202.859999999999
510050,华夏上证50ETF,2023-11-01,2385876.68,-66240.0,-2.7013,5959919.94664,2.4979999999999998,-165467.52
510050,华夏上证50ETF,2023-10-31,2452116.68,11790.0,0.4831,6100866.29984,2.488,29333.52
510050,华夏上证50ETF,2023-10-30,2440326.68,-5040.0,-0.2061,6078853.759880001,2.491,-12554.640000000001
510050,华夏上证50ETF,2023-10-27,2445366.68,-10440.0,-0.4251,6093853.766559999,2.4919999999999995,-26016.479999999996
510050,华夏上证50ETF,2023-10-26,2455806.68,19800.0,0.8128,6065842.4996,2.4699999999999998,48905.99999999999
510050,华夏上证50ETF,2023-10-25,2436006.68,-41580.0,-1.6782,5999884.45284,2.463,-102411.54000000001
510050,华夏上证50ETF,2023-10-24,2477586.68,12780.0,0.5185,6072564.95268,2.451,31323.780000000002
510050,华夏上证50ETF,2023-10-23,2464806.68,-2430.0,-0.0985,6019057.91256,2.4419999999999997,-5934.0599999999995
510050,华夏上证50ETF,2023-10-20,2467236.68,-32760.0,-1.3104,6074336.70616,2.4619999999999997,-80655.12
510050,华夏上证50ETF,2023-10-19,2499996.68,-12420.0,-0.4943,6187491.783,2.4749999999999996,-30739.499999999996
510050,华夏上证50ETF,2023-10-18,2512416.68,360.0,0.0143,6389075.6172400005,2.543,915.48
510050,华夏上证50ETF,2023-10-17,2512056.68,-20700.0,-0.8173,6418304.8174,2.5549999999999997,-52888.49999999999
510050,华夏上证50ETF,2023-10-16,2532756.68,1170.0,0.0462,6443332.993919999,2.5439999999999996,2976.4799999999996
510050,华夏上证50ETF,2023-10-13,2531586.68,16020.0,0.6368,6496051.42088,2.566,41107.32
510050,华夏上证50ETF,2023-10-12,2515566.68,540.0,0.0215,6520348.834559999,2.5919999999999996,1399.6799999999998
510050,华夏上证50ETF,2023-10-11,2515026.68,8910.0,0.3555,6458588.51424,2.568,22880.88
510050,华夏上证50ETF,2023-10-10,2506116.68,33840.0,1.3688,6413152.58412,2.5589999999999997,86596.56
510050,华夏上证50ETF,2023-10-09,2472276.68,-16560.0,-0.6654,6371057.00436,2.5769999999999995,-42675.119999999995
510050,华夏上证50ETF,2023-09-28,2488836.68,26640.0,1.082,6433642.8178,2.585,68864.4
510050,华夏上证50ETF,2023-09-27,2462196.68,-12240.0,-0.4947,6399249.17132,2.5989999999999998,-31811.76
510050,华夏上证50ETF,2023-09-26,2474436.68,63180.0,2.6202,6413739.874559999,2.5919999999999996,163762.55999999997
510050,华夏上证50ETF,2023-09-25,2411256.68,7020.0,0.292,6288557.42144,2.6079999999999997,18308.159999999996
510050,华夏上证50ETF,2023-09-22,2404236.68,51300.0,2.1803,6323142.4684,2.63,134919.0
510050,华夏上证50ETF,2023-09-21,2352936.68,-2700.0,-0.1146,6056459.01432,2.574,-6949.799999999999
510050,华夏上证50ETF,2023-09-20,2355636.68,-450.0,-0.0191,6124655.368,2.5999999999999996,-1169.9999999999998
510050,华夏上证50ETF,2023-09-19,2356086.68,90.0,0.0038,6149386.2348,2.61,234.89999999999998
510050,华夏上证50ETF,2023-09-18,2355996.68,4140.0,0.176,6149151.3348,2.61,10805.4
510050,华夏上证50ETF,2023-09-15,2351856.68,-21240.0,-0.895,6098364.37124,2.593,-55075.32
510050,华夏上证50ETF,2023-09-14,2373096.68,-13680.0,-0.5732,6189036.14144,2.608,-35677.44
510050,华夏上证50ETF,2023-09-13,2386776.68,-27270.0,-1.1296,6210392.92136,2.602,-70956.54
510050,华夏上证50ETF,2023-09-12,2414046.68,720.0,0.0298,6298247.78812,2.6089999999999995,1878.4799999999996
510050,华夏上证50ETF,2023-09-11,2413326.68,-4320.0,-0.1787,6308435.94152,2.614,-11292.48
510050,华夏上证50ETF,2023-09-08,2417646.68,900.0,0.0372,6278628.42796,2.597,2337.3
510050,华夏上证50ETF,2023-09-07,2416746.68,2160.0,0.0895,6312542.32816,2.6119999999999997,5641.919999999999
510050,华夏上证50ETF,2023-09-06,2414586.68,8010.0,0.3328,6369679.66184,2.638,21130.38
510050,华夏上证50ETF,2023-09-05,2406576.68,8460.0,0.3528,6355769.01188,2.641,22342.86
510050,华夏上证50ETF,2023-09-04,2398116.68,-39150.0,-1.6063,6371796.018759999,2.6569999999999996,-104021.54999999999
510050,华夏上证50ETF,2023-09-01,2437266.68,-37530.0,-1.5165,6363703.30148,2.6109999999999998,-97990.82999999999
510050,华夏上证50ETF,2023-08-31,2474796.68,-17730.0,-0.7113,6404773.80784,2.5879999999999996,-45885.23999999999
510050,华夏上证50ETF,2023-08-30,2492526.68,-22770.0,-0.9053,6480569.368,2.5999999999999996,-59201.99999999999
510050,华夏上证50ETF,2023-08-29,2515296.68,24660.0,0.9901,6557378.444759999,2.6069999999999998,64288.619999999995
510050,华夏上证50ETF,2023-08-28,2490636.68,23490.0,0.9521,6465692.821280001,2.596,60980.04
510050,华夏上证50ETF,2023-08-25,2467146.68,8460.0,0.3441,6320829.79416,2.562,21674.519999999997
510050,华夏上证50ETF,2023-08-24,2458686.68,10530.0,0.4301,6281944.4674,2.555,26904.15
510050,华夏上证50ETF,2023-08-23,2448156.68,-21060.0,-0.8529,6206077.1838,2.5349999999999997,-53387.09999999999
510050,华夏上证50ETF,2023-08-22,2469216.68,90.0,0.0036,6340948.43424,2.568,231.12
510050,华夏上证50ETF,2023-08-21,2469126.68,10350.0,0.4209,6293803.907319999,2.5489999999999995,26382.149999999994
510050,华夏上证50ETF,2023-08-18,2458776.68,-9990.0,-0.4047,6348561.38776,2.582,-25794.18
510050,华夏上证50ETF,2023-08-17,2468766.68,20160.0,0.8233,6448418.56816,2.612,52657.920000000006
510050,华夏上证50ETF,2023-08-16,2448606.68,31500.0,1.3032,6381069.00808,2.606,82089.0
510050,华夏上证50ETF,2023-08-15,2417106.68,28980.0,1.2135,6337653.71496,2.6219999999999994,75985.55999999998
510050,华夏上证50ETF,2023-08-14,2388126.68,7290.0,0.3062,6268832.535,2.625,19136.25
510050,华夏上证50ETF,2023-08-11,2380836.68,-45450.0,-1.8732,6299693.855280001,2.646,-120260.7
510050,华夏上证50ETF,2023-08-10,2426286.68,14220.0,0.5895,6570384.3294400005,2.708,38507.76
510050,华夏上证50ETF,2023-08-09,2412066.68,65250.0,2.7804,6529464.50276,2.707,176631.75
510050,华夏上证50ETF,2023-08-08,2346816.68,52650.0,2.295,6359873.2028,2.71,142681.5
510050,华夏上证50ETF,2023-08-07,2294166.68,65610.0,2.9441,6224074.20284,2.713,177999.93
510050,华夏上证50ETF,2023-08-04,2228556.68,14310.0,0.6463,6079502.62304,2.7279999999999998,39037.67999999999
510050,华夏上证50ETF,2023-08-03,2214246.68,15570.0,0.7082,6031607.95632,2.7239999999999998,42412.67999999999
510050,华夏上证50ETF,2023-08-02,2198676.68,46440.0,2.1578,5934228.35932,2.699,125341.56
510050,华夏上证50ETF,2023-08-01,2152236.68,36810.0,1.7401,5864844.953,2.7249999999999996,100307.24999999999
510050,华夏上证50ETF,2023-07-31,2115426.68,39060.0,1.8812,5781461.11644,2.7329999999999997,106750.97999999998
510050,华夏上证50ETF,2023-07-28,2076366.68,53910.0,2.6656,5660175.569680001,2.7260000000000004,146958.66000000003
510300,华泰柏瑞沪深300ETF,2026-07-27,2464158.77,26100.0,1.0705,11725206.675291,4.7583,124191.63
510300,华泰柏瑞沪深300ETF,2026-07-24,2438058.77,35370.0,1.4721,11469847.483465,4.7044999999999995,166398.16499999998
510300,华泰柏瑞沪深300ETF,2026-07-23,2402688.77,-1800.0,-0.0749,11492300.655787,4.7831,-8609.58
510300,华泰柏瑞沪深300ETF,2026-07-22,2404488.77,-31230.0,-1.2822,11474220.41044,4.772,-149029.56
510300,华泰柏瑞沪深300ETF,2026-07-21,2435718.77,-6480.0,-0.2653,11674887.208364,4.793200000000001,-31059.936000000005
510300,华泰柏瑞沪深300ETF,2026-07-20,2442198.77,270540.0,12.4578,11359154.919024,4.6512,1258335.648
510300,华泰柏瑞沪深300ETF,2026-07-17,2171658.77,201510.0,10.2282,9952060.645279,4.5827,923459.877
510300,华泰柏瑞沪深300ETF,2026-07-16,1970148.77,130590.0,7.099,9355251.434345,4.7485,620106.615
510300,华泰柏瑞沪深300ETF,2026-07-15,1839558.77,-8640.0,-0.4675,8891691.270672001,4.833600000000001,-41762.304000000004
510300,华泰柏瑞沪深300ETF,2026-07-14,1848198.77,16110.0,0.8793,8950641.823233001,4.8429,78019.119
510300,华泰柏瑞沪深300ETF,2026-07-13,1832088.77,116370.0,6.7826,8688314.573971001,4.742300000000001,551861.4510000001
510300,华泰柏瑞沪深300ETF,2026-07-10,1715718.77,-5760.0,-0.3346,8281774.502789999,4.827,-27803.52
510300,华泰柏瑞沪深300ETF,2026-07-09,1721478.77,1170.0,0.068,8462789.63332,4.916,5751.72
510300,华泰柏瑞沪深300ETF,2026-07-08,1720308.77,10890.0,0.6371,8248880.55215,4.795,52217.549999999996
510300,华泰柏瑞沪深300ETF,2026-07-07,1709418.77,27270.0,1.6211,8258373.019747,4.8311,131744.097
510300,华泰柏瑞沪深300ETF,2026-07-06,1682148.77,-24840.0,-1.4552,8211072.7910009995,4.8812999999999995,-121251.49199999998
510300,华泰柏瑞沪深300ETF,2026-07-03,1706988.77,-146250.0,-7.8916,8332494.981878,4.8814,-713904.75
510300,华泰柏瑞沪深300ETF,2026-07-02,1853238.77,13680.0,0.7437,8988208.0345,4.85,66348.0
510300,华泰柏瑞沪深300ETF,2026-07-01,1839558.77,-51930.0,-2.7455,9188963.967904,4.9952,-259400.73599999998
510300,华泰柏瑞沪深300ETF,2026-06-30,1891488.77,-102150.0,-5.1238,9487140.223689,5.0157,-512353.755
510300,华泰柏瑞沪深300ETF,2026-06-29,1993638.77,-86400.0,-4.1538,9892036.848986,4.9618,-428699.52
510300,华泰柏瑞沪深300ETF,2026-06-26,2080038.77,5580.0,0.269,10194686.019524,4.9012,27348.696
510300,华泰柏瑞沪深300ETF,2026-06-25,2074458.77,-214200.0,-9.3592,10470208.303944001,5.0472,-1081110.24
510300,华泰柏瑞沪深300ETF,2026-06-24,2288658.77,-179010.0,-7.2542,11376236.148039,4.9707,-889805.007
510300,华泰柏瑞沪深300ETF,2026-06-23,2467668.77,-170820.0,-6.4742,12207557.40519,4.947,-845046.54
510300,华泰柏瑞沪深300ETF,2026-06-22,2638488.77,-14220.0,-0.5361,13424103.164006,5.0878000000000005,-72348.516
510300,华泰柏瑞沪深300ETF,2026-06-18,2652708.77,-55530.0,-2.0504,13183166.774269,4.9697,-275967.441
510300,华泰柏瑞沪深300ETF,2026-06-17,2708238.77,-88830.0,-3.1758,13427989.469414,4.9582,-440436.90599999996
510300,华泰柏瑞沪深300ETF,2026-06-16,2797068.77,-41220.0,-1.4523,13739761.211994,4.9121999999999995,-202480.884
510300,华泰柏瑞沪深300ETF,2026-06-15,2838288.77,-24120.0,-0.8426,13966367.550539002,4.920700000000001,-118687.28400000003
510300,华泰柏瑞沪深300ETF,2026-06-12,2862408.77,-10620.0,-0.3696,13761602.643529002,4.8077000000000005,-51057.774000000005
510300,华泰柏瑞沪深300ETF,2026-06-11,2873028.77,21600.0,0.7575,13656367.652441,4.7533,102671.28000000001
510300,华泰柏瑞沪深300ETF,2026-06-10,2851428.77,18270.0,0.6449,13626692.948952999,4.778899999999999,87310.50299999998
510300,华泰柏瑞沪深300ETF,2026-06-09,2833158.77,-15030.0,-0.5277,13675374.066913001,4.8269,-72548.307
510300,华泰柏瑞沪深300ETF,2026-06-08,2848188.77,57690.0,2.0674,13497281.762153,4.7389,273387.141
510300,华泰柏瑞沪深300ETF,2026-06-05,2790498.77,4500.0,0.1615,13512153.144094,4.8422,21789.9
510300,华泰柏瑞沪深300ETF,2026-06-04,2785998.77,-18720.0,-0.6674,13730516.338068,4.9284,-92259.648
510300,华泰柏瑞沪深300ETF,2026-06-03,2804718.77,-19440.0,-0.6883,13917295.008617,4.9621,-96463.224
510300,华泰柏瑞沪深300ETF,2026-06-02,2824158.77,4230.0,0.15,13944848.758629002,4.9377,20886.471
510300,华泰柏瑞沪深300ETF,2026-06-01,2819928.77,24300.0,0.8692,13725157.309344001,4.8672,118272.96
510300,华泰柏瑞沪深300ETF,2026-05-29,2795628.77,-1260.0,-0.0451,13739676.715919001,4.914700000000001,-6192.522000000001
510300,华泰柏瑞沪深300ETF,2026-05-28,2796888.77,7200.0,0.2581,13804883.590966001,4.9358,35537.76
510300,华泰柏瑞沪深300ETF,2026-05-27,2789688.77,-13140.0,-0.4688,13751491.822838001,4.9294,-64772.316000000006
510300,华泰柏瑞沪深300ETF,2026-05-26,2802828.77,-43020.0,-1.5117,13922771.632098,4.9674000000000005,-213697.548
510300,华泰柏瑞沪深300ETF,2026-05-25,2845848.77,-133740.0,-4.4885,14059631.263307998,4.9403999999999995,-660729.0959999999
510300,华泰柏瑞沪深300ETF,2026-05-22,2979588.77,-69840.0,-2.2903,14492719.77728,4.864,-339701.76
510300,华泰柏瑞沪深300ETF,2026-05-21,3049428.77,-53280.0,-1.7172,14645491.553679,4.8027,-255887.856
510300,华泰柏瑞沪深300ETF,2026-05-20,3102708.77,-63540.0,-2.0068,15108019.813760998,4.869299999999999,-309395.3219999999
510300,华泰柏瑞沪深300ETF,2026-05-19,3166248.77,-52020.0,-1.6164,15421847.884039002,4.8707,-253373.814
510300,华泰柏瑞沪深300ETF,2026-05-18,3218268.77,1980.0,0.0616,15612787.283901,4.8513,9605.574
510300,华泰柏瑞沪深300ETF,2026-05-15,3216288.77,7110.0,0.2216,15687126.846798,4.877400000000001,34678.314000000006
510300,华泰柏瑞沪深300ETF,2026-05-14,3209178.77,-63540.0,-1.9415,15832483.461795,4.9335,-313474.59
510300,华泰柏瑞沪深300ETF,2026-05-13,3272718.77,-64440.0,-1.931,16418902.797213001,5.016900000000001,-323289.036
510300,华泰柏瑞沪深300ETF,2026-05-12,3337158.77,-57420.0,-1.6915,16567658.429542001,4.964600000000001,-285067.33200000005
510300,华泰柏瑞沪深300ETF,2026-05-11,3394578.77,-132390.0,-3.7536,16865964.618745003,4.968500000000001,-657779.7150000001
510300,华泰柏瑞沪深300ETF,2026-05-08,3526968.77,-88650.0,-2.4519,17240528.741514,4.8882,-433338.93000000005
510300,华泰柏瑞沪深300ETF,2026-05-07,3615618.77,-177660.0,-4.6835,17777635.930213,4.9169,-873536.454
510300,华泰柏瑞沪深300ETF,2026-05-06,3793278.77,-27180.0,-0.7114,18562030.333118,4.8934,-133002.612
510300,华泰柏瑞沪深300ETF,2026-04-30,3820458.77,-116730.0,-2.9648,18426454.693586998,4.823099999999999,-563000.4629999999
510300,华泰柏瑞沪深300ETF,2026-04-29,3937188.77,-48870.0,-1.226,18999691.847389,4.8257,-235831.959
510300,华泰柏瑞沪深300ETF,2026-04-28,3986058.77,-50220.0,-1.2442,19023864.085702,4.7726,-239679.97199999998
510300,华泰柏瑞沪深300ETF,2026-04-27,4036278.77,-55980.0,-1.3679,19315208.425958,4.7854,-267886.692
510300,华泰柏瑞沪深300ETF,2026-04-24,4092258.77,-19620.0,-0.4772,19578184.407433998,4.784199999999999,-93866.00399999999
510300,华泰柏瑞沪深300ETF,2026-04-23,4111878.77,-69750.0,-1.668,19739074.035385,4.8005,-334834.87500000006
510300,华泰柏瑞沪深300ETF,2026-04-22,4181628.77,-62550.0,-1.4738,20129942.735903,4.813899999999999,-301109.44499999995
510300,华泰柏瑞沪深300ETF,2026-04-21,4244178.77,-37890.0,-0.8849,20282505.923953,4.778900000000001,-181072.52100000004
510300,华泰柏瑞沪深300ETF,2026-04-20,4282068.77,-43830.0,-1.0132,20417332.102237,4.7681000000000004,-208985.82300000003
510300,华泰柏瑞沪深300ETF,2026-04-17,4325898.77,-42570.0,-0.9745,20501732.040661,4.7393,-201752.001
510300,华泰柏瑞沪深300ETF,2026-04-16,4368468.77,-23580.0,-0.5369,20737994.944944,4.747200000000001,-111938.97600000002
510300,华泰柏瑞沪深300ETF,2026-04-15,4392048.77,11430.0,0.2609,20623743.409289002,4.695700000000001,53671.85100000002
510300,华泰柏瑞沪深300ETF,2026-04-14,4380618.77,-5220.0,-0.119,20637533.087347,4.711100000000001,-24591.942000000006
510300,华泰柏瑞沪深300ETF,2026-04-13,4385838.77,-21870.0,-0.4962,20420465.31312,4.656000000000001,-101826.72000000002
510300,华泰柏瑞沪深300ETF,2026-04-10,4407708.77,-68670.0,-1.5341,20480859.570682,4.6466,-319082.022
510300,华泰柏瑞沪深300ETF,2026-04-09,4476378.77,-40140.0,-0.8887,20483013.975766,4.5758,-183672.612
510300,华泰柏瑞沪深300ETF,2026-04-08,4516518.77,11250.0,0.2497,20800375.543357998,4.6054,51810.75000000001
510300,华泰柏瑞沪深300ETF,2026-04-07,4505268.77,18360.0,0.4092,20047544.972746,4.449800000000001,81698.32800000001
510300,华泰柏瑞沪深300ETF,2026-04-03,4486908.77,15030.0,0.3361,19966295.335623,4.4499,66881.997
510300,华泰柏瑞沪深300ETF,2026-04-02,4471878.77,-9360.0,-0.2089,20068450.356129,4.487700000000001,-42004.87200000001
510300,华泰柏瑞沪深300ETF,2026-04-01,4481238.77,-1620.0,-0.0361,20324658.441335,4.535500000000001,-7347.510000000001
510300,华泰柏瑞沪深300ETF,2026-03-31,4482858.77,-8460.0,-0.1884,19991308.684815,4.4595,-37727.37
510300,华泰柏瑞沪深300ETF,2026-03-30,4491318.77,-24750.0,-0.548,20216324.047523998,4.5012,-111404.7
510300,华泰柏瑞沪深300ETF,2026-03-27,4516068.77,900.0,0.0199,20376953.897117,4.5121,4060.8900000000003
510300,华泰柏瑞沪深300ETF,2026-03-26,4515168.77,-8010.0,-0.1771,20259110.754113,4.4869,-35940.069
510300,华泰柏瑞沪深300ETF,2026-03-25,4523178.77,-43920.0,-0.9617,20565989.231436,4.5468,-199695.456
510300,华泰柏瑞沪深300ETF,2026-03-24,4567098.77,-7830.0,-0.1712,20477500.755048998,4.4837,-35107.371
510300,华泰柏瑞沪深300ETF,2026-03-23,4574928.77,83070.0,1.8493,20253209.66479,4.4270000000000005,367750.89
510300,华泰柏瑞沪深300ETF,2026-03-20,4491858.77,9630.0,0.2148,20558788.404413,4.5769,44075.547
510300,华泰柏瑞沪深300ETF,2026-03-19,4482228.77,24660.0,0.5532,20585980.294856,4.5928,113258.448
510300,华泰柏瑞沪深300ETF,2026-03-18,4457568.77,24300.0,0.5481,20807485.261483,4.6679,113429.97000000002
510300,华泰柏瑞沪深300ETF,2026-03-17,4433268.77,23490.0,0.5327,20603616.608575,4.647500000000001,109169.77500000002
510300,华泰柏瑞沪深300ETF,2026-03-16,4409778.77,11250.0,0.2558,20643497.356001,4.6813,52664.625
510300,华泰柏瑞沪深300ETF,2026-03-13,4398528.77,-2250.0,-0.0511,20580276.261953,4.6789000000000005,-10527.525000000001
510300,华泰柏瑞沪深300ETF,2026-03-12,4400778.77,-8640.0,-0.1959,20670457.882689998,4.697,-40582.08
510300,华泰柏瑞沪深300ETF,2026-03-11,4409418.77,-42840.0,-0.9622,20786881.965533998,4.7142,-201956.328
510300,华泰柏瑞沪深300ETF,2026-03-10,4452258.77,-9900.0,-0.2219,20857496.659819,4.6847,-46378.530000000006
510300,华泰柏瑞沪深300ETF,2026-03-09,4462158.77,1530.0,0.0343,20638822.958881,4.6253,7076.709000000001
510300,华泰柏瑞沪深300ETF,2026-03-06,4460628.77,-630.0,-0.0141,20832920.607408,4.6704,-2942.352
510300,华泰柏瑞沪深300ETF,2026-03-05,4461258.77,-34830.0,-0.7747,20776974.343644,4.6572000000000005,-162210.276
510300,华泰柏瑞沪深300ETF,2026-03-04,4496088.77,38700.0,0.8682,20737759.842748,4.612400000000001,178499.88000000003
510300,华泰柏瑞沪深300ETF,2026-03-03,4457388.77,-19170.0,-0.4282,20797730.261942998,4.6659,-89445.303
510300,华泰柏瑞沪深300ETF,2026-03-02,4476558.77,-84690.0,-1.8567,21213069.043399,4.738700000000001,-401320.503
510300,华泰柏瑞沪深300ETF,2026-02-27,4561248.77,1620.0,0.0355,21534111.568047002,4.721100000000001,7648.182000000002
510300,华泰柏瑞沪深300ETF,2026-02-26,4559628.77,-38340.0,-0.8338,21598961.483489998,4.737,-181616.58000000002
510300,华泰柏瑞沪深300ETF,2026-02-25,4597968.77,7200.0,0.1568,21823339.173051,4.746300000000001,34173.36000000001
510300,华泰柏瑞沪深300ETF,2026-02-24,4590768.77,-21600.0,-0.4683,21657869.826229002,4.717700000000001,-101902.32000000002
510300,华泰柏瑞沪深300ETF,2026-02-13,4612368.77,-81720.0,-1.7409,21543452.050916,4.670800000000001,-381697.77600000007
510300,华泰柏瑞沪深300ETF,2026-02-12,4694088.77,-8460.0,-0.1799,22204917.517607998,4.7304,-40019.184
510300,华泰柏瑞沪深300ETF,2026-02-11,4702548.77,-10350.0,-0.2196,22214840.38948,4.724,-48893.4
510300,华泰柏瑞沪深300ETF,2026-02-10,4712898.77,-32940.0,-0.6941,22312747.936688002,4.734400000000001,-155951.13600000003
510300,华泰柏瑞沪深300ETF,2026-02-09,4745838.77,-270.0,-0.0057,22443546.127207,4.729100000000001,-1276.8570000000002
510300,华泰柏瑞沪深300ETF,2026-02-06,4746108.77,23310.0,0.4936,22085542.550318,4.6534,108470.75400000002
510300,华泰柏瑞沪深300ETF,2026-02-05,4722798.77,24030.0,0.5114,22093724.925937,4.678100000000001,112414.74300000002
510300,华泰柏瑞沪深300ETF,2026-02-04,4698768.77,-55620.0,-1.1699,22111466.077866,4.7058,-261736.596
510300,华泰柏瑞沪深300ETF,2026-02-03,4754388.77,3690.0,0.0777,22190634.145098,4.667400000000001,17222.706000000002
510300,华泰柏瑞沪深300ETF,2026-02-02,4750698.77,-118080.0,-2.4252,21916398.635641,4.613300000000001,-544738.464
510300,华泰柏瑞沪深300ETF,2026-01-30,4868778.77,-57240.0,-1.162,22951909.999657,4.714100000000001,-269835.0840000001
510300,华泰柏瑞沪深300ETF,2026-01-29,4926018.77,-224460.0,-4.358,23455730.975232,4.7616000000000005,-1068788.736
510300,华泰柏瑞沪深300ETF,2026-01-28,5150478.77,-602820.0,-10.4778,24339102.475511998,4.7256,-2848686.192
510300,华泰柏瑞沪深300ETF,2026-01-27,5753298.77,-298440.0,-4.9315,27118749.082272,4.7136000000000005,-1406726.7840000002
510300,华泰柏瑞沪深300ETF,2026-01-26,6051738.77,-389790.0,-6.0512,28534553.474427003,4.7151000000000005,-1837898.8290000001
510300,华泰柏瑞沪深300ETF,2026-01-23,6441528.77,-411930.0,-6.0105,30345397.882593,4.7109,-1940561.0369999998
510300,华泰柏瑞沪深300ETF,2026-01-22,6853458.77,-344340.0,-4.784,32420972.057361998,4.7306,-1628934.804
510300,华泰柏瑞沪深300ETF,2026-01-21,7197798.77,-355590.0,-4.7077,34047027.741854,4.7302,-1682011.818
510300,华泰柏瑞沪深300ETF,2026-01-20,7553388.77,-232920.0,-2.9914,35695049.310389005,4.725700000000001,-1100710.0440000002
510300,华泰柏瑞沪深300ETF,2026-01-19,7786308.77,-189720.0,-2.3786,36921118.925586,4.7418000000000005,-899614.2960000001
510300,华泰柏瑞沪深300ETF,2026-01-16,7976028.77,-434070.0,-5.1613,38781844.688371,4.8623,-2110578.561
510300,华泰柏瑞沪深300ETF,2026-01-15,8410098.77,-414180.0,-4.6936,41037917.958092,4.8796,-2021032.728
510300,华泰柏瑞沪深300ETF,2026-01-14,8824278.77,-57690.0,-0.6495,42973355.182022996,4.8698999999999995,-280944.53099999996
510300,华泰柏瑞沪深300ETF,2026-01-13,8881968.77,-33480.0,-0.3755,43421280.725898996,4.8887,-163673.676
510300,华泰柏瑞沪深300ETF,2026-01-12,8915448.77,-35460.0,-0.3962,43847960.140614,4.918200000000001,-174399.37200000003
510300,华泰柏瑞沪深300ETF,2026-01-09,8950908.77,36630.0,0.4109,43735035.341097,4.8861,178977.843
510300,华泰柏瑞沪深300ETF,2026-01-08,8914278.77,11340.0,0.1274,43359051.93728,4.864,55157.76
510300,华泰柏瑞沪深300ETF,2026-01-07,8902938.77,-31500.0,-0.3526,43660011.72808,4.904,-154476.0
510300,华泰柏瑞沪深300ETF,2026-01-06,8934438.77,28620.0,0.3214,43944037.090245,4.918500000000001,140767.47000000003
510300,华泰柏瑞沪深300ETF,2026-01-05,8905818.77,22860.0,0.2573,43137114.376249,4.8437,110726.982
510300,华泰柏瑞沪深300ETF,2025-12-31,8882958.77,-19890.0,-0.2234,42226032.809071995,4.7536,-94549.10399999999
510300,华泰柏瑞沪深300ETF,2025-12-30,8902848.77,630.0,0.0071,42515554.301134996,4.7755,3008.565
510300,华泰柏瑞沪深300ETF,2025-12-29,8902218.77,-29070.0,-0.3255,42403048.445264004,4.7632,-138466.22400000002
510300,华泰柏瑞沪深300ETF,2025-12-26,8931288.77,16110.0,0.1807,42706743.511509,4.781700000000001,77033.187
510300,华泰柏瑞沪深300ETF,2025-12-25,8915178.77,1080.0,0.0121,42495091.125082,4.7666,5147.928000000001
510300,华泰柏瑞沪深300ETF,2025-12-24,8914098.77,10080.0,0.1132,42404367.84889,4.757000000000001,47950.560000000005
510300,华泰柏瑞沪深300ETF,2025-12-23,8904018.77,-50220.0,-0.5609,42233541.829864,4.743200000000001,-238203.50400000004
510300,华泰柏瑞沪深300ETF,2025-12-22,8954238.77,-49230.0,-0.5468,42387575.489426,4.7338000000000005,-233044.97400000002
510300,华泰柏瑞沪深300ETF,2025-12-19,9003468.77,-21420.0,-0.2373,42222667.143791996,4.6895999999999995,-100451.23199999999
510300,华泰柏瑞沪深300ETF,2025-12-18,9024888.77,8820.0,0.0978,42156157.933547,4.6711,41199.102
510300,华泰柏瑞沪深300ETF,2025-12-17,9016068.77,43830.0,0.4885,42354786.260828994,4.697699999999999,205900.19099999996
510300,华泰柏瑞沪深300ETF,2025-12-16,8972238.77,-5760.0,-0.0642,41386245.774379,4.6127,-26569.152000000002
510300,华泰柏瑞沪深300ETF,2025-12-15,8977998.77,-22860.0,-0.254,41913787.257745,4.6685,-106721.91
510300,华泰柏瑞沪深300ETF,2025-12-12,9000858.77,50760.0,0.5671,42267132.698042996,4.6959,238363.884
510300,华泰柏瑞沪深300ETF,2025-12-11,8950098.77,-20070.0,-0.2237,41755790.801558,4.665400000000001,-93634.57800000002
510300,华泰柏瑞沪深300ETF,2025-12-10,8970168.77,-20610.0,-0.2292,42210923.180989005,4.705700000000001,-96984.47700000003
510300,华泰柏瑞沪深300ETF,2025-12-09,8990778.77,-32940.0,-0.365,42366347.719994,4.7122,-155219.86800000002
510300,华泰柏瑞沪深300ETF,2025-12-08,9023718.77,19440.0,0.2159,42735429.722843,4.7359,92065.896
510300,华泰柏瑞沪深300ETF,2025-12-05,9004278.77,13590.0,0.1512,42296699.094197996,4.6974,63837.666
510300,华泰柏瑞沪深300ETF,2025-12-04,8990688.77,8910.0,0.0992,41882224.566168,4.6584,41506.344000000005
510300,华泰柏瑞沪深300ETF,2025-12-03,8981778.77,5670.0,0.0632,41697907.939725,4.6425,26322.975000000002
510300,华泰柏瑞沪深300ETF,2025-12-02,8976108.77,-5850.0,-0.0651,41885216.353451,4.6663,-27297.855
510300,华泰柏瑞沪深300ETF,2025-12-01,8981958.77,-30330.0,-0.3365,42116404.672529995,4.689,-142217.37
510300,华泰柏瑞沪深300ETF,2025-11-28,9012288.77,-5940.0,-0.0659,41800797.773014,4.6382,-27550.908000000003
510300,华泰柏瑞沪深300ETF,2025-11-27,9018228.77,-8730.0,-0.0967,41723737.227282,4.626600000000001,-40390.21800000001
510300,华泰柏瑞沪深300ETF,2025-11-26,9026958.77,-54090.0,-0.5956,41783986.754576,4.6288,-250371.79200000002
510300,华泰柏瑞沪深300ETF,2025-11-25,9081048.77,-21870.0,-0.2403,41780997.285893,4.6009,-100621.683
510300,华泰柏瑞沪深300ETF,2025-11-24,9102918.77,80370.0,0.8908,41487462.586152,4.557600000000001,366294.31200000003
510300,华泰柏瑞沪深300ETF,2025-11-21,9022548.77,84240.0,0.9425,41170792.292387,4.5631,384395.54400000005
510300,华泰柏瑞沪深300ETF,2025-11-20,8938308.77,-8640.0,-0.0966,41802682.455536,4.6768,-40407.552
510300,华泰柏瑞沪深300ETF,2025-11-19,8946948.77,-25650.0,-0.2859,42050659.219,4.7,-120555.0
510300,华泰柏瑞沪深300ETF,2025-11-18,8972598.77,11520.0,0.1286,41987275.944215,4.6795,53907.84
510300,华泰柏瑞沪深300ETF,2025-11-17,8961078.77,35190.0,0.3942,42198616.035807,4.7091,165713.22900000002
510300,华泰柏瑞沪深300ETF,2025-11-14,8925888.77,12150.0,0.1363,42310497.947554,4.740200000000001,57593.43000000001
510300,华泰柏瑞沪深300ETF,2025-11-13,8913738.77,-8460.0,-0.0948,42925000.420811996,4.8156,-40739.976
510300,华泰柏瑞沪深300ETF,2025-11-12,8922198.77,1620.0,0.0182,42454498.407290995,4.758299999999999,7708.445999999999
510300,华泰柏瑞沪深300ETF,2025-11-11,8920578.77,360.0,0.004,42501205.491788,4.7644,1715.184
510300,华泰柏瑞沪深300ETF,2025-11-10,8920218.77,90.0,0.001,42890195.889914,4.8082,432.738
510300,华泰柏瑞沪深300ETF,2025-11-07,8920128.77,-16470.0,-0.1843,42738120.962824,4.791200000000001,-78911.06400000001
510300,华泰柏瑞沪深300ETF,2025-11-06,8936598.77,-18990.0,-0.212,42950187.348496996,4.8061,-91267.83899999999
510300,华泰柏瑞沪深300ETF,2025-11-05,8955588.77,-15120.0,-0.1685,42433370.710014,4.7382,-71641.584
510300,华泰柏瑞沪深300ETF,2025-11-04,8970708.77,-66150.0,-0.732,42424275.915084004,4.7292000000000005,-312836.58
510300,华泰柏瑞沪深300ETF,2025-11-03,9036858.77,-13860.0,-0.1531,43059728.353172995,4.7649,-66041.514
510300,华泰柏瑞沪深300ETF,2025-10-31,9050718.77,106290.0,1.1883,43008110.523163,4.7519,505079.451
510300,华泰柏瑞沪深300ETF,2025-10-30,8944428.77,-14310.0,-0.1597,43135402.186202005,4.8226,-69011.406
510300,华泰柏瑞沪深300ETF,2025-10-29,8958738.77,12330.0,0.1378,43552012.656478,4.861400000000001,59941.062000000005
510300,华泰柏瑞沪深300ETF,2025-10-28,8946408.77,30870.0,0.3462,42981231.653711,4.8043000000000005,148308.741
510300,华泰柏瑞沪深300ETF,2025-10-27,8915538.77,-12060.0,-0.1351,43044221.181559995,4.827999999999999,-58225.67999999999
510300,华泰柏瑞沪深300ETF,2025-10-24,8927598.77,-16470.0,-0.1841,42597144.771178,4.7714,-78584.958
510300,华泰柏瑞沪深300ETF,2025-10-23,8944068.77,-19080.0,-0.2129,42144452.044240005,4.712000000000001,-89904.96
510300,华泰柏瑞沪深300ETF,2025-10-22,8963148.77,-16200.0,-0.1804,42109769.236337,4.6981,-76109.22
510300,华泰柏瑞沪深300ETF,2025-10-21,8979348.77,-16110.0,-0.1791,42324160.427395,4.713500000000001,-75934.48500000002
510300,华泰柏瑞沪深300ETF,2025-10-20,8995458.77,20700.0,0.2306,41758718.702094,4.642200000000001,96093.54000000002
510300,华泰柏瑞沪深300ETF,2025-10-17,8974758.77,4230.0,0.0472,41439153.668721005,4.617300000000001,19531.179000000004
510300,华泰柏瑞沪深300ETF,2025-10-16,8970528.77,-26910.0,-0.2991,42366013.274956,4.7228,-127090.54800000001
510300,华泰柏瑞沪深300ETF,2025-10-15,8997438.77,27360.0,0.305,42370738.655684,4.7092,128843.712
510300,华泰柏瑞沪深300ETF,2025-10-14,8970078.77,-48780.0,-0.5409,41617577.461292,4.6396,-226319.688
510300,华泰柏瑞沪深300ETF,2025-10-13,9018858.77,-10620.0,-0.1176,42351658.898043,4.6959,-49870.458
510300,华泰柏瑞沪深300ETF,2025-10-10,9029478.77,33390.0,0.3712,42611013.263507,4.7191,157570.749
510300,华泰柏瑞沪深300ETF,2025-10-09,8996088.77,24480.0,0.2729,43303572.903271995,4.8136,117836.928
510300,华泰柏瑞沪深300ETF,2025-09-30,8971608.77,5850.0,0.0652,42557723.361371994,4.7436,27750.059999999998
510300,华泰柏瑞沪深300ETF,2025-09-29,8965758.77,5940.0,0.0663,42333623.184309006,4.721700000000001,28046.89800000001
510300,华泰柏瑞沪深300ETF,2025-09-26,8959818.77,14940.0,0.167,41665845.226131,4.6503000000000005,69475.482
510300,华泰柏瑞沪深300ETF,2025-09-25,8944878.77,-12960.0,-0.1447,41989049.922134005,4.6942,-60836.832
510300,华泰柏瑞沪深300ETF,2025-09-24,8957838.77,-8460.0,-0.0944,41794588.349189,4.6657,-39471.822
510300,华泰柏瑞沪深300ETF,2025-09-23,8966298.77,-28890.0,-0.3212,41404574.460106,4.6178,-133408.242
510300,华泰柏瑞沪深300ETF,2025-09-22,8995188.77,-12960.0,-0.1439,41566767.30617,4.621,-59888.16
510300,华泰柏瑞沪深300ETF,2025-09-19,9008148.77,-2520.0,-0.028,41437484.342,4.6000000000000005,-11592.000000000002
510300,华泰柏瑞沪深300ETF,2025-09-18,9010668.77,-17910.0,-0.1984,41413934.733797,4.5961,-82316.151
510300,华泰柏瑞沪深300ETF,2025-09-17,9028578.77,7200.0,0.0798,41983794.138377,4.650100000000001,33480.72000000001
510300,华泰柏瑞沪深300ETF,2025-09-16,9021378.77,-2430.0,-0.0269,41689595.571924,4.6212,-11229.516
510300,华泰柏瑞沪深300ETF,2025-09-15,9023808.77,-19530.0,-0.216,41781136.985977,4.6301000000000005,-90425.85300000002
510300,华泰柏瑞沪深300ETF,2025-09-12,9043338.77,32130.0,0.3566,41772086.112507,4.6191,148411.68300000002
510300,华泰柏瑞沪深300ETF,2025-09-11,9011208.77,13590.0,0.151,41857965.857527,4.6451,63126.909
510300,华泰柏瑞沪深300ETF,2025-09-10,8997618.77,-25200.0,-0.2793,40849189.2158,4.54,-114408.0
510300,华泰柏瑞沪深300ETF,2025-09-09,9022818.77,-24390.0,-0.2696,40876978.155608,4.5304,-110496.456
510300,华泰柏瑞沪深300ETF,2025-09-08,9047208.77,-50400.0,-0.554,41276080.571371004,4.5623000000000005,-229939.92
510300,华泰柏瑞沪深300ETF,2025-09-05,9097608.77,19800.0,0.2181,41438698.186473,4.5549,90187.02
510300,华泰柏瑞沪深300ETF,2025-09-04,9077808.77,38430.0,0.4251,40462517.030521005,4.457300000000001,171294.03900000005
510300,华泰柏瑞沪深300ETF,2025-09-03,9039378.77,-24840.0,-0.274,41163523.042826004,4.553800000000001,-113116.39200000002
510300,华泰柏瑞沪深300ETF,2025-09-02,9064218.77,-24300.0,-0.2674,41562162.326081,4.5853,-111422.79000000001
510300,华泰柏瑞沪深300ETF,2025-09-01,9088518.77,-51300.0,-0.5613,41983503.606138,4.6194,-236975.21999999997
510300,华泰柏瑞沪深300ETF,2025-08-29,9139818.77,-3600.0,-0.0394,41968219.828085996,4.5918,-16530.48
510300,华泰柏瑞沪深300ETF,2025-08-28,9143418.77,-13050.0,-0.1425,41661073.283628,4.5564,-59461.02
510300,华泰柏瑞沪深300ETF,2025-08-27,9156468.77,-24570.0,-0.2676,40997173.270798,4.4774,-110009.71800000001
510300,华泰柏瑞沪深300ETF,2025-08-26,9181038.77,11250.0,0.1227,41724148.794142,4.5446,51126.75
510300,华泰柏瑞沪深300ETF,2025-08-25,9169788.77,21060.0,0.2302,41827991.474355,4.5615,96065.18999999999
510300,华泰柏瑞沪深300ETF,2025-08-22,9148728.77,61560.0,0.6774,40875605.271483004,4.467900000000001,275043.92400000006
510300,华泰柏瑞沪深300ETF,2025-08-21,9087168.77,-16380.0,-0.1799,39755454.651873,4.3749,-71660.86200000001
510300,华泰柏瑞沪深300ETF,2025-08-20,9103548.77,-64890.0,-0.7078,39671444.829906,4.3578,-282777.642
510300,华泰柏瑞沪深300ETF,2025-08-19,9168438.77,-8550.0,-0.0932,39498551.065037,4.3081,-36834.255
510300,华泰柏瑞沪深300ETF,2025-08-18,9176988.77,-1350.0,-0.0147,39683134.839234,4.3242,-5837.67
510300,华泰柏瑞沪深300ETF,2025-08-15,9178338.77,37350.0,0.4086,39342031.303728,4.2864,160097.04
510300,华泰柏瑞沪深300ETF,2025-08-14,9140988.77,-14040.0,-0.1534,38906790.501751,4.2563,-59758.452000000005
510300,华泰柏瑞沪深300ETF,2025-08-13,9155028.77,14310.0,0.1566,38989436.525676005,4.258800000000001,60943.428000000014
510300,华泰柏瑞沪深300ETF,2025-08-12,9140718.77,-180.0,-0.002,38622279.018881,4.2253,-760.554
510300,华泰柏瑞沪深300ETF,2025-08-11,9140898.77,9360.0,0.1025,38421939.799940996,4.2033,39342.888
510300,华泰柏瑞沪深300ETF,2025-08-08,9131538.77,-14400.0,-0.1574,38219142.367958,4.1854000000000005,-60269.76000000001
510300,华泰柏瑞沪深300ETF,2025-08-07,9145938.77,-15390.0,-0.168,38356238.013626,4.1938,-64542.58200000001
510300,华泰柏瑞沪深300ETF,2025-08-06,9161328.77,8820.0,0.0964,38410703.133979,4.1927,36979.614
510300,华泰柏瑞沪深300ETF,2025-08-05,9152508.77,-5580.0,-0.0609,38279452.679648,4.1823999999999995,-23337.791999999998
510300,华泰柏瑞沪深300ETF,2025-08-04,9158088.77,-270.0,-0.0029,37997826.115607,4.149100000000001,-1120.2570000000003
510300,华泰柏瑞沪深300ETF,2025-08-01,9158358.77,-9270.0,-0.1011,37851496.796409994,4.133,-38312.91
510300,华泰柏瑞沪深300ETF,2025-07-31,9167628.77,-16920.0,-0.1842,38082329.91058,4.154000000000001,-70285.68000000001
510300,华泰柏瑞沪深300ETF,2025-07-30,9184548.77,-31770.0,-0.3447,38851559.751977004,4.230100000000001,-134390.27700000003
510300,华泰柏瑞沪深300ETF,2025-07-29,9216318.77,-38790.0,-0.4191,38994244.71587,4.231,-164120.49
510300,华泰柏瑞沪深300ETF,2025-07-28,9255108.77,-20340.0,-0.2193,38999177.335026,4.213800000000001,-85708.69200000002
510300,华泰柏瑞沪深300ETF,2025-07-25,9275448.77,2880.0,0.0311,38994914.173957,4.2041,12107.808
510300,华泰柏瑞沪深300ETF,2025-07-24,9272568.77,30240.0,0.3272,39170112.255111,4.2243,127742.83200000001
510300,华泰柏瑞沪深300ETF,2025-07-23,9242328.77,11700.0,0.1268,38764175.327134006,4.194200000000001,49072.140000000014
510300,华泰柏瑞沪深300ETF,2025-07-22,9230628.77,-9810.0,-0.1062,38703103.369733,4.1929,-41132.349
510300,华泰柏瑞沪深300ETF,2025-07-21,9240438.77,-4860.0,-0.0526,38426364.625045,4.1585,-20210.31
510300,华泰柏瑞沪深300ETF,2025-07-18,9245298.77,-2880.0,-0.0311,38189555.629239,4.1307,-11896.416
510300,华泰柏瑞沪深300ETF,2025-07-17,9248178.77,-8190.0,-0.0885,37931405.225154996,4.1015,-33591.284999999996
510300,华泰柏瑞沪深300ETF,2025-07-16,9256368.77,-6300.0,-0.068,37685454.173301004,4.071300000000001,-25649.190000000006
510300,华泰柏瑞沪深300ETF,2025-07-15,9262668.77,-30510.0,-0.3283,37804656.317878,4.0814,-124523.51400000001
510300,华泰柏瑞沪深300ETF,2025-07-14,9293178.77,-31770.0,-0.3407,37910593.474338,4.079400000000001,-129602.53800000002
510300,华泰柏瑞沪深300ETF,2025-07-11,9324948.77,29520.0,0.3176,37998233.742873,4.0749,120291.04800000001
510300,华泰柏瑞沪深300ETF,2025-07-10,9295428.77,-9630.0,-0.1035,37777552.064157,4.064100000000001,-39137.28300000001
510300,华泰柏瑞沪深300ETF,2025-07-09,9305058.77,-14130.0,-0.1516,37622213.618864,4.043200000000001,-57130.416000000005
510300,华泰柏瑞沪深300ETF,2025-07-08,9319188.77,13320.0,0.1431,37741782.599622995,4.0499,53944.668
510300,华泰柏瑞沪深300ETF,2025-07-07,9305868.77,-270.0,-0.0029,37373299.567196995,4.0161,-1084.347
510300,华泰柏瑞沪深300ETF,2025-07-04,9306138.77,-24390.0,-0.2614,37517698.451255,4.0315,-98328.285
510300,华泰柏瑞沪深300ETF,2025-07-03,9330528.77,-21780.0,-0.2329,37481667.121966995,4.0171,-87492.43800000001
510300,华泰柏瑞沪深300ETF,2025-07-02,9352308.77,-15210.0,-0.1624,37333481.378963,3.9919000000000002,-60716.799000000006
510300,华泰柏瑞沪深300ETF,2025-07-01,9367518.77,-36720.0,-0.3905,37385767.411070004,3.9910000000000005,-146549.52000000002
510300,华泰柏瑞沪深300ETF,2025-06-30,9404238.77,-67410.0,-0.7117,37470248.955188,3.9844,-268588.404
510300,华泰柏瑞沪深300ETF,2025-06-27,9471648.77,-30240.0,-0.3183,37567400.516451,3.9663000000000004,-119940.91200000001
510300,华泰柏瑞沪深300ETF,2025-06-26,9501888.77,-35010.0,-0.3671,37892582.225883,3.9879000000000002,-139616.37900000002
510300,华泰柏瑞沪深300ETF,2025-06-25,9536898.77,-36270.0,-0.3789,38127567.592583,3.9979000000000005,-145003.833
510300,华泰柏瑞沪深300ETF,2025-06-24,9573168.77,27630.0,0.2895,37701053.250014,3.9382,108812.466
510300,华泰柏瑞沪深300ETF,2025-06-23,9545538.77,29610.0,0.3112,37146464.123454995,3.8914999999999997,115227.31499999999
510300,华泰柏瑞沪深300ETF,2025-06-20,9515928.77,-5760.0,-0.0605,36917997.256092,3.8796,-22346.496
510300,华泰柏瑞沪深300ETF,2025-06-19,9521688.77,-11970.0,-0.1256,36871787.592948,3.8724,-46352.628
510300,华泰柏瑞沪深300ETF,2025-06-18,9533658.77,-4410.0,-0.0462,37222263.935711,3.9042999999999997,-17217.963
510300,华泰柏瑞沪深300ETF,2025-06-17,9538068.77,-5310.0,-0.0556,38028280.185990006,3.987000000000001,-21170.970000000005
510300,华泰柏瑞沪深300ETF,2025-06-16,9543378.77,42480.0,0.4471,38078081.2923,3.99,169495.2
510300,华泰柏瑞沪深300ETF,2025-06-13,9500898.77,-17100.0,-0.1797,37815477.284354,3.9802000000000004,-68061.42000000001
510300,华泰柏瑞沪深300ETF,2025-06-12,9517998.77,-28620.0,-0.2998,38137669.271513,4.0069,-114677.478
510300,华泰柏瑞沪深300ETF,2025-06-11,9546618.77,26010.0,0.2732,38232298.850096,4.0048,104164.84800000001
510300,华泰柏瑞沪深300ETF,2025-06-10,9520608.77,-27630.0,-0.2894,37829186.886718,3.9734,-109785.042
510300,华泰柏瑞沪深300ETF,2025-06-09,9548238.77,15390.0,0.1614,38135665.64738,3.994,61467.66
510300,华泰柏瑞沪深300ETF,2025-06-06,9532848.77,-12870.0,-0.1348,37961710.371894,3.9822,-51250.914000000004
510300,华泰柏瑞沪深300ETF,2025-06-05,9545718.77,-9630.0,-0.1008,38023461.576541,3.9833000000000003,-38359.179000000004
510300,华泰柏瑞沪深300ETF,2025-06-04,9555348.77,-5760.0,-0.0602,37969133.872471996,3.9736,-22887.935999999998
510300,华泰柏瑞沪深300ETF,2025-06-03,9561108.77,20340.0,0.2132,37829482.959382,3.9566,80477.24399999999
510300,华泰柏瑞沪深300ETF,2025-05-30,9540768.77,-27000.0,-0.2822,37635470.567019,3.9447,-106506.90000000001
510300,华泰柏瑞沪深300ETF,2025-05-29,9567768.77,36270.0,0.3805,37917067.63551,3.963,143738.01
510300,华泰柏瑞沪深300ETF,2025-05-28,9531498.77,-10710.0,-0.1122,37551245.704169,3.9396999999999998,-42194.187
510300,华泰柏瑞沪深300ETF,2025-05-27,9542208.77,5220.0,0.0547,37622066.517478995,3.9427,20580.894
510300,华泰柏瑞沪深300ETF,2025-05-26,9536988.77,40770.0,0.4293,37802716.086526,3.9638,161604.126
510300,华泰柏瑞沪深300ETF,2025-05-23,9496218.77,3240.0,0.0341,37854776.882851005,3.986300000000001,12915.612000000003
510300,华泰柏瑞沪深300ETF,2025-05-22,9492978.77,-10710.0,-0.1127,38144687.293614,4.0182,-43034.922000000006
510300,华泰柏瑞沪深300ETF,2025-05-21,9503688.77,-16290.0,-0.1711,38210531.068662,4.020600000000001,-65495.574000000015
510300,华泰柏瑞沪深300ETF,2025-05-20,9519978.77,2520.0,0.0265,38089435.05877,4.001,10082.52
510300,华泰柏瑞沪深300ETF,2025-05-19,9517458.77,-5850.0,-0.0614,37868064.954076,3.9788,-23275.98
510300,华泰柏瑞沪深300ETF,2025-05-16,9523308.77,-17190.0,-0.1802,38006572.970193,3.9909,-68603.571
510300,华泰柏瑞沪深300ETF,2025-05-15,9540498.77,-21780.0,-0.2278,38252629.818315,4.0095,-87326.91
510300,华泰柏瑞沪深300ETF,2025-05-14,9562278.77,18900.0,0.198,38684198.764034994,4.0455,76459.95
510300,华泰柏瑞沪深300ETF,2025-05-13,9543378.77,-38790.0,-0.4048,38144884.94369,3.9970000000000003,-155043.63
510300,华泰柏瑞沪深300ETF,2025-05-12,9582168.77,-6030.0,-0.0629,38241477.344193,3.9909,-24065.127
510300,华泰柏瑞沪深300ETF,2025-05-09,9588198.77,-31770.0,-0.3303,37829279.427158,3.9454,-125345.358
510300,华泰柏瑞沪深300ETF,2025-05-08,9619968.77,15750.0,0.164,38012344.597778,3.9514,62234.55
510300,华泰柏瑞沪深300ETF,2025-05-07,9604218.77,-46440.0,-0.4812,37739777.656715006,3.929500000000001,-182485.98000000004
510300,华泰柏瑞沪深300ETF,2025-05-06,9650658.77,5040.0,0.0523,37696438.221497,3.9061,19686.744
510300,华泰柏瑞沪深300ETF,2025-04-30,9645618.77,-5400.0,-0.056,37303466.031098,3.8674000000000004,-20883.960000000003
510300,华泰柏瑞沪深300ETF,2025-04-29,9651018.77,-7200.0,-0.0745,37360058.760547,3.8710999999999998,-27871.92
510300,华泰柏瑞沪深300ETF,2025-04-28,9658218.77,-30510.0,-0.3149,37452640.746306,3.8778000000000006,-118311.67800000001
510300,华泰柏瑞沪深300ETF,2025-04-25,9688728.77,-9090.0,-0.0937,37625209.305418,3.8834,-35300.106
510300,华泰柏瑞沪深300ETF,2025-04-24,9697818.77,3060.0,0.0316,37629476.391353995,3.8801999999999994,11873.411999999998
510300,华泰柏瑞沪深300ETF,2025-04-23,9694758.77,-17370.0,-0.1788,37641839.876279,3.8827,-67442.499
510300,华泰柏瑞沪深300ETF,2025-04-22,9712128.77,-39060.0,-0.4006,37681117.201846,3.8798000000000004,-151544.988
510300,华泰柏瑞沪深300ETF,2025-04-21,9751188.77,32310.0,0.3324,37819010.525568,3.8784,125311.104
510300,华泰柏瑞沪深300ETF,2025-04-18,9718878.77,51930.0,0.5372,37571241.549066,3.8658,200750.994
510300,华泰柏瑞沪深300ETF,2025-04-17,9666948.77,62640.0,0.6522,37357923.521665,3.8645,242072.28
510300,华泰柏瑞沪深300ETF,2025-04-16,9604308.77,134280.0,1.4179,37117772.103419,3.8647,518951.916
510300,华泰柏瑞沪深300ETF,2025-04-15,9470028.77,39420.0,0.418,36484232.839302,3.8526000000000007,151869.49200000003
510300,华泰柏瑞沪深300ETF,2025-04-14,9430608.77,-44730.0,-0.4721,36312559.068885,3.8505,-172232.865
510300,华泰柏瑞沪深300ETF,2025-04-11,9475338.77,-6120.0,-0.0645,36402356.486586,3.8417999999999997,-23511.816
510300,华泰柏瑞沪深300ETF,2025-04-10,9481458.77,-41850.0,-0.4394,36276061.25402,3.826,-160118.1
510300,华泰柏瑞沪深300ETF,2025-04-09,9523308.77,47610.0,0.5024,35964775.569905,3.7765,179799.165
510300,华泰柏瑞沪深300ETF,2025-04-08,9475698.77,444330.0,4.9199,35436270.690169,3.7397,1661660.901
510300,华泰柏瑞沪深300ETF,2025-04-07,9031368.77,473940.0,5.5383,33205633.556659,3.6767000000000003,1742535.198
510300,华泰柏瑞沪深300ETF,2025-04-03,8557428.77,26820.0,0.3144,33854899.699874,3.9562,106105.284
510300,华泰柏瑞沪深300ETF,2025-04-02,8530608.77,9630.0,0.113,33946704.539338,3.9794,38321.622
510300,华泰柏瑞沪深300ETF,2025-04-01,8520978.77,14940.0,0.1756,33937354.245156,3.9828,59503.032
510300,华泰柏瑞沪深300ETF,2025-03-31,8506038.77,8370.0,0.0985,33871896.986016996,3.9821,33330.177
510300,华泰柏瑞沪深300ETF,2025-03-28,8497668.77,-19080.0,-0.224,34081600.135839,4.0107,-76524.156
510300,华泰柏瑞沪深300ETF,2025-03-27,8516748.77,-2790.0,-0.0327,34308019.070190996,4.0283,-11238.956999999999
510300,华泰柏瑞沪深300ETF,2025-03-26,8519538.77,10170.0,0.1195,34205948.16155,4.015000000000001,40832.55
510300,华泰柏瑞沪深300ETF,2025-03-25,8509368.77,-9450.0,-0.1109,34277439.279314004,4.028200000000001,-38066.490000000005
510300,华泰柏瑞沪深300ETF,2025-03-24,8518818.77,-10980.0,-0.1287,34336802.816239,4.0307,-44257.086
510300,华泰柏瑞沪深300ETF,2025-03-21,8529798.77,-2970.0,-0.0348,34207052.007331,4.0103,-11910.591
510300,华泰柏瑞沪深300ETF,2025-03-20,8532768.77,-15300.0,-0.179,34745434.43144,4.072000000000001,-62301.60000000001
510300,华泰柏瑞沪深300ETF,2025-03-19,8548068.77,-8550.0,-0.0999,35115466.50716,4.1080000000000005,-35123.4
510300,华泰柏瑞沪深300ETF,2025-03-18,8556618.77,-9900.0,-0.1156,35130054.022112,4.1056,-40645.44
510300,华泰柏瑞沪深300ETF,2025-03-17,8566518.77,4590.0,0.0536,35075611.103765,4.094500000000001,18793.755000000005
510300,华泰柏瑞沪深300ETF,2025-03-14,8561928.77,13320.0,0.1558,35143292.829342,4.1046000000000005,54673.272000000004
510300,华泰柏瑞沪深300ETF,2025-03-13,8548608.77,2880.0,0.0337,34256839.924021006,4.007300000000001,11541.024000000001
510300,华泰柏瑞沪深300ETF,2025-03-12,8545728.77,2070.0,0.0242,34383739.706095,4.0235,8328.645
510300,华泰柏瑞沪深300ETF,2025-03-11,8543658.77,29340.0,0.3446,34497585.381506,4.037800000000001,118469.05200000003
510300,华泰柏瑞沪深300ETF,2025-03-10,8514318.77,-88200.0,-1.0253,34270984.481127,4.0251,-355013.82
510300,华泰柏瑞沪深300ETF,2025-03-07,8602518.77,-44460.0,-0.5142,34761918.097692996,4.0409,-179658.414
510300,华泰柏瑞沪深300ETF,2025-03-06,8646978.77,14220.0,0.1647,35050528.444195,4.0535000000000005,57640.77000000001
510300,华泰柏瑞沪深300ETF,2025-03-05,8632758.77,-60660.0,-0.6978,34516359.390090995,3.9982999999999995,-242536.87799999997
510300,华泰柏瑞沪深300ETF,2025-03-04,8693418.77,-19530.0,-0.2241,34605022.755862,3.9806,-77741.118
510300,华泰柏瑞沪深300ETF,2025-03-03,8712948.77,4050.0,0.0465,34711516.604803,3.9839000000000007,16134.795000000002
510300,华泰柏瑞沪深300ETF,2025-02-28,8708898.77,3510.0,0.0403,34701478.038942,3.9846000000000004,13985.946000000002
510300,华泰柏瑞沪深300ETF,2025-02-27,8705388.77,-33390.0,-0.3821,35380441.039034,4.0642000000000005,-135703.638
510300,华泰柏瑞沪深300ETF,2025-02-26,8738778.77,-55260.0,-0.6284,35442738.935366,4.0558,-224123.50799999997
510300,华泰柏瑞沪深300ETF,2025-02-25,8794038.77,-1170.0,-0.0133,35359071.086416,4.0208,-4704.336
510300,华泰柏瑞沪深300ETF,2025-02-24,8795208.77,-77220.0,-0.8703,35759559.817066,4.0658,-313961.076
510300,华泰柏瑞沪深300ETF,2025-02-21,8872428.77,17280.0,0.1951,36153372.751996,4.074800000000001,70412.54400000001
510300,华泰柏瑞沪深300ETF,2025-02-20,8855148.77,-49230.0,-0.5529,35633118.65048,4.024,-198101.52
510300,华泰柏瑞沪深300ETF,2025-02-19,8904378.77,24300.0,0.2736,35933620.526335,4.035500000000001,98062.65000000002
510300,华泰柏瑞沪深300ETF,2025-02-18,8880078.77,-25110.0,-0.282,35588691.686528996,4.0077,-100633.347
510300,华泰柏瑞沪深300ETF,2025-02-17,8905188.77,-51930.0,-0.5798,36004568.715987,4.0431,-209958.183
510300,华泰柏瑞沪深300ETF,2025-02-14,8957118.77,22860.0,0.2559,36139287.101319,4.0347,92233.242
510300,华泰柏瑞沪深300ETF,2025-02-13,8934258.77,-32850.0,-0.3663,35739715.357631,4.0003,-131409.855
510300,华泰柏瑞沪深300ETF,2025-02-12,8967108.77,-12960.0,-0.1443,36003838.422427,4.0151,-52035.696
510300,华泰柏瑞沪深300ETF,2025-02-11,8980068.77,-39690.0,-0.44,35720019.546429,3.9777000000000005,-157874.91300000003
510300,华泰柏瑞沪深300ETF,2025-02-10,9019758.77,-58320.0,-0.6424,36043858.020797,3.9961,-233052.55200000003
510300,华泰柏瑞沪深300ETF,2025-02-07,9078078.77,-21420.0,-0.2354,36197931.287498,3.9874,-85410.10800000001
510300,华泰柏瑞沪深300ETF,2025-02-06,9099498.77,76860.0,0.8519,35820176.908105,3.9365,302559.39
510300,华泰柏瑞沪深300ETF,2025-02-05,9022638.77,7020.0,0.0779,35078215.010006,3.8878000000000004,27292.356000000003
510300,华泰柏瑞沪深300ETF,2025-01-27,9015618.77,-68670.0,-0.7559,35254675.638208,3.9104000000000005,-268527.16800000006
510300,华泰柏瑞沪深300ETF,2025-01-24,9084288.77,31410.0,0.347,35668551.426528,3.9264,123328.224
510300,华泰柏瑞沪深300ETF,2025-01-23,9052878.77,1170.0,0.0129,35252815.218257,3.8941000000000003,4556.097000000001
510300,华泰柏瑞沪深300ETF,2025-01-22,9051708.77,-27720.0,-0.3053,35172224.767589,3.8857000000000004,-107711.604
510300,华泰柏瑞沪深300ETF,2025-01-21,9079428.77,-6030.0,-0.0664,35604979.921555,3.9215,-23646.645
510300,华泰柏瑞沪深300ETF,2025-01-20,9085458.77,-2880.0,-0.0317,35602278.736122,3.9186,-11285.568000000001
510300,华泰柏瑞沪深300ETF,2025-01-17,9088338.77,-7470.0,-0.0821,35450883.040139005,3.9007000000000005,-29138.229000000003
510300,华泰柏瑞沪深300ETF,2025-01-16,9095808.77,-10440.0,-0.1146,35367233.24039099,3.8882999999999996,-40593.852
510300,华泰柏瑞沪深300ETF,2025-01-15,9106248.77,-6660.0,-0.0731,35369580.847557,3.8841,-25868.106
510300,华泰柏瑞沪深300ETF,2025-01-14,9112908.77,12060.0,0.1325,35623271.672807,3.9091000000000005,47143.74600000001
510300,华泰柏瑞沪深300ETF,2025-01-13,9100848.77,52380.0,0.5789,34665132.96493,3.809,199515.42
510300,华泰柏瑞沪深300ETF,2025-01-10,9048468.77,1080.0,0.0119,34560626.467015006,3.819500000000001,4125.060000000001
510300,华泰柏瑞沪深300ETF,2025-01-09,9047388.77,-9450.0,-0.1043,34982633.418082,3.8666,-36539.37
510300,华泰柏瑞沪深300ETF,2025-01-08,9056838.77,-2610.0,-0.0288,35106118.440274,3.8762000000000003,-10116.882000000001
510300,华泰柏瑞沪深300ETF,2025-01-07,9059448.77,4770.0,0.0527,35168780.125140004,3.8820000000000006,18517.140000000003
510300,华泰柏瑞沪深300ETF,2025-01-06,9054678.77,10890.0,0.1204,34891299.172318,3.8533999999999997,41963.526
510300,华泰柏瑞沪深300ETF,2025-01-03,9043788.77,32760.0,0.3636,34908120.273323,3.8599,126450.32400000001
510300,华泰柏瑞沪深300ETF,2025-01-02,9011028.77,72360.0,0.8095,35197979.478497,3.9061,282645.396
510300,华泰柏瑞沪深300ETF,2024-12-31,8938668.77,-69750.0,-0.7743,35962946.062341,4.0233,-280625.175
510300,华泰柏瑞沪深300ETF,2024-12-30,9008418.77,-18540.0,-0.2054,36833622.666776,4.0888,-75806.352
510300,华泰柏瑞沪深300ETF,2024-12-27,9026958.77,8550.0,0.0948,36738819.498022996,4.0699,34797.645
510300,华泰柏瑞沪深300ETF,2024-12-26,9018408.77,720.0,0.008,36760837.828274,4.0762,2934.864
510300,华泰柏瑞沪深300ETF,2024-12-25,9017688.77,-61650.0,-0.679,36742572.893365,4.0745000000000005,-251192.92500000002
510300,华泰柏瑞沪深300ETF,2024-12-24,9079338.77,24120.0,0.2664,36975607.140825,4.072500000000001,98228.70000000001
510300,华泰柏瑞沪深300ETF,2024-12-23,9055218.77,-37710.0,-0.4147,36414656.761678,4.021400000000001,-151646.99400000004
510300,华泰柏瑞沪深300ETF,2024-12-20,9092928.77,360.0,0.004,36512655.475935,4.0155,1445.5800000000002
510300,华泰柏瑞沪深300ETF,2024-12-19,9092568.77,-9360.0,-0.1028,36644870.656853996,4.0302,-37722.672
510300,华泰柏瑞沪深300ETF,2024-12-18,9101928.77,-35640.0,-0.39,36648916.192405,4.0265,-143504.46000000002
510300,华泰柏瑞沪深300ETF,2024-12-17,9137568.77,19350.0,0.2122,36606928.006374,4.006200000000001,77519.97000000002
510300,华泰柏瑞沪深300ETF,2024-12-16,9118218.77,9540.0,0.1047,36433666.739289,3.9957000000000003,38118.978
510300,华泰柏瑞沪深300ETF,2024-12-13,9108678.77,-64170.0,-0.6996,36600493.033614,4.0182,-257847.894
510300,华泰柏瑞沪深300ETF,2024-12-12,9172848.77,28800.0,0.315,37750859.112935,4.1155,118526.4
510300,华泰柏瑞沪深300ETF,2024-12-11,9144048.77,72630.0,0.8006,37261998.73775,4.075,295967.25
510300,华泰柏瑞沪深300ETF,2024-12-10,9071418.77,100350.0,1.1186,37030438.561017,4.0821000000000005,409638.73500000004
510300,华泰柏瑞沪深300ETF,2024-12-09,8971068.77,-49500.0,-0.5487,36355256.190425,4.0525,-200598.75
510300,华泰柏瑞沪深300ETF,2024-12-06,9020568.77,46890.0,0.5225,36616292.751184,4.059200000000001,190335.88800000004
510300,华泰柏瑞沪深300ETF,2024-12-05,8973678.77,6300.0,0.0703,35954838.727759,4.0067,25242.210000000003
510300,华泰柏瑞沪深300ETF,2024-12-04,8967378.77,-30960.0,-0.3441,36012096.402443,4.0159,-124332.26400000001
510300,华泰柏瑞沪深300ETF,2024-12-03,8998338.77,-8280.0,-0.0919,36332592.451629,4.0377,-33432.156
510300,华泰柏瑞沪深300ETF,2024-12-02,9006618.77,-3600.0,-0.04,36326395.485041,4.0333000000000006,-14519.880000000003
510300,华泰柏瑞沪深300ETF,2024-11-29,9010218.77,20160.0,0.2242,36057093.473786,4.0018,80676.288
510300,华泰柏瑞沪深300ETF,2024-11-28,8990058.77,-40860.0,-0.4524,35570965.535259,3.9567,-161670.76200000002
510300,华泰柏瑞沪深300ETF,2024-11-27,9030918.77,36270.0,0.4032,36043299.90294699,3.9910999999999994,144757.197
510300,华泰柏瑞沪深300ETF,2024-11-26,8994648.77,-12600.0,-0.1399,35286007.12471,3.9230000000000005,-49429.8
510300,华泰柏瑞沪深300ETF,2024-11-25,9007248.77,-36180.0,-0.4001,35406594.189993,3.9309000000000003,-142219.962
510300,华泰柏瑞沪深300ETF,2024-11-22,9043428.77,-59490.0,-0.6535,35713404.555607,3.9491,-234931.959
510300,华泰柏瑞沪深300ETF,2024-11-21,9102918.77,-42840.0,-0.4684,37091663.112119,4.0747,-174560.148
510300,华泰柏瑞沪深300ETF,2024-11-20,9145758.77,-91260.0,-0.988,37233298.528547,4.0710999999999995,-371528.58599999995
510300,华泰柏瑞沪深300ETF,2024-11-19,9237018.77,-11070.0,-0.1197,37521693.945617,4.0621,-44967.447
510300,华泰柏瑞沪深300ETF,2024-11-18,9248088.77,-22860.0,-0.2466,37319737.422458,4.0354,-92249.244
510300,华泰柏瑞沪深300ETF,2024-11-15,9270948.77,14130.0,0.1526,37587207.598211,4.0543,57287.25899999999
510300,华泰柏瑞沪深300ETF,2024-11-14,9256818.77,-30420.0,-0.3275,38193634.24502,4.126,-125512.92000000001
510300,华泰柏瑞沪深300ETF,2024-11-13,9287238.77,-43380.0,-0.4649,38993400.699722,4.1986,-182135.26799999998
510300,华泰柏瑞沪深300ETF,2024-11-12,9330618.77,-95490.0,-1.013,38930140.694071,4.172300000000001,-398412.9270000001
510300,华泰柏瑞沪深300ETF,2024-11-11,9426108.77,-104940.0,-1.101,39765925.067999,4.2187,-442710.378
510300,华泰柏瑞沪深300ETF,2024-11-08,9531048.77,-56070.0,-0.5848,39950344.024332,4.1916,-235023.01200000002
510300,华泰柏瑞沪深300ETF,2024-11-07,9587118.77,61200.0,0.6425,40589943.448426,4.2338000000000005,259108.56000000003
510300,华泰柏瑞沪深300ETF,2024-11-06,9525918.77,-9000.0,-0.0944,39149620.960946,4.1098,-36988.2
510300,华泰柏瑞沪深300ETF,2024-11-05,9534918.77,42300.0,0.4456,39383028.487608,4.1304,174715.91999999998
510300,华泰柏瑞沪深300ETF,2024-11-04,9492618.77,4770.0,0.0503,38244811.762453005,4.028900000000001,19217.853000000006
510300,华泰柏瑞沪深300ETF,2024-11-01,9487848.77,11430.0,0.1206,37701864.657349,3.9737,45419.391
510300,华泰柏瑞沪深300ETF,2024-10-31,9476418.77,-49860.0,-0.5234,37661183.475734,3.9742000000000006,-198153.61200000002
510300,华泰柏瑞沪深300ETF,2024-10-30,9526278.77,12150.0,0.1277,37842189.785948,3.9724000000000004,48264.66
510300,华泰柏瑞沪深300ETF,2024-10-29,9514128.77,-45450.0,-0.4754,38133579.523037,4.008100000000001,-182168.14500000002
510300,华泰柏瑞沪深300ETF,2024-10-28,9559578.77,-14940.0,-0.156,38700042.734591,4.0483,-60481.602000000006
510300,华泰柏瑞沪深300ETF,2024-10-25,9574518.77,-36990.0,-0.3849,38687757.993939005,4.040700000000001,-149465.49300000005
510300,华泰柏瑞沪深300ETF,2024-10-24,9611508.77,-43650.0,-0.4521,38566178.939625,4.0125,-175145.625
510300,华泰柏瑞沪深300ETF,2024-10-23,9655158.77,-81990.0,-0.842,39176772.225152,4.0576,-332682.624
510300,华泰柏瑞沪深300ETF,2024-10-22,9737148.77,-35910.0,-0.3674,39354634.183709,4.0417000000000005,-145137.44700000001
510300,华泰柏瑞沪深300ETF,2024-10-21,9773058.77,-83970.0,-0.8519,39274013.973122,4.0186,-337441.842
510300,华泰柏瑞沪深300ETF,2024-10-18,9857028.77,-4410.0,-0.0447,39512885.527421996,4.0085999999999995,-17677.926
510300,华泰柏瑞沪深300ETF,2024-10-17,9861438.77,-143010.0,-1.4295,38129253.004204996,3.8665,-552948.1649999999
510300,华泰柏瑞沪深300ETF,2024-10-16,10004448.77,-29430.0,-0.2933,39125398.249716,3.9108,-115094.844
510300,华泰柏瑞沪深300ETF,2024-10-15,10033878.77,-51030.0,-0.506,39493346.83872,3.9360000000000004,-200854.08000000002
510300,华泰柏瑞沪深300ETF,2024-10-14,10084908.77,-23220.0,-0.2297,40769252.193602,4.0426,-93869.172
510300,华泰柏瑞沪深300ETF,2024-10-11,10108128.77,99630.0,0.9955,40108044.146483004,3.9679000000000006,395321.87700000004
510300,华泰柏瑞沪深300ETF,2024-10-10,10008498.77,38340.0,0.3845,40844683.48037,4.081,156465.54
510300,华泰柏瑞沪深300ETF,2024-10-09,9970158.77,60660.0,0.6121,40253519.017997995,4.0374,244908.68399999998
510300,华泰柏瑞沪深300ETF,2024-10-08,9909498.77,217260.0,2.2416,43027043.65934,4.3420000000000005,943342.9200000002
510300,华泰柏瑞沪深300ETF,2024-09-30,9692238.77,236520.0,2.5013,39754655.762909,4.1017,970134.084
510300,华泰柏瑞沪深300ETF,2024-09-27,9455718.77,22860.0,0.2423,35765310.675648,3.7824,86465.664
510300,华泰柏瑞沪深300ETF,2024-09-26,9432858.77,236880.0,2.5759,34158268.177924,3.6212,857789.856
510300,华泰柏瑞沪深300ETF,2024-09-25,9195978.77,101610.0,1.1173,31953267.432119,3.4747000000000003,353064.26700000005
510300,华泰柏瑞沪深300ETF,2024-09-24,9094368.77,217260.0,2.4474,31137299.794726,3.4238,743854.788
510300,华泰柏瑞沪深300ETF,2024-09-23,8877108.77,9180.0,0.1035,29135558.694016997,3.2821,30129.678
510300,华泰柏瑞沪深300ETF,2024-09-20,8867928.77,36450.0,0.4127,28999900.663654,3.2702,119198.79
510300,华泰柏瑞沪深300ETF,2024-09-19,8831478.77,60660.0,0.6916,28834778.18405,3.265,198054.9
510300,华泰柏瑞沪深300ETF,2024-09-18,8770818.77,43110.0,0.4939,28409559.077907,3.2391,139637.601
510300,华泰柏瑞沪深300ETF,2024-09-13,8727708.77,19710.0,0.2263,28167807.284298,3.2274000000000003,63612.054000000004
510300,华泰柏瑞沪深300ETF,2024-09-12,8707998.77,9360.0,0.1076,28218270.014184996,3.2405,30331.079999999998
510300,华泰柏瑞沪深300ETF,2024-09-11,8698638.77,30330.0,0.3499,28307980.149210997,3.2542999999999997,98702.919
510300,华泰柏瑞沪深300ETF,2024-09-10,8668308.77,10800.0,0.1247,28289025.670895003,3.2635000000000005,35245.8
510300,华泰柏瑞沪深300ETF,2024-09-09,8657508.77,33390.0,0.3872,28229538.846339002,3.2607000000000004,108874.77300000002
510300,华泰柏瑞沪深300ETF,2024-09-06,8624118.77,10710.0,0.1243,28455279.881615,3.2995000000000005,35337.645000000004
510300,华泰柏瑞沪深300ETF,2024-09-05,8613408.77,74790.0,0.8759,28651642.932528004,3.3264000000000005,248781.45600000003
510300,华泰柏瑞沪深300ETF,2024-09-04,8538618.77,8370.0,0.0981,28353337.487662,3.3206,27793.422000000002
510300,华泰柏瑞沪深300ETF,2024-09-03,8530248.77,5760.0,0.0676,28509797.439094,3.3422,19251.072
510300,华泰柏瑞沪深300ETF,2024-09-02,8524488.77,-1710.0,-0.0201,28418088.212548997,3.3337,-5700.6269999999995
510300,华泰柏瑞沪深300ETF,2024-08-30,8526198.77,37620.0,0.4432,28910634.789316,3.3908,127561.89600000001
510300,华泰柏瑞沪深300ETF,2024-08-29,8488578.77,112410.0,1.342,28405331.138051,3.3463000000000003,376157.58300000004
510300,华泰柏瑞沪深300ETF,2024-08-28,8376168.77,109530.0,1.325,28106234.307734996,3.3554999999999997,367527.915
510300,华泰柏瑞沪深300ETF,2024-08-27,8266638.77,71640.0,0.8742,27878412.587948,3.3724,241598.73599999998
510300,华泰柏瑞沪深300ETF,2024-08-26,8194998.77,60660.0,0.7457,27794157.828332,3.3916,205734.456
510300,华泰柏瑞沪深300ETF,2024-08-23,8134338.77,49320.0,0.61,27605505.483749,3.3937,167377.28399999999
510300,华泰柏瑞沪深300ETF,2024-08-22,8085018.77,73260.0,0.9144,27316044.416322,3.3786,247516.236
510300,华泰柏瑞沪深300ETF,2024-08-21,8011758.77,66780.0,0.8405,27136628.129867002,3.3871000000000007,226190.53800000006
510300,华泰柏瑞沪深300ETF,2024-08-20,7944978.77,59310.0,0.7521,26998626.856214,3.3982000000000006,201547.24200000003
510300,华泰柏瑞沪深300ETF,2024-08-19,7885668.77,18720.0,0.238,26989489.932202,3.4226,64071.072
510300,华泰柏瑞沪深300ETF,2024-08-16,7866948.77,61290.0,0.7852,26834948.949347,3.4111000000000002,209066.31900000002
510300,华泰柏瑞沪深300ETF,2024-08-15,7805658.77,64710.0,0.8359,26586073.77062,3.406,220402.26
510300,华泰柏瑞沪深300ETF,2024-08-14,7740948.77,-1440.0,-0.0186,26104027.442194,3.3722000000000003,-4855.968000000001
510300,华泰柏瑞沪深300ETF,2024-08-13,7742388.77,6390.0,0.0826,26300894.65169,3.3970000000000002,21706.83
510300,华泰柏瑞沪深300ETF,2024-08-12,7735998.77,16830.0,0.218,26212658.232268,3.3884,57026.772
510300,华泰柏瑞沪深300ETF,2024-08-09,7719168.77,-3330.0,-0.0431,26201946.472888,3.3944,-11303.352
510300,华泰柏瑞沪深300ETF,2024-08-08,7722498.77,28080.0,0.3649,26293563.812096,3.4048000000000003,95606.78400000001
510300,华泰柏瑞沪深300ETF,2024-08-07,7694418.77,-90.0,-0.0012,26183337.632432997,3.4029,-306.26099999999997
510300,华泰柏瑞沪深300ETF,2024-08-06,7694508.77,42480.0,0.5551,26195955.107465,3.4045,144623.16
510300,华泰柏瑞沪深300ETF,2024-08-05,7652028.77,94320.0,1.248,26056688.367604002,3.4052000000000007,321178.46400000004
510300,华泰柏瑞沪深300ETF,2024-08-02,7557708.77,21960.0,0.2914,26052177.901067,3.4471000000000003,75698.316
510300,华泰柏瑞沪深300ETF,2024-08-01,7535748.77,7200.0,0.0956,26243998.666401997,3.4825999999999997,25074.719999999998
510300,华泰柏瑞沪深300ETF,2024-07-31,7528548.77,59490.0,0.7965,26390574.858358,3.5054000000000003,208536.246
510300,华泰柏瑞沪深300ETF,2024-07-30,7469058.77,85320.0,1.1555,25634556.604517,3.4321000000000006,292826.77200000006
510300,华泰柏瑞沪深300ETF,2024-07-29,7383738.77,36900.0,0.5023,25496788.346687,3.4531,127419.39
510300,华泰柏瑞沪深300ETF,2024-07-26,7346838.77,63720.0,0.8749,25503081.422301,3.4713000000000003,221191.236
510300,华泰柏瑞沪深300ETF,2024-07-25,7283118.77,134460.0,1.8809,25177013.276013,3.4569000000000005,464814.7740000001
510300,华泰柏瑞沪深300ETF,2024-07-24,7148658.77,64980.0,0.9173,24849452.750397,3.4761,225876.978
510300,华泰柏瑞沪深300ETF,2024-07-23,7083678.77,65700.0,0.9362,24773041.394444,3.4972000000000003,229766.04
510300,华泰柏瑞沪深300ETF,2024-07-22,7017978.77,112230.0,1.6252,25068220.16644,3.572,400885.56
510300,华泰柏瑞沪深300ETF,2024-07-19,6905748.77,243180.0,3.6499,24835144.301551,3.5963000000000003,874548.234
510300,华泰柏瑞沪深300ETF,2024-07-18,6662568.77,110700.0,1.6896,23822680.894012,3.5756,395818.92
510300,华泰柏瑞沪深300ETF,2024-07-17,6551868.77,158040.0,2.4718,23293859.037981,3.5553000000000003,561879.6120000001
510300,华泰柏瑞沪深300ETF,2024-07-16,6393828.77,81270.0,1.2874,22703207.196516,3.5508,288573.516
510300,华泰柏瑞沪深300ETF,2024-07-15,6312558.77,30690.0,0.4885,22251769.66425,3.5250000000000004,108182.25000000001
510300,华泰柏瑞沪深300ETF,2024-07-12,6281868.77,-10890.0,-0.1731,22116575.378539,3.5207,-38340.423
510300,华泰柏瑞沪深300ETF,2024-07-11,6292758.77,-5490.0,-0.0872,22096393.144978,3.5114000000000005,-19277.586000000003
510300,华泰柏瑞沪深300ETF,2024-07-10,6298248.77,1890.0,0.03,21824691.637804,3.4652000000000003,6549.228000000001
510300,华泰柏瑞沪深300ETF,2024-07-09,6296358.77,25020.0,0.399,21862846.557071,3.4723,86876.94600000001
510300,华泰柏瑞沪深300ETF,2024-07-08,6271338.77,42570.0,0.6834,21515709.052116,3.4308,146049.15600000002
510300,华泰柏瑞沪深300ETF,2024-07-05,6228768.77,80370.0,1.3072,21540328.160414003,3.4582000000000006,277935.53400000004
510300,华泰柏瑞沪深300ETF,2024-07-04,6148398.77,86490.0,1.4268,21349699.888948,3.4724000000000004,300327.87600000005
510300,华泰柏瑞沪深300ETF,2024-07-03,6061908.77,9900.0,0.1636,21154243.034669,3.4897000000000005,34548.030000000006
510300,华泰柏瑞沪深300ETF,2024-07-02,6052008.77,-11610.0,-0.1915,21166900.673075,3.4975000000000005,-40605.975000000006
510300,华泰柏瑞沪深300ETF,2024-07-01,6063618.77,-10350.0,-0.1704,21246313.808203,3.5039000000000002,-36265.365000000005
510300,华泰柏瑞沪深300ETF,2024-06-28,6073968.77,42390.0,0.7028,21182358.688498,3.4874000000000005,147830.88600000003
510300,华泰柏瑞沪深300ETF,2024-06-27,6031578.77,57690.0,0.9657,20973005.699044,3.4772000000000003,200599.668
510300,华泰柏瑞沪深300ETF,2024-06-26,5973888.77,11790.0,0.1977,20915181.972647,3.5011,41277.969000000005
510300,华泰柏瑞沪深300ETF,2024-06-25,5962098.77,91710.0,1.5622,20727236.373905,3.4765,318829.815
510300,华泰柏瑞沪深300ETF,2024-06-24,5870388.77,150750.0,2.6357,20520530.984412,3.4956,526961.7
510300,华泰柏瑞沪深300ETF,2024-06-21,5719638.77,87930.0,1.5613,20097666.710026,3.5138000000000003,308968.434
510300,华泰柏瑞沪深300ETF,2024-06-20,5631708.77,-2520.0,-0.0447,19828120.237416,3.5208,-8872.416
510300,华泰柏瑞沪深300ETF,2024-06-19,5634228.77,-2970.0,-0.0527,19976721.526912,3.5456000000000003,-10530.432
510300,华泰柏瑞沪深300ETF,2024-06-18,5637198.77,2700.0,0.0479,20050952.305013,3.5569000000000006,9603.630000000001
510300,华泰柏瑞沪深300ETF,2024-06-17,5634498.77,1620.0,0.0288,19987820.936698,3.5474000000000006,5746.7880000000005
510300,华泰柏瑞沪深300ETF,2024-06-14,5632878.77,-810.0,-0.0144,20013618.269810002,3.553000000000001,-2877.9300000000007
510300,华泰柏瑞沪深300ETF,2024-06-13,5633688.77,-7290.0,-0.1292,19912272.957565,3.5345,-25766.505
510300,华泰柏瑞沪深300ETF,2024-06-12,5640978.77,-7200.0,-0.1275,20027731.025008,3.5504000000000002,-25562.88
510300,华泰柏瑞沪深300ETF,2024-06-11,5648178.77,45630.0,0.8145,20042562.365345,3.5485000000000007,161918.05500000002
510300,华泰柏瑞沪深300ETF,2024-06-07,5602548.77,-1530.0,-0.0273,20050961.792953,3.5789,-5475.717
510300,华泰柏瑞沪深300ETF,2024-06-06,5604078.77,34020.0,0.6108,20146102.770273,3.5949000000000004,122298.49800000002
510300,华泰柏瑞沪深300ETF,2024-06-05,5570058.77,-6840.0,-0.1226,20031602.354551002,3.5963000000000007,-24598.692000000006
510300,华泰柏瑞沪深300ETF,2024-06-04,5576898.77,-14130.0,-0.2527,20163277.502935,3.6155000000000004,-51087.01500000001
510300,华泰柏瑞沪深300ETF,2024-06-03,5591028.77,-10800.0,-0.1928,20061729.432514,3.5882000000000005,-38752.560000000005
510300,华泰柏瑞沪深300ETF,2024-05-31,5601828.77,13500.0,0.2416,20051185.899338,3.5794,48321.9
510300,华泰柏瑞沪深300ETF,2024-05-30,5588328.77,22590.0,0.4059,20083335.933626,3.5938000000000003,81183.94200000001
510300,华泰柏瑞沪深300ETF,2024-05-29,5565738.77,7650.0,0.1376,20105118.158871,3.6123000000000003,27634.095
510300,华泰柏瑞沪深300ETF,2024-05-28,5558088.77,-5940.0,-0.1068,20050249.428898003,3.6074000000000006,-21427.956000000002
510300,华泰柏瑞沪深300ETF,2024-05-27,5564028.77,-17190.0,-0.308,20217454.938672,3.6336,-62461.584
510300,华泰柏瑞沪深300ETF,2024-05-24,5581218.77,29700.0,0.535,20090713.206369,3.5997000000000003,106911.09000000001
510300,华泰柏瑞沪深300ETF,2024-05-23,5551518.77,-810.0,-0.0146,20203642.259661,3.6393000000000004,-2947.8330000000005
510300,华泰柏瑞沪深300ETF,2024-05-22,5552328.77,-9450.0,-0.1699,20443119.298263002,3.6819000000000006,-34793.95500000001
510300,华泰柏瑞沪深300ETF,2024-05-21,5561778.77,-4320.0,-0.0776,20429525.777964,3.6732,-15868.224
510300,华泰柏瑞沪深300ETF,2024-05-20,5566098.77,-23310.0,-0.417,20522762.774867002,3.6871000000000005,-85946.301
510300,华泰柏瑞沪深300ETF,2024-05-17,5589408.77,28800.0,0.5179,20536605.702734,3.6742000000000004,105816.96
510300,华泰柏瑞沪深300ETF,2024-05-16,5560608.77,-50490.0,-0.8998,20221153.792105,3.6365000000000003,-183606.885
510300,华泰柏瑞沪深300ETF,2024-05-15,5611098.77,-31140.0,-0.5519,20325644.184448,3.6224000000000003,-112801.53600000001
510300,华泰柏瑞沪深300ETF,2024-05-14,5642238.77,-11250.0,-0.199,20595864.182131,3.6503,-41065.875
510300,华泰柏瑞沪深300ETF,2024-05-13,5653488.77,-16200.0,-0.2857,20677635.176275,3.6575,-59251.5
510300,华泰柏瑞沪深300ETF,2024-05-10,5669688.77,-33840.0,-0.5933,20746525.147184,3.6592000000000002,-123827.32800000001
510300,华泰柏瑞沪深300ETF,2024-05-09,5703528.77,-2970.0,-0.052,20858375.064767003,3.6571000000000007,-10861.587000000001
510300,华泰柏瑞沪深300ETF,2024-05-08,5706498.77,-12690.0,-0.2219,20674074.393833,3.6229000000000005,-45974.601
510300,华泰柏瑞沪深300ETF,2024-05-07,5719188.77,-24480.0,-0.4262,20884761.631409,3.6517000000000004,-89393.61600000001
510300,华泰柏瑞沪深300ETF,2024-05-06,5743668.77,-810.0,-0.0141,20967837.211762,3.6506000000000003,-2956.9860000000003
510300,华泰柏瑞沪深300ETF,2024-04-30,5744478.77,6390.0,0.1114,20667485.718706,3.5978000000000003,22989.942000000003
510300,华泰柏瑞沪深300ETF,2024-04-29,5738088.77,62010.0,1.0925,20741469.476919,3.6147,224147.547
510300,华泰柏瑞沪深300ETF,2024-04-26,5676078.77,54990.0,0.9783,20293116.818504002,3.5752000000000006,196600.24800000002
510300,华泰柏瑞沪深300ETF,2024-04-25,5621088.77,6480.0,0.1154,19792977.776924,3.5212000000000003,22817.376000000004
510300,华泰柏瑞沪深300ETF,2024-04-24,5614608.77,14040.0,0.2507,19721874.765502,3.5126,49316.904
510300,华泰柏瑞沪深300ETF,2024-04-23,5600568.77,46800.0,0.8427,19586869.159321,3.4973,163673.64
510300,华泰柏瑞沪深300ETF,2024-04-22,5553768.77,18900.0,0.3415,19559262.854186,3.5218,66562.01999999999
510300,华泰柏瑞沪深300ETF,2024-04-19,5534868.77,4050.0,0.0732,19548603.008763,3.5319000000000003,14304.195000000002
510300,华泰柏瑞沪深300ETF,2024-04-18,5530818.77,2340.0,0.0423,19685843.248060998,3.5593,8328.762
510300,华泰柏瑞沪深300ETF,2024-04-17,5528478.77,22860.0,0.4152,19654847.723104,3.5552,81271.872
510300,华泰柏瑞沪深300ETF,2024-04-16,5505618.77,-8730.0,-0.1583,19279025.246909,3.5017000000000005,-30569.841000000004
510300,华泰柏瑞沪深300ETF,2024-04-15,5514348.77,-5040.0,-0.0913,19517486.036538,3.5394000000000005,-17838.576
510300,华泰柏瑞沪深300ETF,2024-04-12,5519388.77,-24570.0,-0.4432,19134065.048959,3.4667,-85176.819
510300,华泰柏瑞沪深300ETF,2024-04-11,5543958.77,-1080.0,-0.0195,19376690.297027,3.4951000000000003,-3774.7080000000005
510300,华泰柏瑞沪深300ETF,2024-04-10,5545038.77,-4590.0,-0.0827,19383237.524412,3.4956,-16044.804
510300,华泰柏瑞沪深300ETF,2024-04-09,5549628.77,2520.0,0.0454,19558556.674110997,3.5242999999999998,8881.235999999999
510300,华泰柏瑞沪深300ETF,2024-04-08,5547108.77,-19260.0,-0.346,19566871.475298002,3.5274000000000005,-67937.72400000002
510300,华泰柏瑞沪深300ETF,2024-04-03,5566368.77,-450.0,-0.0081,19810149.815553,3.5589,-1601.5049999999999
510300,华泰柏瑞沪深300ETF,2024-04-02,5566818.77,2970.0,0.0534,19882449.918932002,3.5716000000000006,10607.652000000002
510300,华泰柏瑞沪深300ETF,2024-04-01,5563848.77,30960.0,0.5596,19955299.998482,3.5866000000000002,111041.13600000001
510300,华泰柏瑞沪深300ETF,2024-03-29,5532888.77,-18180.0,-0.3275,19524457.891576,3.5288000000000004,-64153.58400000001
510300,华泰柏瑞沪深300ETF,2024-03-28,5551068.77,9540.0,0.1722,19497018.840871,3.5123,33507.342000000004
510300,华泰柏瑞沪深300ETF,2024-03-27,5541528.77,-16560.0,-0.2979,19364318.133888,3.4944,-57867.264
510300,华泰柏瑞沪深300ETF,2024-03-26,5558088.77,20430.0,0.3689,19648399.610827,3.5351,72222.093
510300,华泰柏瑞沪深300ETF,2024-03-25,5537658.77,-360.0,-0.0065,19477053.425844,3.5172,-1266.192
510300,华泰柏瑞沪深300ETF,2024-03-22,5538018.77,18810.0,0.3408,19584649.578228,3.5364000000000004,66519.68400000001
510300,华泰柏瑞沪深300ETF,2024-03-21,5519208.77,1530.0,0.0277,19717373.330825,3.5725000000000007,5465.925000000001
510300,华泰柏瑞沪深300ETF,2024-03-20,5517678.77,-10980.0,-0.1986,19735633.424535997,3.5768,-39273.264
510300,华泰柏瑞沪深300ETF,2024-03-19,5528658.77,-16560.0,-0.2986,19732888.881884,3.5692000000000004,-59105.952000000005
510300,华泰柏瑞沪深300ETF,2024-03-18,5545218.77,-23490.0,-0.4218,19935061.47815,3.595,-84446.55
510300,华泰柏瑞沪深300ETF,2024-03-15,5568708.77,-14940.0,-0.2676,19834626.896986,3.5618000000000003,-53213.292
510300,华泰柏瑞沪深300ETF,2024-03-14,5583648.77,-3150.0,-0.0564,19845404.458334,3.5542000000000002,-11195.730000000001
510300,华泰柏瑞沪深300ETF,2024-03-13,5586798.77,7290.0,0.1307,19913585.535788,3.5644,25984.476
510300,华泰柏瑞沪深300ETF,2024-03-12,5579508.77,43830.0,0.7918,20027646.729915,3.5895000000000006,157327.78500000003
510300,华泰柏瑞沪深300ETF,2024-03-11,5535678.77,4410.0,0.0797,19824926.379001003,3.5813000000000006,15793.533000000003
510300,华泰柏瑞沪深300ETF,2024-03-08,5531268.77,5940.0,0.1075,19565757.020121,3.5373000000000006,21011.562
510300,华泰柏瑞沪深300ETF,2024-03-07,5525328.77,13590.0,0.2466,19461865.526570998,3.5223,47868.057
510300,华泰柏瑞沪深300ETF,2024-03-06,5511738.77,56970.0,1.0444,19531397.505372,3.5436,201878.892
510300,华泰柏瑞沪深300ETF,2024-03-05,5454768.77,140850.0,2.6506,19407521.806783,3.5579,501130.215
510300,华泰柏瑞沪深300ETF,2024-03-04,5313918.77,-49140.0,-0.9163,18776731.973795,3.5335000000000005,-173636.19000000003
510300,华泰柏瑞沪深300ETF,2024-03-01,5363058.77,9450.0,0.1765,18935887.905116,3.5308,33366.060000000005
510300,华泰柏瑞沪深300ETF,2024-02-29,5353608.77,54540.0,1.0292,18786348.534807,3.5091000000000006,191386.31400000004
510300,华泰柏瑞沪深300ETF,2024-02-28,5299068.77,88470.0,1.6979,18250522.750757,3.4441000000000006,304699.52700000006
510300,华泰柏瑞沪深300ETF,2024-02-27,5210598.77,-20160.0,-0.3854,18175610.629514,3.4882000000000004,-70322.11200000001
510300,华泰柏瑞沪深300ETF,2024-02-26,5230758.77,-39420.0,-0.748,18030948.556067,3.4471000000000007,-135884.68200000003
510300,华泰柏瑞沪深300ETF,2024-02-23,5270178.77,-35190.0,-0.6633,18359194.763172,3.4836000000000005,-122587.88400000002
510300,华泰柏瑞沪深300ETF,2024-02-22,5305368.77,-8550.0,-0.1609,18465866.540861998,3.4806,-29759.13
510300,华泰柏瑞沪深300ETF,2024-02-21,5313918.77,33570.0,0.6358,18338865.067147,3.4511000000000007,115853.42700000003
510300,华泰柏瑞沪深300ETF,2024-02-20,5280348.77,-7020.0,-0.1328,17979587.56185,3.4050000000000002,-23903.100000000002
510300,华泰柏瑞沪深300ETF,2024-02-19,5287368.77,-9090.0,-0.1716,17965950.343583,3.3979,-30886.911
510300,华泰柏瑞沪深300ETF,2024-02-08,5296458.77,114930.0,2.2181,17796101.4672,3.3600000000000003,386164.80000000005
510300,华泰柏瑞沪深300ETF,2024-02-07,5181528.77,206280.0,4.1461,17299051.951522,3.3386000000000005,688686.408
510300,华泰柏瑞沪深300ETF,2024-02-06,4975248.77,35730.0,0.7233,16453147.682389999,3.307,118159.11
510300,华泰柏瑞沪深300ETF,2024-02-05,4939518.77,52110.0,1.0662,15788677.796428,3.1964000000000006,166564.40400000004
510300,华泰柏瑞沪深300ETF,2024-02-02,4887408.77,110610.0,2.3156,15521921.512643,3.1759000000000004,351286.29900000006
510300,华泰柏瑞沪深300ETF,2024-02-01,4776798.77,84150.0,1.7932,15353108.926657,3.2141000000000006,270466.5150000001
510300,华泰柏瑞沪深300ETF,2024-01-31,4692648.77,55350.0,1.1936,15073257.114117002,3.212100000000001,177789.73500000004
510300,华泰柏瑞沪深300ETF,2024-01-30,4637298.77,97200.0,2.1409,15032267.692832,3.2416000000000005,315083.52
510300,华泰柏瑞沪深300ETF,2024-01-29,4540098.77,-15120.0,-0.3319,14983233.960754002,3.3002000000000007,-49899.02400000001
510300,华泰柏瑞沪深300ETF,2024-01-26,4555218.77,89730.0,2.0094,15168422.982223,3.3299000000000003,298791.927
510300,华泰柏瑞沪深300ETF,2024-01-25,4465488.77,10980.0,0.2465,14908927.356399,3.3387000000000002,36658.926
510300,华泰柏瑞沪深300ETF,2024-01-24,4454508.77,82260.0,1.8814,14579161.753332999,3.2729,269228.754
510300,华泰柏瑞沪深300ETF,2024-01-23,4372248.77,15210.0,0.3491,14113619.02956,3.228,49097.880000000005
510300,华泰柏瑞沪深300ETF,2024-01-22,4357038.77,337770.0,8.4038,14007879.64555,3.2150000000000003,1085930.55
510300,华泰柏瑞沪深300ETF,2024-01-19,4019268.77,171270.0,4.4509,13126529.875943,3.2659,559350.693
510300,华泰柏瑞沪深300ETF,2024-01-18,3847998.77,233370.0,6.4563,12584879.977285001,3.2705,763236.5850000001
510300,华泰柏瑞沪深300ETF,2024-01-17,3614628.77,9180.0,0.2546,11909478.871396001,3.2948000000000004,30246.264000000003
510300,华泰柏瑞沪深300ETF,2024-01-16,3605448.77,26280.0,0.7342,12140267.098344,3.3672,88490.016
510300,华泰柏瑞沪深300ETF,2024-01-15,3579168.77,-22050.0,-0.6123,11980193.706944,3.3472,-73805.76
510300,华泰柏瑞沪深300ETF,2024-01-12,3601218.77,-6840.0,-0.1896,12066963.854516,3.3508,-22919.472
510300,华泰柏瑞沪深300ETF,2024-01-11,3608058.77,33840.0,0.9468,12132097.614125,3.3625000000000003,113787.00000000001
510300,华泰柏瑞沪深300ETF,2024-01-10,3574218.77,-6390.0,-0.1785,11950757.879372,3.3436000000000003,-21365.604000000003
510300,华泰柏瑞沪深300ETF,2024-01-09,3580608.77,-18810.0,-0.5226,12027980.980184,3.3592,-63186.551999999996
510300,华泰柏瑞沪深300ETF,2024-01-08,3599418.77,2520.0,0.0701,12067771.310178999,3.3526999999999996,8448.803999999998
510300,华泰柏瑞沪深300ETF,2024-01-05,3596898.77,-59130.0,-1.6173,12217586.052059,3.3967,-200846.871
510300,华泰柏瑞沪深300ETF,2024-01-04,3656028.77,-75420.0,-2.0212,12485338.24955,3.415,-257559.3
510300,华泰柏瑞沪深300ETF,2024-01-03,3731448.77,-14760.0,-0.394,12862303.91019,3.4469999999999996,-50877.719999999994
510300,华泰柏瑞沪深300ETF,2024-01-02,3746208.77,1800.0,0.0481,12944275.162981,3.4553,6219.54
510300,华泰柏瑞沪深300ETF,2023-12-29,3744408.77,169740.0,4.7484,13109175.103769999,3.501,594259.74
510300,华泰柏瑞沪深300ETF,2023-12-28,3574668.77,124020.0,3.5941,12454860.928434,3.4842,432110.484
510300,华泰柏瑞沪深300ETF,2023-12-27,3450648.77,6300.0,0.1829,11748423.867219001,3.4047000000000005,21449.610000000004
510300,华泰柏瑞沪深300ETF,2023-12-26,3444348.77,4140.0,0.1203,11686675.37661,3.393,14047.019999999999
510300,华泰柏瑞沪深300ETF,2023-12-25,3440208.77,35460.0,1.0415,11752097.179197,3.4161,121134.906
510300,华泰柏瑞沪深300ETF,2023-12-22,3404748.77,72810.0,2.1852,11595552.885989,3.4057,247969.017
510300,华泰柏瑞沪深300ETF,2023-12-21,3331938.77,89100.0,2.7476,11326259.460861,3.3992999999999998,302877.63
510300,华泰柏瑞沪深300ETF,2023-12-20,3242838.77,39780.0,1.2419,10913449.596558,3.3654,133875.612
510300,华泰柏瑞沪深300ETF,2023-12-19,3203058.77,68490.0,2.185,10888477.982738001,3.3994000000000004,232824.90600000002
510300,华泰柏瑞沪深300ETF,2023-12-18,3134568.77,34650.0,1.1178,10640920.603519,3.3947,117626.355
510300,华泰柏瑞沪深300ETF,2023-12-15,3099918.77,4050.0,0.1308,10562353.225021001,3.4073,13799.565
510300,华泰柏瑞沪深300ETF,2023-12-14,3095868.77,-7830.0,-0.2523,10581369.868983,3.4179,-26762.157
510300,华泰柏瑞沪深300ETF,2023-12-13,3103698.77,-1620.0,-0.0522,10663998.603843,3.4358999999999997,-5566.157999999999
510300,华泰柏瑞沪深300ETF,2023-12-12,3105318.77,-5310.0,-0.1707,10850604.846134,3.4941999999999998,-18554.201999999997
510300,华泰柏瑞沪深300ETF,2023-12-11,3110628.77,180.0,0.0058,10845207.206605,3.4865,627.5699999999999
510300,华泰柏瑞沪深300ETF,2023-12-08,3110448.77,-19260.0,-0.6154,10783303.795836,3.4668,-66770.568
510300,华泰柏瑞沪深300ETF,2023-12-07,3129708.77,-17730.0,-0.5633,10817525.392628,3.4564,-61281.972
510300,华泰柏瑞沪深300ETF,2023-12-06,3147438.77,-35100.0,-1.1029,10904931.106419,3.4647,-121610.97
510300,华泰柏瑞沪深300ETF,2023-12-05,3182538.77,-12150.0,-0.3803,11009674.620938001,3.4594000000000005,-42031.71000000001
510300,华泰柏瑞沪深300ETF,2023-12-04,3194688.77,-9540.0,-0.2977,11266389.416282,3.5266,-33643.764
510300,华泰柏瑞沪深300ETF,2023-12-01,3204228.77,-6300.0,-0.1962,11375012.1335,3.5500000000000003,-22365.0
510300,华泰柏瑞沪深300ETF,2023-11-30,3210528.77,-720.0,-0.0224,11441040.324772,3.5636,-2565.792
510300,华泰柏瑞沪深300ETF,2023-11-29,3211248.77,-9990.0,-0.3101,11417916.126612,3.5556,-35520.444
510300,华泰柏瑞沪深300ETF,2023-11-28,3221238.77,270.0,0.0084,11552006.476974001,3.5862000000000003,968.2740000000001
510300,华泰柏瑞沪深300ETF,2023-11-27,3220968.77,-5670.0,-0.1757,11529779.809092,3.5796,-20296.332000000002
510300,华泰柏瑞沪深300ETF,2023-11-24,3226638.77,-23040.0,-0.709,11636227.396250999,3.6062999999999996,-83089.15199999999
510300,华泰柏瑞沪深300ETF,2023-11-23,3249678.77,-8280.0,-0.2541,11797633.806608,3.6304000000000003,-30059.712000000003
510300,华泰柏瑞沪深300ETF,2023-11-22,3257958.77,2250.0,0.0691,11771005.03601,3.6130000000000004,8129.250000000001
510300,华泰柏瑞沪深300ETF,2023-11-21,3255708.77,2520.0,0.0775,11883337.0105,3.6500000000000004,9198.0
510300,华泰柏瑞沪深300ETF,2023-11-20,3253188.77,-11340.0,-0.3474,11858198.385527,3.6451,-41335.434
510300,华泰柏瑞沪深300ETF,2023-11-17,3264528.77,-41760.0,-1.263,11872438.230736,3.6368,-151872.768
510300,华泰柏瑞沪深300ETF,2023-11-16,3306288.77,-21240.0,-0.6383,12039189.298201,3.6413,-77341.212
510300,华泰柏瑞沪深300ETF,2023-11-15,3327528.77,-12240.0,-0.3665,12234325.028659,3.6767,-45002.808
510300,华泰柏瑞沪深300ETF,2023-11-14,3339768.77,2160.0,0.0647,12193829.756147001,3.6511000000000005,7886.376000000001
510300,华泰柏瑞沪深300ETF,2023-11-13,3337608.77,2700.0,0.081,12177599.358222,3.6486,9851.22
510300,华泰柏瑞沪深300ETF,2023-11-10,3334908.77,-14580.0,-0.4353,12192426.46312,3.656,-53304.48
510300,华泰柏瑞沪深300ETF,2023-11-09,3349488.77,-7380.0,-0.2198,12335832.191033,3.6829,-27179.802
510300,华泰柏瑞沪深300ETF,2023-11-08,3356868.77,-24930.0,-0.7372,12356969.629247,3.6811000000000003,-91769.823
510300,华泰柏瑞沪深300ETF,2023-11-07,3381798.77,1350.0,0.0399,12479175.641177,3.6901,4981.635
510300,华泰柏瑞沪深300ETF,2023-11-06,3380448.77,3960.0,0.1173,12518139.840187,3.7031,14664.276
510300,华泰柏瑞沪深300ETF,2023-11-03,3376488.77,29790.0,0.8901,12338702.912211,3.6543,108861.59700000001
510300,华泰柏瑞沪深300ETF,2023-11-02,3346698.77,20520.0,0.6169,12128436.34248,3.624,74364.48
510300,华泰柏瑞沪深300ETF,2023-11-01,3326178.77,-9720.0,-0.2914,12110949.519447,3.6411000000000002,-35391.492000000006
510300,华泰柏瑞沪深300ETF,2023-10-31,3335898.77,0.0,0.0,12151344.859602,3.6426000000000003,0.0
510300,华泰柏瑞沪深300ETF,2023-10-30,3335898.77,-4500.0,-0.1347,12189707.695457,3.6541,-16443.45
510300,华泰柏瑞沪深300ETF,2023-10-27,3340398.77,2610.0,0.0782,12134666.611778999,3.6327,9481.347
510300,华泰柏瑞沪深300ETF,2023-10-26,3337788.77,10620.0,0.3192,11960298.499541,3.5833,38054.646
510300,华泰柏瑞沪深300ETF,2023-10-25,3327168.77,-4770.0,-0.1432,11889637.599595,3.5734999999999997,-17045.594999999998
510300,华泰柏瑞沪深300ETF,2023-10-24,3331938.77,34200.0,1.0371,11840710.806949,3.5537,121536.54000000001
510300,华泰柏瑞沪深300ETF,2023-10-23,3297738.77,98730.0,3.0863,11675973.889062,3.5406,349563.438
510300,华泰柏瑞沪深300ETF,2023-10-20,3199008.77,-45630.0,-1.4063,11445733.478183,3.5778999999999996,-163259.577
510300,华泰柏瑞沪深300ETF,2023-10-19,3244638.77,-17640.0,-0.5407,11685242.066278,3.6014,-63528.695999999996
510300,华泰柏瑞沪深300ETF,2023-10-18,3262278.77,-4680.0,-0.1433,12004533.417846,3.6797999999999997,-17221.464
510300,华泰柏瑞沪深300ETF,2023-10-17,3266958.77,-12690.0,-0.3869,12117476.773807,3.7091000000000003,-47068.47900000001
510300,华泰柏瑞沪深300ETF,2023-10-16,3279648.77,-2790.0,-0.085,12122565.748551,3.6963,-10312.677
510300,华泰柏瑞沪深300ETF,2023-10-13,3282438.77,42480.0,1.3111,12255313.391672,3.7336,158603.328
510300,华泰柏瑞沪深300ETF,2023-10-12,3239958.77,1080.0,0.0333,12225012.430964,3.7732,4075.056
510300,华泰柏瑞沪深300ETF,2023-10-11,3238878.77,16830.0,0.5223,12106281.066506,3.7378,62907.174
510300,华泰柏瑞沪深300ETF,2023-10-10,3222048.77,18990.0,0.5929,12009864.585298,3.7274,70783.326
510300,华泰柏瑞沪深300ETF,2023-10-09,3203058.77,11430.0,0.3581,12029087.210735,3.7555,42925.365
510300,华泰柏瑞沪深300ETF,2023-09-28,3191628.77,40590.0,1.2881,12004354.129724,3.7611999999999997,152667.10799999998
510300,华泰柏瑞沪深300ETF,2023-09-27,3151038.77,16560.0,0.5283,11886978.655948,3.7724,62470.944
510300,华泰柏瑞沪深300ETF,2023-09-26,3134478.77,15390.0,0.4934,11800372.225419,3.7647,57938.733
510300,华泰柏瑞沪深300ETF,2023-09-25,3119088.77,-7380.0,-0.236,11811053.445359,3.7866999999999997,-27945.845999999998
510300,华泰柏瑞沪深300ETF,2023-09-22,3126468.77,24480.0,0.7892,11916848.363732,3.8116000000000003,93307.96800000001
510300,华泰柏瑞沪深300ETF,2023-09-21,3101988.77,7830.0,0.2531,11614466.352634,3.7441999999999998,29317.086
510300,华泰柏瑞沪深300ETF,2023-09-20,3094158.77,9720.0,0.3151,11689731.83306,3.778,36722.16
510300,华泰柏瑞沪深300ETF,2023-09-19,3084438.77,6030.0,0.1959,11697734.035225,3.7925,22868.775
510300,华泰柏瑞沪深300ETF,2023-09-18,3078408.77,9450.0,0.3079,11697337.644246,3.7998000000000003,35908.11
510300,华泰柏瑞沪深300ETF,2023-09-15,3068958.77,-11070.0,-0.3594,11602505.525861999,3.7805999999999997,-41851.242
510300,华泰柏瑞沪深300ETF,2023-09-14,3080028.77,-29340.0,-0.9436,11720741.481358001,3.8054,-111650.436
510300,华泰柏瑞沪深300ETF,2023-09-13,3109368.77,-18720.0,-0.5984,11842341.897422,3.8086,-71296.992
510300,华泰柏瑞沪深300ETF,2023-09-12,3128088.77,-720.0,-0.023,11989964.25541,3.833,-2759.76
510300,华泰柏瑞沪深300ETF,2023-09-11,3128808.77,-1170.0,-0.0374,12014938.557677,3.8401,-4492.917
510300,华泰柏瑞沪深300ETF,2023-09-08,3129978.77,7020.0,0.2248,11931792.069117,3.8121,26760.942
510300,华泰柏瑞沪深300ETF,2023-09-07,3122958.77,1980.0,0.0634,11963742.751992999,3.8308999999999997,7585.182
510300,华泰柏瑞沪深300ETF,2023-09-06,3120978.77,21060.0,0.6794,12125626.717203999,3.8851999999999998,81822.31199999999
510300,华泰柏瑞沪深300ETF,2023-09-05,3099918.77,-2340.0,-0.0754,12070153.714749001,3.8937000000000004,-9111.258000000002
510300,华泰柏瑞沪深300ETF,2023-09-04,3102258.77,-19530.0,-0.6256,12169540.702956,3.9228,-76612.284
510300,华泰柏瑞沪深300ETF,2023-09-01,3121788.77,-13860.0,-0.442,12064152.701665,3.8644999999999996,-53561.969999999994
510300,华泰柏瑞沪深300ETF,2023-08-31,3135648.77,-15210.0,-0.4827,12033365.719752,3.8376,-58369.896
510300,华泰柏瑞沪深300ETF,2023-08-30,3150858.77,-23670.0,-0.7456,12165465.71097,3.8609999999999998,-91389.87
510300,华泰柏瑞沪深300ETF,2023-08-29,3174528.77,116190.0,3.7991,12263204.63851,3.863,448841.97
510300,华泰柏瑞沪深300ETF,2023-08-28,3058338.77,96660.0,3.2637,11698757.463003999,3.8251999999999997,369743.832
510300,华泰柏瑞沪深300ETF,2023-08-25,2961678.77,40680.0,1.3927,11197218.925739,3.7807,153798.876
510300,华泰柏瑞沪深300ETF,2023-08-24,2920998.77,16110.0,0.5546,11077887.835225,3.7924999999999995,61097.174999999996
510300,华泰柏瑞沪深300ETF,2023-08-23,2904888.77,-1080.0,-0.0372,10938358.663435,3.7655000000000003,-4066.7400000000002
510300,华泰柏瑞沪深300ETF,2023-08-22,2905968.77,32670.0,1.137,11123467.257806,3.8278,125054.226
510300,华泰柏瑞沪深300ETF,2023-08-21,2873298.77,20520.0,0.7193,10914800.037599001,3.7987,77949.32400000001
510300,华泰柏瑞沪深300ETF,2023-08-18,2852778.77,36630.0,1.3007,10994324.101703,3.8539,141168.357
510300,华泰柏瑞沪深300ETF,2023-08-17,2816148.77,53910.0,1.9517,10986922.811278,3.9014,210324.47400000002
510300,华泰柏瑞沪深300ETF,2023-08-16,2762238.77,35640.0,1.3071,10741517.904899001,3.8887000000000005,138593.268
510300,华泰柏瑞沪深300ETF,2023-08-15,2726598.77,8280.0,0.3046,10680632.701844,3.9172,32434.415999999997
510300,华泰柏瑞沪深300ETF,2023-08-14,2718318.77,33480.0,1.247,10674294.146036,3.9268000000000005,131469.26400000002
510300,华泰柏瑞沪深300ETF,2023-08-11,2684838.77,-3420.0,-0.1272,10620416.722489,3.9556999999999998,-13528.493999999999
510300,华泰柏瑞沪深300ETF,2023-08-10,2688258.77,32940.0,1.2405,10878845.590436,4.0468,133301.592
510300,华泰柏瑞沪深300ETF,2023-08-09,2655318.77,98370.0,3.8472,10722708.257014,4.038200000000001,397237.73400000005
510300,华泰柏瑞沪深300ETF,2023-08-08,2556948.77,55440.0,2.2163,10354108.349238,4.0494,224498.736
510300,华泰柏瑞沪深300ETF,2023-08-07,2501508.77,90180.0,3.7398,10156125.6062,4.0600000000000005,366130.80000000005
510300,华泰柏瑞沪深300ETF,2023-08-04,2411328.77,62280.0,2.6513,9864987.130947,4.0911,254793.70799999998
510300,华泰柏瑞沪深300ETF,2023-08-03,2349048.77,10980.0,0.4696,9572373.73775,4.074999999999999,44743.49999999999
510300,华泰柏瑞沪深300ETF,2023-08-02,2338068.77,26730.0,1.1565,9444862.603292,4.0396,107978.508
510300,华泰柏瑞沪深300ETF,2023-08-01,2311338.77,66510.0,2.9628,9402294.982483,4.0679,270556.029
510300,华泰柏瑞沪深300ETF,2023-07-31,2244828.77,124470.0,5.8702,9169901.042573,4.084899999999999,508447.5029999999
510300,华泰柏瑞沪深300ETF,2023-07-28,2120358.77,92070.0,4.5393,8614805.646633001,4.062900000000001,374071.2030000001
510310,易方达沪深300ETF,2026-07-27,1135684.4,7560.0,0.6701,5248565.4546,4.6215,34938.54
510310,易方达沪深300ETF,2026-07-24,1128124.4,9630.0,0.861,5153610.69652,4.5683,43992.729
510310,易方达沪深300ETF,2026-07-23,1118494.4,2160.0,0.1935,5195182.78912,4.6448,10032.768
510310,易方达沪深300ETF,2026-07-22,1116334.4,1890.0,0.1696,5173093.6096,4.634,8758.26
510310,易方达沪深300ETF,2026-07-21,1114444.4,12510.0,1.1353,5187181.4598,4.6545000000000005,58227.795000000006
510310,易方达沪深300ETF,2026-07-20,1101934.4,39780.0,3.7452,4977327.491359999,4.5169,179682.28199999998
510310,易方达沪深300ETF,2026-07-17,1062154.4,65160.0,6.5356,4725524.9256,4.449,289896.83999999997
510310,易方达沪深300ETF,2026-07-16,996994.4,21600.0,2.2145,4596343.582880001,4.610200000000001,99580.32000000002
510310,易方达沪深300ETF,2026-07-15,975394.4,9360.0,0.9689,4576940.68256,4.692399999999999,43920.863999999994
510310,易方达沪深300ETF,2026-07-14,966034.4,23220.0,2.4628,4540941.30064,4.7006,109147.93199999999
510310,易方达沪深300ETF,2026-07-13,942814.4,25110.0,2.7362,4339114.7131199995,4.6023,115563.753
510310,易方达沪深300ETF,2026-07-10,917704.4,-90.0,-0.0098,4297242.62344,4.6826,-421.43399999999997
510310,易方达沪深300ETF,2026-07-09,917794.4,810.0,0.0883,4377053.27304,4.7691,3862.971
510310,易方达沪深300ETF,2026-07-08,916984.4,4050.0,0.4436,4265352.9366,4.6514999999999995,18838.574999999997
510310,易方达沪深300ETF,2026-07-07,912934.4,810.0,0.0888,4278010.5984,4.685999999999999,3795.6599999999994
510310,易方达沪深300ETF,2026-07-06,912124.4,-5400.0,-0.5885,4317449.6349599995,4.7334,-25560.359999999997
510310,易方达沪深300ETF,2026-07-03,917524.4,-164700.0,-15.2187,4343835.766919999,4.734299999999999,-779739.2099999998
510310,易方达沪深300ETF,2026-07-02,1082224.4,-51300.0,-4.5257,5091000.022480001,4.704200000000001,-241325.46000000005
510310,易方达沪深300ETF,2026-07-01,1133524.4,-26550.0,-2.2886,5493285.94728,4.8462000000000005,-128666.61000000002
510310,易方达沪深300ETF,2026-06-30,1160074.4,-161010.0,-12.1877,5645038.03784,4.8661,-783490.761
510310,易方达沪深300ETF,2026-06-29,1321084.4,-67590.0,-4.8672,6359303.97628,4.813700000000001,-325357.98300000007
510310,易方达沪深300ETF,2026-06-26,1388674.4,1800.0,0.1298,6600786.02552,4.7533,8555.94
510310,易方达沪深300ETF,2026-06-25,1386874.4,-187290.0,-11.8977,6788334.1256800005,4.8947,-916728.363
510310,易方达沪深300ETF,2026-06-24,1574164.4,-127980.0,-7.5188,7586527.909360001,4.819400000000001,-616786.8120000002
510310,易方达沪深300ETF,2026-06-23,1702144.4,-135900.0,-7.3937,8163314.32796,4.7959000000000005,-651762.81
510310,易方达沪深300ETF,2026-06-22,1838044.4,-62010.0,-3.2636,9065970.198560001,4.932400000000001,-305858.12400000007
510310,易方达沪深300ETF,2026-06-18,1900054.4,-51030.0,-2.6155,9152372.03936,4.8169,-245806.407
510310,易方达沪深300ETF,2026-06-17,1951084.4,-105480.0,-5.1289,9376131.19264,4.8056,-506894.688
510310,易方达沪深300ETF,2026-06-16,2056564.4,-90990.0,-4.2369,9789040.88756,4.759900000000001,-433103.3010000001
510310,易方达沪深300ETF,2026-06-15,2147554.4,-73080.0,-3.291,10237177.069360001,4.766900000000001,-348365.052
510310,易方达沪深300ETF,2026-06-12,2220634.4,-11340.0,-0.5081,10337941.38576,4.6554,-52792.236000000004
510310,易方达沪深300ETF,2026-06-11,2231974.4,1350.0,0.0605,10272662.176,4.602500000000001,6213.375000000001
510310,易方达沪深300ETF,2026-06-10,2230624.4,3780.0,0.1697,10320652.973919999,4.626799999999999,17489.303999999996
510310,易方达沪深300ETF,2026-06-09,2226844.4,-3150.0,-0.1413,10406711.93452,4.6733,-14720.895
510310,易方达沪深300ETF,2026-06-08,2229994.4,30420.0,1.383,10229876.310560001,4.587400000000001,139548.708
510310,易方达沪深300ETF,2026-06-05,2199574.4,9630.0,0.4397,10310724.95744,4.6876,45141.587999999996
510310,易方达沪深300ETF,2026-06-04,2189944.4,-15030.0,-0.6816,10448443.726839999,4.7711,-71709.633
510310,易方达沪深300ETF,2026-06-03,2204974.4,-5040.0,-0.2281,10591815.02784,4.8036,-24210.144
510310,易方达沪深300ETF,2026-06-02,2210014.4,-2250.0,-0.1017,10563647.83056,4.7799000000000005,-10754.775000000001
510310,易方达沪深300ETF,2026-06-01,2212264.4,1350.0,0.0611,10422862.49416,4.7114,6360.39
510310,易方达沪深300ETF,2026-05-29,2210914.4,900.0,0.0407,10519088.53232,4.7578000000000005,4282.02
510310,易方达沪深300ETF,2026-05-28,2210014.4,-2070.0,-0.0936,10560111.80752,4.778300000000001,-9891.081000000002
510310,易方达沪深300ETF,2026-05-27,2212084.4,-19980.0,-0.8951,10556066.7568,4.772,-95344.56
510310,易方达沪深300ETF,2026-05-26,2232064.4,-64530.0,-2.8098,10733774.49316,4.8089,-310318.31700000004
510310,易方达沪深300ETF,2026-05-25,2296594.4,-100800.0,-4.2046,10985759.3124,4.7835,-482176.8
510310,易方达沪深300ETF,2026-05-22,2397394.4,-47250.0,-1.9328,11289809.70848,4.7092,-222509.7
510310,易方达沪深300ETF,2026-05-21,2444644.4,-48060.0,-1.928,11365396.28004,4.6491,-223435.74599999998
510310,易方达沪深300ETF,2026-05-20,2492704.4,-25830.0,-1.0256,11751356.35292,4.7143,-121770.36899999999
510310,易方达沪深300ETF,2026-05-19,2518534.4,-39780.0,-1.5549,11876652.67008,4.7157,-187590.546
510310,易方达沪深300ETF,2026-05-18,2558314.4,-13590.0,-0.5284,12015635.24248,4.696700000000001,-63828.15300000001
510310,易方达沪深300ETF,2026-05-15,2571904.4,-9180.0,-0.3557,12144532.5768,4.722,-43347.96000000001
510310,易方达沪深300ETF,2026-05-14,2581084.4,-45630.0,-1.7372,12325452.33532,4.7753,-217896.93899999998
510310,易方达沪深300ETF,2026-05-13,2626714.4,-50670.0,-1.8925,12756375.81216,4.8564,-246073.788
510310,易方达沪深300ETF,2026-05-12,2677384.4,-65970.0,-2.4047,12866170.7342,4.8055,-317018.835
510310,易方达沪深300ETF,2026-05-11,2743354.4,-78570.0,-2.7843,13193065.64504,4.8091,-377850.987
510310,易方达沪深300ETF,2026-05-08,2821924.4,-50670.0,-1.7639,13351088.721280001,4.7312,-239729.904
510310,易方达沪深300ETF,2026-05-07,2872594.4,-47250.0,-1.6182,13670102.23072,4.7588,-224853.3
510310,易方达沪深300ETF,2026-05-06,2919844.4,-49500.0,-1.667,13828675.06284,4.7361,-234436.95
510310,易方达沪深300ETF,2026-04-30,2969344.4,-45900.0,-1.5223,13860602.724760002,4.6679,-214256.61000000002
510310,易方达沪深300ETF,2026-04-29,3015244.4,-26280.0,-0.864,14082397.44576,4.6704,-122738.112
510310,易方达沪深300ETF,2026-04-28,3041524.4,-18360.0,-0.6,14049409.50848,4.6192,-84808.512
510310,易方达沪深300ETF,2026-04-27,3059884.4,-20880.0,-0.6778,14171854.5986,4.6315,-96705.72
510310,易方达沪深300ETF,2026-04-24,3080764.4,-1530.0,-0.0496,14263939.172,4.63,-7083.9
510310,易方达沪深300ETF,2026-04-23,3082294.4,-23220.0,-0.7477,14320031.552960001,4.6459,-107877.79800000001
510310,易方达沪深300ETF,2026-04-22,3105514.4,-10260.0,-0.3293,14468281.03816,4.6589,-47800.314
510310,易方达沪深300ETF,2026-04-21,3115774.4,-13590.0,-0.4343,14410145.02256,4.6249,-62852.391
510310,易方达沪深300ETF,2026-04-20,3129364.4,-4050.0,-0.1293,14440139.08736,4.6144,-18688.32
510310,易方达沪深300ETF,2026-04-17,3133414.4,-6210.0,-0.1978,14371718.48704,4.5866,-28482.786
510310,易方达沪深300ETF,2026-04-16,3139624.4,1530.0,0.0488,14423748.456039999,4.5941,7028.973
510310,易方达沪深300ETF,2026-04-15,3138094.4,6120.0,0.1954,14259814.763039999,4.544099999999999,27809.891999999996
510310,易方达沪深300ETF,2026-04-14,3131974.4,3420.0,0.1093,14279297.684479998,4.5592,15592.463999999998
510310,易方达沪深300ETF,2026-04-13,3128554.4,-6480.0,-0.2067,14096327.56008,4.5057,-29196.936
510310,易方达沪深300ETF,2026-04-10,3135034.4,-21510.0,-0.6814,14096368.67616,4.4964,-96717.56400000001
510310,易方达沪深300ETF,2026-04-09,3156544.4,-9270.0,-0.2928,13976862.948760001,4.4279,-41046.633
510310,易方达沪深300ETF,2026-04-08,3165814.4,1800.0,0.0569,14108135.29216,4.4564,8021.52
510310,易方达沪深300ETF,2026-04-07,3164014.4,270.0,0.0085,13624562.407839999,4.3061,1162.647
510310,易方达沪深300ETF,2026-04-03,3163744.4,360.0,0.0114,13623716.13528,4.3062000000000005,1550.2320000000002
510310,易方达沪深300ETF,2026-04-02,3163384.4,-3960.0,-0.125,13738578.4492,4.343,-17198.28
510310,易方达沪深300ETF,2026-04-01,3167344.4,-2610.0,-0.0823,13901157.83716,4.3889000000000005,-11455.029
510310,易方达沪深300ETF,2026-03-31,3169954.4,-9810.0,-0.3085,13679304.22232,4.3153,-42333.09299999999
510310,易方达沪深300ETF,2026-03-30,3179764.4,-4230.0,-0.1329,13849145.86776,4.3554,-18423.342
510310,易方达沪深300ETF,2026-03-27,3183994.4,4050.0,0.1274,13900682.75152,4.3658,17681.49
510310,易方达沪深300ETF,2026-03-26,3179944.4,-3690.0,-0.1159,13805410.61816,4.3414,-16019.766000000001
510310,易方达沪深300ETF,2026-03-25,3183634.4,-3870.0,-0.1214,14006717.90624,4.3996,-17026.452
510310,易方达沪深300ETF,2026-03-24,3187504.4,450.0,0.0141,13829306.589839999,4.3386,1952.37
510310,易方达沪深300ETF,2026-03-23,3187054.4,16470.0,0.5195,13651747.5224,4.2835,70549.245
510310,易方达沪深300ETF,2026-03-20,3170584.4,360.0,0.0114,14040615.95696,4.4284,1594.224
510310,易方达沪深300ETF,2026-03-19,3170224.4,6930.0,0.2191,14088477.2336,4.444,30796.92
510310,易方达沪深300ETF,2026-03-18,3163294.4,360.0,0.0114,14287968.145920001,4.516800000000001,1626.0480000000002
510310,易方达沪深300ETF,2026-03-17,3162934.4,-2250.0,-0.0711,14222767.116479998,4.4967,-10117.574999999999
510310,易方达沪深300ETF,2026-03-16,3165184.4,3240.0,0.1025,14337335.776679998,4.529699999999999,14676.227999999997
510310,易方达沪深300ETF,2026-03-13,3161944.4,1080.0,0.0342,14314754.687679999,4.5272,4889.375999999999
510310,易方达沪深300ETF,2026-03-12,3160864.4,-4590.0,-0.145,14366128.698,4.545000000000001,-20861.550000000003
510310,易方达沪深300ETF,2026-03-11,3165454.4,-7470.0,-0.2354,14439220.2456,4.5615000000000006,-34074.405000000006
510310,易方达沪深300ETF,2026-03-10,3172924.4,-5670.0,-0.1784,14381914.427879998,4.532699999999999,-25700.408999999996
510310,易方达沪深300ETF,2026-03-09,3178594.4,0.0,0.0,14224527.79944,4.4751,0.0
510310,易方达沪深300ETF,2026-03-06,3178594.4,1620.0,0.051,14363114.515279999,4.5187,7320.294
510310,易方达沪深300ETF,2026-03-05,3176974.4,1710.0,0.0539,14316082.04128,4.5062,7705.602
510310,易方达沪深300ETF,2026-03-04,3175264.4,8280.0,0.2614,14170569.964320002,4.4628000000000005,36951.984000000004
510310,易方达沪深300ETF,2026-03-03,3166984.4,-13140.0,-0.4132,14297351.0738,4.5145,-59320.53
510310,易方达沪深300ETF,2026-03-02,3180124.4,-16830.0,-0.5264,14581188.38644,4.5851,-77167.233
510310,易方达沪深300ETF,2026-02-27,3196954.4,-2610.0,-0.0816,14602408.917439999,4.5676,-11921.436
510310,易方达沪深300ETF,2026-02-26,3199564.4,-18540.0,-0.5761,14664243.558079999,4.5832,-84972.52799999999
510310,易方达沪深300ETF,2026-02-25,3218104.4,90.0,0.0028,14776891.783920001,4.5918,413.262
510310,易方达沪深300ETF,2026-02-24,3218014.4,-2160.0,-0.0671,14687661.324479999,4.5642,-9858.671999999999
510310,易方达沪深300ETF,2026-02-13,3220174.4,-17190.0,-0.531,14549391.974079998,4.518199999999999,-77667.858
510310,易方达沪深300ETF,2026-02-12,3237364.4,-3690.0,-0.1139,14812237.075760001,4.5754,-16883.226
510310,易方达沪深300ETF,2026-02-11,3241054.4,-5850.0,-0.1802,14808701.65904,4.569100000000001,-26729.235000000004
510310,易方达沪深300ETF,2026-02-10,3246904.4,-10080.0,-0.3095,14867575.2476,4.579000000000001,-46156.32000000001
510310,易方达沪深300ETF,2026-02-09,3256984.4,90.0,0.0028,14896795.248720001,4.5738,411.64200000000005
510310,易方达沪深300ETF,2026-02-06,3256894.4,5490.0,0.1689,14656676.178879999,4.5001999999999995,24706.097999999998
510310,易方达沪深300ETF,2026-02-05,3251404.4,6750.0,0.208,14710003.786479998,4.5241999999999996,30538.35
510310,易方达沪深300ETF,2026-02-04,3244654.4,-7920.0,-0.2435,14766746.63984,4.5511,-36044.712
510310,易方达沪深300ETF,2026-02-03,3252574.4,15750.0,0.4866,14681795.58416,4.5139000000000005,71093.925
510310,易方达沪深300ETF,2026-02-02,3236824.4,-10710.0,-0.3298,14440444.695720002,4.4613000000000005,-47780.52300000001
510310,易方达沪深300ETF,2026-01-30,3247534.4,-52560.0,-1.5927,14804859.82272,4.558800000000001,-239610.52800000002
510310,易方达沪深300ETF,2026-01-29,3300094.4,-196470.0,-5.6189,15195614.674239999,4.6046,-904665.7619999999
510310,易方达沪深300ETF,2026-01-28,3496564.4,-626670.0,-15.1985,15979648.96444,4.5701,-2863944.567
510310,易方达沪深300ETF,2026-01-27,4123234.4,-261720.0,-5.9686,18794939.36552,4.5583,-1192998.276
510310,易方达沪深300ETF,2026-01-26,4384954.4,-501030.0,-10.2544,19993199.5868,4.5595,-2284446.285
510310,易方达沪深300ETF,2026-01-23,4885984.4,-449550.0,-8.4256,22257613.33576,4.5554,-2047880.0699999998
510310,易方达沪深300ETF,2026-01-22,5335534.4,-334350.0,-5.8969,24409002.77312,4.5748,-1529584.38
510310,易方达沪深300ETF,2026-01-21,5669884.4,-301950.0,-5.0562,25936319.19936,4.5744,-1381240.0799999998
510310,易方达沪深300ETF,2026-01-20,5971834.4,-150030.0,-2.4507,27291880.39144,4.5701,-685652.103
510310,易方达沪深300ETF,2026-01-19,6121864.4,-119610.0,-1.9164,28530336.849759996,4.660399999999999,-557430.4439999999
510310,易方达沪深300ETF,2026-01-16,6241474.4,-169920.0,-2.6503,29072787.7552,4.6579999999999995,-791487.3599999999
510310,易方达沪深300ETF,2026-01-15,6411394.4,-139140.0,-2.1241,29971345.40168,4.6747,-650437.7579999999
510310,易方达沪深300ETF,2026-01-14,6550534.4,-20520.0,-0.3123,30560208.136320002,4.6653,-95731.956
510310,易方达沪深300ETF,2026-01-13,6571054.4,-10260.0,-0.1559,30773561.96608,4.683199999999999,-48049.63199999999
510310,易方达沪深300ETF,2026-01-12,6581314.4,-12150.0,-0.1843,31008520.927040003,4.7116,-57245.939999999995
510310,易方达沪深300ETF,2026-01-09,6593464.4,1350.0,0.0205,30862028.81708,4.6807,6318.945
510310,易方达沪深300ETF,2026-01-08,6592114.4,-540.0,-0.0082,30715297.835359998,4.6594,-2516.076
510310,易方达沪深300ETF,2026-01-07,6592654.4,-5670.0,-0.0859,30970312.57488,4.6977,-26635.959000000003
510310,易方达沪深300ETF,2026-01-06,6598324.4,1350.0,0.0205,31088005.4106,4.7115,6360.525
510310,易方达沪深300ETF,2026-01-05,6596974.4,11610.0,0.1763,30608641.82112,4.6398,53868.078
510310,易方达沪深300ETF,2025-12-31,6585364.4,-14850.0,-0.225,29985139.72252,4.5533,-67616.505
510310,易方达沪深300ETF,2025-12-30,6600214.4,-1620.0,-0.0245,30192020.75136,4.5744,-7410.527999999999
510310,易方达沪深300ETF,2025-12-29,6601834.4,-13500.0,-0.2041,30121529.633440003,4.5626,-61595.1
510310,易方达沪深300ETF,2025-12-26,6615334.4,3690.0,0.0558,30299554.61888,4.5802,16900.938
510310,易方达沪深300ETF,2025-12-25,6611644.4,-1440.0,-0.0218,30186784.837079998,4.5657,-6574.607999999999
510310,易方达沪深300ETF,2025-12-24,6613084.4,2430.0,0.0368,30132519.0686,4.5565,11072.295
510310,易方达沪深300ETF,2025-12-23,6610654.4,-10080.0,-0.1522,30033525.070079997,4.5432,-45795.456
510310,易方达沪深300ETF,2025-12-22,6620734.4,-19080.0,-0.2874,30018409.7696,4.534,-86508.72
510310,易方达沪深300ETF,2025-12-19,6639814.4,-2880.0,-0.0434,29822062.39616,4.4914,-12935.231999999998
510310,易方达沪深300ETF,2025-12-18,6642694.4,90.0,0.0014,29716757.667840004,4.4736,402.624
510310,易方达沪深300ETF,2025-12-17,6642604.4,7470.0,0.1126,29885741.456040002,4.4991,33608.277
510310,易方达沪深300ETF,2025-12-16,6635134.4,900.0,0.0136,29310706.212,4.4174999999999995,3975.7499999999995
510310,易方达沪深300ETF,2025-12-15,6634234.4,-1980.0,-0.0298,29660998.578959998,4.470899999999999,-8852.382
510310,易方达沪深300ETF,2025-12-12,6636214.4,8370.0,0.1263,29848365.12832,4.4978,37646.585999999996
510310,易方达沪深300ETF,2025-12-11,6627844.4,-180.0,-0.0027,29621824.97692,4.4693,-804.4739999999999
510310,易方达沪深300ETF,2025-12-10,6628024.4,-5130.0,-0.0773,29875157.180559997,4.5074,-23122.962
510310,易方达沪深300ETF,2025-12-09,6633154.4,-8460.0,-0.1274,29944048.907920003,4.5143,-38190.978
510310,易方达沪深300ETF,2025-12-08,6641614.4,4320.0,0.0651,30134332.85568,4.5371999999999995,19600.703999999998
510310,易方达沪深300ETF,2025-12-05,6637294.4,5130.0,0.0774,29871807.176640004,4.5006,23088.078
510310,易方达沪深300ETF,2025-12-04,6632164.4,3150.0,0.0475,29600676.15008,4.4632,14059.079999999998
510310,易方达沪深300ETF,2025-12-03,6629014.4,-720.0,-0.0109,29485856.0512,4.4479999999999995,-3202.5599999999995
510310,易方达沪深300ETF,2025-12-02,6629734.4,-1530.0,-0.0231,29640879.528959997,4.470899999999999,-6840.476999999999
510310,易方达沪深300ETF,2025-12-01,6631264.4,-3960.0,-0.0597,29791618.44344,4.4926,-17790.696
510310,易方达沪深300ETF,2025-11-28,6635224.4,1620.0,0.0244,29484946.666279998,4.4437,7198.794
510310,易方达沪深300ETF,2025-11-27,6633604.4,-2880.0,-0.0434,29403451.503,4.432499999999999,-12765.599999999999
510310,易方达沪深300ETF,2025-11-26,6636484.4,-7560.0,-0.1138,29430153.72024,4.4346,-33525.576
510310,易方达沪深300ETF,2025-11-25,6644044.4,-3960.0,-0.0596,29286283.31076,4.4079,-17455.284
510310,易方达沪深300ETF,2025-11-24,6648004.4,11430.0,0.1722,29026516.811279997,4.366199999999999,49905.66599999999
510310,易方达沪深300ETF,2025-11-21,6636574.4,270.0,0.0041,29011784.9896,4.371499999999999,1180.3049999999998
510310,易方达沪深300ETF,2025-11-20,6636304.4,-6300.0,-0.0948,29893896.800240003,4.5046,-28378.98
510310,易方达沪深300ETF,2025-11-19,6642604.4,-2700.0,-0.0406,30070405.858359996,4.5268999999999995,-12222.63
510310,易方达沪深300ETF,2025-11-18,6645304.4,1620.0,0.0244,29950386.9308,4.507,7301.339999999999
510310,易方达沪深300ETF,2025-11-17,6643684.4,-990.0,-0.0149,30133094.964640003,4.5356000000000005,-4490.244000000001
510310,易方达沪深300ETF,2025-11-14,6644674.4,-3690.0,-0.0555,30335596.50576,4.5653999999999995,-16846.325999999997
510310,易方达沪深300ETF,2025-11-13,6648364.4,-8460.0,-0.1271,30836443.76008,4.638199999999999,-39239.172
510310,易方达沪深300ETF,2025-11-12,6656824.4,-4950.0,-0.0743,30506894.86032,4.5828,-22684.86
510310,易方达沪深300ETF,2025-11-11,6661774.4,-3600.0,-0.054,30568884.18928,4.588699999999999,-16519.319999999996
510310,易方达沪深300ETF,2025-11-10,6665374.4,-1170.0,-0.0176,30866682.30896,4.6309,-5418.152999999999
510310,易方达沪深300ETF,2025-11-07,6666544.4,-1530.0,-0.0229,30762769.1338,4.6145,-7060.1849999999995
510310,易方达沪深300ETF,2025-11-06,6668074.4,-270.0,-0.004,30863849.167840004,4.6286000000000005,-1249.7220000000002
510310,易方达沪深300ETF,2025-11-05,6668344.4,-4860.0,-0.0728,30430322.83496,4.5634,-22178.124
510310,易方达沪深300ETF,2025-11-04,6673204.4,-20880.0,-0.3119,30395111.40112,4.554799999999999,-95104.22399999999
510310,易方达沪深300ETF,2025-11-03,6694084.4,-3060.0,-0.0457,30718483.90316,4.5889,-14042.034
510310,易方达沪深300ETF,2025-10-31,6697144.4,11970.0,0.1791,30646802.488840003,4.5761,54775.917
510310,易方达沪深300ETF,2025-10-30,6685174.4,-3240.0,-0.0484,31047955.46592,4.6443,-15047.532000000001
510310,易方达沪深300ETF,2025-10-29,6688414.4,2700.0,0.0404,31312480.855040003,4.6816,12640.320000000002
510310,易方达沪深300ETF,2025-10-28,6685714.4,2160.0,0.0323,30930789.10016,4.626399999999999,9993.024
510310,易方达沪深300ETF,2025-10-27,6683554.4,-3420.0,-0.0511,31074517.827359997,4.649399999999999,-15900.947999999997
510310,易方达沪深300ETF,2025-10-24,6686974.4,-5040.0,-0.0753,30724641.275679998,4.5947,-23157.287999999997
510310,易方达沪深300ETF,2025-10-23,6692014.4,-5940.0,-0.0887,30365684.541440003,4.5376,-26953.344
510310,易方达沪深300ETF,2025-10-22,6697954.4,-6840.0,-0.102,30301545.7056,4.524,-30944.16
510310,易方达沪深300ETF,2025-10-21,6704794.4,-6030.0,-0.0899,30432391.30216,4.5389,-27369.567
510310,易方达沪深300ETF,2025-10-20,6710824.4,3600.0,0.0537,29999398.31532,4.4703,16093.08
510310,易方达沪深300ETF,2025-10-17,6707224.4,6300.0,0.094,29827026.9068,4.447,28016.100000000002
510310,易方达沪深300ETF,2025-10-16,6700924.4,1260.0,0.0188,30478484.54096,4.5484,5730.984
510310,易方达沪深300ETF,2025-10-15,6699664.4,4230.0,0.0632,30384317.986879997,4.5352,19183.895999999997
510310,易方达沪深300ETF,2025-10-14,6695434.4,-2700.0,-0.0403,29917879.072959997,4.468399999999999,-12064.679999999997
510310,易方达沪深300ETF,2025-10-13,6698134.4,24030.0,0.36,30291643.01056,4.522399999999999,108673.27199999998
510310,易方达沪深300ETF,2025-10-10,6674104.4,-5670.0,-0.0849,30330467.4458,4.544499999999999,-25767.314999999995
510310,易方达沪深300ETF,2025-10-09,6679774.4,6930.0,0.1039,30962758.276320003,4.6353,32122.629
510310,易方达沪深300ETF,2025-09-30,6672844.4,-900.0,-0.0135,30479551.365879998,4.567699999999999,-4110.929999999999
510310,易方达沪深300ETF,2025-09-29,6673744.4,5400.0,0.081,30341511.540159997,4.546399999999999,24550.559999999998
510310,易方达沪深300ETF,2025-09-26,6668344.4,-900.0,-0.0135,29856845.21656,4.477399999999999,-4029.6599999999994
510310,易方达沪深300ETF,2025-09-25,6669244.4,-3150.0,-0.0472,30142316.990240004,4.5196000000000005,-14236.740000000002
510310,易方达沪深300ETF,2025-09-24,6672394.4,-3330.0,-0.0499,29973730.12368,4.4921999999999995,-14959.025999999998
510310,易方达沪深300ETF,2025-09-23,6675724.4,-8190.0,-0.1225,29680938.25484,4.4461,-36413.559
510310,易方达沪深300ETF,2025-09-22,6683914.4,-12780.0,-0.1908,29736735.1656,4.449,-56858.22
510310,易方达沪深300ETF,2025-09-19,6696694.4,-450.0,-0.0067,29658989.82816,4.4289,-1993.0049999999999
510310,易方达沪深300ETF,2025-09-18,6697144.4,-8100.0,-0.1208,29779522.289040003,4.4466,-36017.46
510310,易方达沪深300ETF,2025-09-17,6705244.4,-630.0,-0.0094,30166894.5556,4.499,-2834.37
510310,易方达沪深300ETF,2025-09-16,6705874.4,-180.0,-0.0027,29983305.61728,4.4712,-804.8159999999999
510310,易方达沪深300ETF,2025-09-15,6706054.4,-7020.0,-0.1046,30042453.10656,4.4799,-31448.897999999997
510310,易方达沪深300ETF,2025-09-12,6713074.4,-630.0,-0.0094,30002072.10848,4.4692,-2815.596
510310,易方达沪深300ETF,2025-09-11,6713704.4,810.0,0.0121,30172058.944040004,4.4941,3640.2210000000005
510310,易方达沪深300ETF,2025-09-10,6712894.4,-4050.0,-0.0603,29491758.967520002,4.3933,-17792.865
510310,易方达沪深300ETF,2025-09-09,6716944.4,-12600.0,-0.1872,29449099.33292,4.3843,-55242.17999999999
510310,易方达沪深300ETF,2025-09-08,6729544.4,-3150.0,-0.0468,29712957.38932,4.4153,-13908.195000000002
510310,易方达沪深300ETF,2025-09-05,6732694.4,810.0,0.012,29677043.645759996,4.407899999999999,3570.398999999999
510310,易方达沪深300ETF,2025-09-04,6731884.4,3420.0,0.0508,29038656.547840003,4.3136,14752.512
510310,易方达沪深300ETF,2025-09-03,6728464.4,180.0,0.0027,29646286.992840003,4.4061,793.0980000000001
510310,易方达沪深300ETF,2025-09-02,6728284.4,-2160.0,-0.0321,29849360.912159998,4.436399999999999,-9582.623999999998
510310,易方达沪深300ETF,2025-09-01,6730444.4,-8640.0,-0.1282,30079029.068040002,4.4691,-38613.024
510310,易方达沪深300ETF,2025-08-29,6739084.4,540.0,0.008,29938382.447,4.4425,2398.95
510310,易方达沪深300ETF,2025-08-28,6738544.4,9540.0,0.1418,29704177.569640003,4.4081,42053.274
510310,易方达沪深300ETF,2025-08-27,6729004.4,-2790.0,-0.0414,29149374.160359997,4.331899999999999,-12086.000999999998
510310,易方达沪深300ETF,2025-08-26,6731794.4,5040.0,0.0749,29601719.51512,4.3972999999999995,22162.391999999996
510310,易方达沪深300ETF,2025-08-25,6726754.4,13950.0,0.2078,29686512.51808,4.4132,61564.14
510310,易方达沪深300ETF,2025-08-22,6712804.4,8370.0,0.1248,29019453.4212,4.3229999999999995,36183.509999999995
510310,易方达沪深300ETF,2025-08-21,6704434.4,-6750.0,-0.1006,28385904.80616,4.233899999999999,-28578.824999999997
510310,易方达沪深300ETF,2025-08-20,6711184.4,-9630.0,-0.1433,28303749.088559996,4.2174,-40613.562
510310,易方达沪深300ETF,2025-08-19,6720814.4,-5670.0,-0.0843,28020419.396479998,4.169199999999999,-23639.363999999994
510310,易方达沪深300ETF,2025-08-18,6726484.4,-2790.0,-0.0415,28148991.917120002,4.1848,-11675.592
510310,易方达沪深300ETF,2025-08-15,6729274.4,4680.0,0.0696,27913703.13864,4.1481,19413.108
510310,易方达沪深300ETF,2025-08-14,6724594.4,-3060.0,-0.0455,27697259.414720003,4.1188,-12603.528
510310,易方达沪深300ETF,2025-08-13,6727654.4,9180.0,0.1366,27726009.313279998,4.121199999999999,37832.615999999995
510310,易方达沪深300ETF,2025-08-12,6718474.4,-270.0,-0.004,27472513.66904,4.089099999999999,-1104.0569999999998
510310,易方达沪深300ETF,2025-08-11,6718744.4,2160.0,0.0322,27332524.09364,4.068099999999999,8787.096
510310,易方达沪深300ETF,2025-08-08,6716584.4,-7200.0,-0.1071,27208211.74596,4.0508999999999995,-29166.479999999996
510310,易方达沪深300ETF,2025-08-07,6723784.4,-7920.0,-0.1177,27291168.50116,4.0588999999999995,-32146.487999999998
510310,易方达沪深300ETF,2025-08-06,6731704.4,2250.0,0.0334,27315910.114320002,4.0578,9130.050000000001
510310,易方达沪深300ETF,2025-08-05,6729454.4,-3600.0,-0.0535,27239485.520320002,4.0478000000000005,-14572.080000000002
510310,易方达沪深300ETF,2025-08-04,6733054.4,-1440.0,-0.0214,27035233.33232,4.0153,-5782.032
510310,易方达沪深300ETF,2025-08-01,6734494.4,2970.0,0.0441,26935957.251679998,3.9996999999999994,11879.108999999999
510310,易方达沪深300ETF,2025-07-31,6731524.4,-9090.0,-0.1349,27337393.74084,4.0611,-36915.399
510310,易方达沪深300ETF,2025-07-30,6740614.4,-7020.0,-0.104,27877158.97408,4.1357,-29032.613999999998
510310,易方达沪深300ETF,2025-07-29,6747634.4,-10710.0,-0.1585,27911589.6956,4.1365,-44301.915
510310,易方达沪深300ETF,2025-07-28,6758344.4,-13410.0,-0.198,27842351.42468,4.1197,-55245.176999999996
510310,易方达沪深300ETF,2025-07-25,6771754.4,-2790.0,-0.0412,27832587.75944,4.1101,-11467.179
510310,易方达沪深300ETF,2025-07-24,6774544.4,2970.0,0.0439,27976836.008679997,4.1297,12265.208999999999
510310,易方达沪深300ETF,2025-07-23,6771574.4,1530.0,0.0226,27766163.669759996,4.1004,6273.611999999999
510310,易方达沪深300ETF,2025-07-22,6770044.4,360.0,0.0053,27751766.00448,4.0992,1475.712
510310,易方达沪深300ETF,2025-07-21,6769684.4,5940.0,0.0878,27522151.9282,4.065499999999999,24149.069999999996
510310,易方达沪深300ETF,2025-07-18,6763744.4,-9180.0,-0.1355,27314029.01052,4.0383,-37071.594
510310,易方达沪深300ETF,2025-07-17,6772924.4,-7380.0,-0.1088,27157394.966679998,4.0097,-29591.585999999996
510310,易方达沪深300ETF,2025-07-16,6780304.4,-900.0,-0.0133,26986289.54244,3.9800999999999997,-3582.0899999999997
510310,易方达沪深300ETF,2025-07-15,6781204.4,-9270.0,-0.1365,27057005.556,3.99,-36987.3
510310,易方达沪深300ETF,2025-07-14,6790474.4,-12870.0,-0.1892,27081090.95464,3.9880999999999998,-51326.846999999994
510310,易方达沪深300ETF,2025-07-11,6803344.4,-1170.0,-0.0172,27101802.75184,3.9835999999999996,-4660.812
510310,易方达沪深300ETF,2025-07-10,6804514.4,-1890.0,-0.0278,27036377.06552,3.9732999999999996,-7509.536999999999
510310,易方达沪深300ETF,2025-07-09,6806404.4,-7470.0,-0.1096,26903674.67188,3.9526999999999997,-29526.668999999998
510310,易方达沪深300ETF,2025-07-08,6813874.4,2610.0,0.0383,26977491.52448,3.9591999999999996,10333.511999999999
510310,易方达沪深300ETF,2025-07-07,6811264.4,-5040.0,-0.0739,26742386.287279997,3.9261999999999992,-19788.047999999995
510310,易方达沪深300ETF,2025-07-04,6816304.4,-3960.0,-0.0581,26865782.16216,3.9414000000000002,-15607.944000000001
510310,易方达沪深300ETF,2025-07-03,6820264.4,-2430.0,-0.0356,26783860.32524,3.9271,-9542.853
510310,易方达沪深300ETF,2025-07-02,6822694.4,-1080.0,-0.0158,26625564.896,3.9025,-4214.7
510310,易方达沪深300ETF,2025-07-01,6823774.4,-3060.0,-0.0448,26624320.576479997,3.9016999999999995,-11939.202
510310,易方达沪深300ETF,2025-06-30,6826834.4,-24750.0,-0.3612,26590519.988,3.895,-96401.25
510310,易方达沪深300ETF,2025-06-27,6851584.4,-21150.0,-0.3077,26565648.19412,3.8773,-82004.895
510310,易方达沪深300ETF,2025-06-26,6872734.4,-10530.0,-0.153,26794042.33184,3.8986,-41052.258
510310,易方达沪深300ETF,2025-06-25,6883264.4,-8460.0,-0.1228,26901862.254520003,3.9083,-33064.218
510310,易方达沪深300ETF,2025-06-24,6891724.4,1980.0,0.0287,26533138.94,3.85,7623.0
510310,易方达沪深300ETF,2025-06-23,6889744.4,8910.0,0.1295,26210654.620920002,3.8043,33896.313
510310,易方达沪深300ETF,2025-06-20,6880834.4,3870.0,0.0563,26096252.54544,3.7925999999999997,14677.362
510310,易方达沪深300ETF,2025-06-19,6876964.4,-8640.0,-0.1255,26032748.7362,3.7855,-32706.719999999998
510310,易方达沪深300ETF,2025-06-18,6885604.4,-2610.0,-0.0379,26278220.63216,3.8164,-9960.804
510310,易方达沪深300ETF,2025-06-17,6888214.4,-3510.0,-0.0509,26250985.0784,3.811,-13376.61
510310,易方达沪深300ETF,2025-06-16,6891724.4,6120.0,0.0889,26285726.03404,3.8141,23342.291999999998
510310,易方达沪深300ETF,2025-06-13,6885604.4,-6210.0,-0.0901,26196281.9398,3.8045,-23625.945
510310,易方达沪深300ETF,2025-06-12,6891814.4,-10530.0,-0.1526,26398405.87776,3.8304,-40334.112
510310,易方达沪深300ETF,2025-06-11,6902344.4,4410.0,0.0639,26424245.06652,3.8283,16882.803
510310,易方达沪深300ETF,2025-06-10,6897934.4,-9450.0,-0.1368,26199044.64464,3.7981,-35892.045
510310,易方达沪深300ETF,2025-06-09,6907384.4,3780.0,0.0548,26370321.42388,3.8177,14430.905999999999
510310,易方达沪深300ETF,2025-06-06,6903604.4,-5130.0,-0.0743,26277879.78816,3.8064,-19526.832
510310,易方达沪深300ETF,2025-06-05,6908734.4,-6930.0,-0.1002,26305006.228,3.8074999999999997,-26385.975
510310,易方达沪深300ETF,2025-06-04,6915664.4,-2430.0,-0.0351,26267768.090520002,3.7983000000000002,-9229.869
510310,易方达沪深300ETF,2025-06-03,6918094.4,2250.0,0.0325,26163541.21136,3.7819,8509.275
510310,易方达沪深300ETF,2025-05-30,6915844.4,-7830.0,-0.1131,26075499.72576,3.7704,-29522.232
510310,易方达沪深300ETF,2025-05-29,6923674.4,7830.0,0.1132,26226878.6272,3.788,29660.039999999997
510310,易方达沪深300ETF,2025-05-28,6915844.4,540.0,0.0078,26042995.25708,3.7657,2033.4779999999998
510310,易方达沪深300ETF,2025-05-27,6915304.4,630.0,0.0091,26060324.6314,3.7685,2374.155
510310,易方达沪深300ETF,2025-05-26,6914674.4,810.0,0.0117,26198318.366720002,3.7888,3068.9280000000003
510310,易方达沪深300ETF,2025-05-23,6913864.4,-1350.0,-0.0195,26343897.52332,3.8103,-5143.905
510310,易方达沪深300ETF,2025-05-22,6915214.4,1890.0,0.0273,26560646.98896,3.8409,7259.301
510310,易方达沪深300ETF,2025-05-21,6913324.4,-810.0,-0.0117,26569979.66652,3.8432999999999997,-3113.073
510310,易方达沪深300ETF,2025-05-20,6914134.4,-90.0,-0.0013,26442415.59936,3.8244,-344.19599999999997
510310,易方达沪深300ETF,2025-05-19,6914224.4,-1620.0,-0.0234,26296178.23808,3.8031999999999995,-6161.183999999999
510310,易方达沪深300ETF,2025-05-16,6915844.4,-11430.0,-0.165,26382563.217120003,3.8148000000000004,-43603.164000000004
510310,易方达沪深300ETF,2025-05-15,6927274.4,-10620.0,-0.1531,26549471.86544,3.8326,-40702.212
510310,易方达沪深300ETF,2025-05-14,6937894.4,990.0,0.0143,26829531.43424,3.8670999999999998,3828.4289999999996
510310,易方达沪深300ETF,2025-05-13,6936904.4,-10800.0,-0.1554,26503830.64108,3.8206999999999995,-41263.56
510310,易方达沪深300ETF,2025-05-12,6947704.4,-540.0,-0.0078,26504102.74512,3.8148,-2059.992
510310,易方达沪深300ETF,2025-05-09,6948244.4,-11700.0,-0.1681,26203219.28128,3.7712,-44123.04
510310,易方达沪深300ETF,2025-05-08,6959944.4,2160.0,0.031,26287014.00436,3.7769,8158.104
510310,易方达沪深300ETF,2025-05-07,6957784.4,-7650.0,-0.1098,26133438.2064,3.756,-28733.399999999998
510310,易方达沪深300ETF,2025-05-06,6965434.4,-4410.0,-0.0633,26004752.788960002,3.7334,-16464.294
510310,易方达沪深300ETF,2025-04-30,6969844.4,-270.0,-0.0039,25762635.855720002,3.6963,-998.001
510310,易方达沪深300ETF,2025-04-29,6970114.4,-5310.0,-0.0761,25921158.44216,3.7188999999999997,-19747.358999999997
510310,易方达沪深300ETF,2025-04-28,6975424.4,-10890.0,-0.1559,25985548.51732,3.7253,-40568.517
510310,易方达沪深300ETF,2025-04-25,6986314.4,-7200.0,-0.103,26063144.50064,3.7306,-26860.32
510310,易方达沪深300ETF,2025-04-24,6993514.4,360.0,0.0051,26069024.27744,3.7276,1341.936
510310,易方达沪深300ETF,2025-04-23,6993154.4,-1620.0,-0.0232,26084465.912,3.73,-6042.6
510310,易方达沪深300ETF,2025-04-22,6994774.4,-9180.0,-0.1311,26070923.14368,3.7272,-34215.695999999996
510310,易方达沪深300ETF,2025-04-21,7003954.4,3870.0,0.0553,26096033.69896,3.7258999999999998,14419.232999999998
510310,易方达沪深300ETF,2025-04-18,7000084.4,44730.0,0.6431,25996213.436279997,3.7136999999999993,166113.80099999998
510310,易方达沪深300ETF,2025-04-17,6955354.4,38250.0,0.553,25821057.67456,3.7123999999999997,141999.3
510310,易方达沪深300ETF,2025-04-16,6917104.4,127440.0,1.877,25681825.21632,3.7128,473159.232
510310,易方达沪深300ETF,2025-04-15,6789664.4,26550.0,0.3926,25129226.91084,3.7011,98264.205
510310,易方达沪深300ETF,2025-04-14,6763114.4,-29160.0,-0.4293,25017436.47704,3.6991,-107865.75600000001
510310,易方达沪深300ETF,2025-04-11,6792274.4,-16290.0,-0.2393,25067567.90064,3.6906,-60119.873999999996
510310,易方达沪深300ETF,2025-04-10,6808564.4,12420.0,0.1828,25024197.59576,3.6754,45648.468
510310,易方达沪深300ETF,2025-04-09,6796144.4,43740.0,0.6478,24655732.26876,3.6279,158684.346
510310,易方达沪深300ETF,2025-04-08,6752404.4,392760.0,6.1758,24258012.807,3.5925,1410990.2999999998
510310,易方达沪深300ETF,2025-04-07,6359644.4,258930.0,4.2443,22462899.98524,3.5321,914566.6529999999
510310,易方达沪深300ETF,2025-04-03,6100714.4,-8100.0,-0.1326,23185155.00576,3.8004,-30783.239999999998
510310,易方达沪深300ETF,2025-04-02,6108814.4,450.0,0.0074,23353386.569760002,3.8229,1720.305
510310,易方达沪深300ETF,2025-04-01,6108364.4,720.0,0.0118,23371823.86728,3.8261999999999996,2754.8639999999996
510310,易方达沪深300ETF,2025-03-31,6107644.4,-2340.0,-0.0383,23364793.6522,3.8254999999999995,-8951.669999999998
510310,易方达沪深300ETF,2025-03-28,6109984.4,-8190.0,-0.1339,23541769.8932,3.8529999999999998,-31556.07
510310,易方达沪深300ETF,2025-03-27,6118174.4,-5490.0,-0.0897,23676111.29312,3.8697999999999997,-21245.201999999997
510310,易方达沪深300ETF,2025-03-26,6123664.4,3150.0,0.0515,23618973.5908,3.8569999999999993,12149.549999999997
510310,易方达沪深300ETF,2025-03-25,6120514.4,-2700.0,-0.0441,23684554.57368,3.8696999999999995,-10448.189999999999
510310,易方达沪深300ETF,2025-03-24,6123214.4,-5220.0,-0.0852,23710310.79968,3.8721999999999994,-20212.884
510310,易方达沪深300ETF,2025-03-21,6128434.4,-10980.0,-0.1788,23609793.526,3.8525,-42300.45
510310,易方达沪深300ETF,2025-03-20,6139414.4,-3690.0,-0.0601,24016775.19136,3.9118999999999997,-14434.910999999998
510310,易方达沪深300ETF,2025-03-19,6143104.4,-1260.0,-0.0205,24243761.5146,3.9465,-4972.59
510310,易方达沪深300ETF,2025-03-18,6144364.4,-28980.0,-0.4694,24233987.63004,3.9441,-114300.01800000001
510310,易方达沪深300ETF,2025-03-17,6173344.4,-19170.0,-0.3096,24282232.86296,3.9334,-75403.27799999999
510310,易方达沪深300ETF,2025-03-14,6192514.4,10710.0,0.1733,24417703.53064,3.9430999999999994,42230.600999999995
510310,易方达沪深300ETF,2025-03-13,6181804.4,-8640.0,-0.1396,23796856.0378,3.8494999999999995,-33259.67999999999
510310,易方达沪深300ETF,2025-03-12,6190444.4,-8280.0,-0.1336,23926067.606,3.8649999999999998,-32002.199999999997
510310,易方达沪深300ETF,2025-03-11,6198724.4,41310.0,0.6709,24044232.07516,3.8789,160237.359
510310,易方达沪深300ETF,2025-03-10,6157414.4,-36810.0,-0.5943,23808258.51904,3.8665999999999996,-142329.54599999997
510310,易方达沪深300ETF,2025-03-07,6194224.4,-17370.0,-0.2796,24044120.85348,3.8817,-67425.129
510310,易方达沪深300ETF,2025-03-06,6211594.4,2160.0,0.0348,24186085.11528,3.8936999999999995,8410.391999999998
510310,易方达沪深300ETF,2025-03-05,6209434.4,-39960.0,-0.6394,23849816.58696,3.8408999999999995,-153482.36399999997
510310,易方达沪深300ETF,2025-03-04,6249394.4,-6570.0,-0.105,23896434.30672,3.8238,-25122.365999999998
510310,易方达沪深300ETF,2025-03-03,6255964.4,-9990.0,-0.1594,23941575.7588,3.827,-38231.73
510310,易方达沪深300ETF,2025-02-28,6265954.4,-12960.0,-0.2064,23983567.06144,3.8275999999999994,-49605.695999999996
510310,易方达沪深300ETF,2025-02-27,6278914.4,-28440.0,-0.4509,24513509.70904,3.9041,-111032.604
510310,易方达沪深300ETF,2025-02-26,6307354.4,-16020.0,-0.2533,24574083.47784,3.8960999999999997,-62415.522
510310,易方达沪深300ETF,2025-02-25,6323374.4,-13770.0,-0.2173,24423401.282560002,3.8624,-53185.248
510310,易方达沪深300ETF,2025-02-24,6337144.4,-25560.0,-0.4017,24750984.88308,3.9056999999999995,-99829.69199999998
510310,易方达沪深300ETF,2025-02-21,6362704.4,7740.0,0.1218,24906170.10336,3.9144,30297.456000000002
510310,易方达沪深300ETF,2025-02-20,6354964.4,-15570.0,-0.2444,24566385.881079998,3.8656999999999995,-60188.94899999999
510310,易方达沪深300ETF,2025-02-19,6370534.4,8640.0,0.1358,24697287.76192,3.8768,33495.551999999996
510310,易方达沪深300ETF,2025-02-18,6361894.4,-7380.0,-0.1159,24493293.44,3.85,-28413.0
510310,易方达沪深300ETF,2025-02-17,6369274.4,-23850.0,-0.3731,24738261.7696,3.884,-92633.4
510310,易方达沪深300ETF,2025-02-14,6393124.4,12240.0,0.1918,24779110.86196,3.8759,47441.016
510310,易方达沪深300ETF,2025-02-13,6380884.4,-900.0,-0.0141,24519824.48388,3.8426999999999993,-3458.4299999999994
510310,易方达沪深300ETF,2025-02-12,6381784.4,-6390.0,-0.1,24614542.4308,3.8569999999999993,-24646.229999999996
510310,易方达沪深300ETF,2025-02-11,6388174.4,-20610.0,-0.3216,24409214.3824,3.8209999999999997,-78750.81
510310,易方达沪深300ETF,2025-02-10,6408784.4,-16650.0,-0.2591,24601400.67628,3.8387,-63914.354999999996
510310,易方达沪深300ETF,2025-02-07,6425434.4,-3240.0,-0.0504,24611983.92576,3.8304,-12410.496
510310,易方达沪深300ETF,2025-02-06,6428674.4,4590.0,0.0714,24309389.37616,3.7813999999999997,17356.626
510310,易方达沪深300ETF,2025-02-05,6424084.4,-8820.0,-0.1371,23990100.78336,3.7344,-32937.408
510310,易方达沪深300ETF,2025-01-27,6432904.4,-32040.0,-0.4956,24163918.79772,3.7563,-120351.852
510310,易方达沪深300ETF,2025-01-24,6464944.4,27900.0,0.4334,24383830.793479998,3.7716999999999996,105230.43
510310,易方达沪深300ETF,2025-01-23,6437044.4,-900.0,-0.014,24079051.98708,3.7407,-3366.63
510310,易方达沪深300ETF,2025-01-22,6437944.4,-11610.0,-0.18,24030271.26744,3.7325999999999997,-43335.486
510310,易方达沪深300ETF,2025-01-21,6449554.4,-4230.0,-0.0655,24295471.4248,3.767,-15934.41
510310,易方达沪深300ETF,2025-01-20,6453784.4,180.0,0.0028,24293335.238479998,3.7641999999999993,677.5559999999999
510310,易方达沪深300ETF,2025-01-17,6453604.4,-1710.0,-0.0265,24180364.96592,3.7468,-6407.028
510310,易方达沪深300ETF,2025-01-16,6455314.4,-6120.0,-0.0947,24110599.284,3.735,-22858.2
510310,易方达沪深300ETF,2025-01-15,6461434.4,-1440.0,-0.0223,24105673.31608,3.7306999999999997,-5372.208
510310,易方达沪深300ETF,2025-01-14,6462874.4,23850.0,0.3704,24267447.08456,3.7548999999999997,89554.36499999999
510310,易方达沪深300ETF,2025-01-13,6439024.4,10980.0,0.1708,23557170.7674,3.6584999999999996,40170.329999999994
510310,易方达沪深300ETF,2025-01-10,6428044.4,4770.0,0.0743,23581280.8814,3.6685,17498.745
510310,易方达沪深300ETF,2025-01-09,6423274.4,-630.0,-0.0098,23855398.79416,3.7138999999999998,-2339.757
510310,易方达沪深300ETF,2025-01-08,6423904.4,7470.0,0.1164,23916838.47164,3.7230999999999996,27811.556999999997
510310,易方达沪深300ETF,2025-01-07,6416434.4,-450.0,-0.007,23925600.59072,3.7288,-1677.96
510310,易方达沪深300ETF,2025-01-06,6416884.4,13140.0,0.2052,23750172.541279998,3.7011999999999996,48633.768
510310,易方达沪深300ETF,2025-01-03,6403744.4,17280.0,0.2706,23741882.363,3.7075,64065.6
510310,易方达沪深300ETF,2025-01-02,6386464.4,13050.0,0.2048,23960737.135920003,3.7518000000000002,48960.990000000005
510310,易方达沪深300ETF,2024-12-31,6373414.4,-18900.0,-0.2957,24629422.60736,3.8644,-73037.16
510310,易方达沪深300ETF,2024-12-30,6392314.4,-17100.0,-0.2668,25105175.57456,3.9274,-67158.54
510310,易方达沪深300ETF,2024-12-27,6409414.4,-900.0,-0.014,25056323.71392,3.9093,-3518.37
510310,易方达沪深300ETF,2024-12-26,6410314.4,-12600.0,-0.1962,25099586.0332,3.9154999999999998,-49335.299999999996
510310,易方达沪深300ETF,2024-12-25,6422914.4,-8460.0,-0.1315,25136717.79584,3.9135999999999997,-33109.056
510310,易方达沪深300ETF,2024-12-24,6431374.4,21690.0,0.3384,25157607.24048,3.9116999999999993,84844.77299999999
510310,易方达沪深300ETF,2024-12-23,6409684.4,4770.0,0.0745,24758046.96344,3.8626,18424.602
510310,易方达沪深300ETF,2024-12-20,6404914.4,8910.0,0.1393,24703114.34936,3.8569,34364.979
510310,易方达沪深300ETF,2024-12-19,6396004.4,90.0,0.0014,24758933.0324,3.871,348.39
510310,易方达沪深300ETF,2024-12-18,6395914.4,-3060.0,-0.0478,24736198.942,3.8675,-11834.550000000001
510310,易方达沪深300ETF,2024-12-17,6398974.4,-2250.0,-0.0351,24623893.388639998,3.8480999999999996,-8658.224999999999
510310,易方达沪深300ETF,2024-12-16,6401224.4,-2790.0,-0.0436,24567899.2472,3.838,-10708.02
510310,易方达沪深300ETF,2024-12-13,6404014.4,-18630.0,-0.2901,24715012.77392,3.8592999999999997,-71898.75899999999
510310,易方达沪深300ETF,2024-12-12,6422644.4,2070.0,0.0322,25387428.78432,3.9528,8182.295999999999
510310,易方达沪深300ETF,2024-12-11,6420574.4,13950.0,0.2177,25129486.144160002,3.9139000000000004,54598.905000000006
510310,易方达沪深300ETF,2024-12-10,6406624.4,7830.0,0.1224,25116530.297760002,3.9204000000000003,30696.732000000004
510310,易方达沪深300ETF,2024-12-09,6398794.4,-2700.0,-0.0422,24902828.04592,3.8917999999999995,-10507.859999999999
510310,易方达沪深300ETF,2024-12-06,6401494.4,33030.0,0.5186,24955585.76896,3.8983999999999996,128764.15199999999
510310,易方达沪深300ETF,2024-12-05,6368464.4,90.0,0.0014,24504577.318320002,3.8478000000000003,346.302
510310,易方达沪深300ETF,2024-12-04,6368374.4,-3510.0,-0.0551,24560272.711039998,3.8565999999999994,-13536.665999999997
510310,易方达沪深300ETF,2024-12-03,6371884.4,-8550.0,-0.134,24707618.94944,3.8775999999999997,-33153.479999999996
510310,易方达沪深300ETF,2024-12-02,6380434.4,540.0,0.0085,24713974.604960002,3.8734,2091.636
510310,易方达沪深300ETF,2024-11-29,6379894.4,2340.0,0.0367,24517934.1792,3.843,8992.62
510310,易方达沪深300ETF,2024-11-28,6377554.4,-2880.0,-0.0451,24232793.453679997,3.799699999999999,-10943.135999999997
510310,易方达沪深300ETF,2024-11-27,6380434.4,2880.0,0.0452,24454928.96832,3.8327999999999998,11038.464
510310,易方达沪深300ETF,2024-11-26,6377554.4,-720.0,-0.0113,24026160.691120002,3.7673,-2712.456
510310,易方达沪深300ETF,2024-11-25,6378274.4,-4680.0,-0.0733,24077985.86,3.7749999999999995,-17666.999999999996
510310,易方达沪深300ETF,2024-11-22,6382954.4,-3150.0,-0.0493,24206077.97112,3.7922999999999996,-11945.744999999999
510310,易方达沪深300ETF,2024-11-21,6386104.4,-9090.0,-0.1421,24990742.34852,3.9132999999999996,-35571.897
510310,易方达沪深300ETF,2024-11-20,6395194.4,-9270.0,-0.1447,25003931.06512,3.9097999999999997,-36243.846
510310,易方达沪深300ETF,2024-11-19,6404464.4,-16920.0,-0.2635,24983815.6244,3.901,-66004.92
510310,易方达沪深300ETF,2024-11-18,6421384.4,1530.0,0.0238,24884148.82688,3.8752,5929.056
510310,易方达沪深300ETF,2024-11-15,6419854.4,-2700.0,-0.042,24994419.13552,3.8933,-10511.91
510310,易方达沪深300ETF,2024-11-14,6422554.4,-6660.0,-0.1036,25450014.06544,3.9625999999999997,-26390.915999999997
510310,易方达沪深300ETF,2024-11-13,6429214.4,-9000.0,-0.1398,25924521.22512,4.0323,-36290.700000000004
510310,易方达沪深300ETF,2024-11-12,6438214.4,-25290.0,-0.3913,25798568.92224,4.007099999999999,-101339.55899999998
510310,易方达沪深300ETF,2024-11-11,6463504.4,-9990.0,-0.1543,26187534.42704,4.0516,-40475.484
510310,易方达沪深300ETF,2024-11-08,6473494.4,-23760.0,-0.3657,26057109.65888,4.0252,-95638.752
510310,易方达沪深300ETF,2024-11-07,6497254.4,3600.0,0.0554,26417186.66496,4.0659,14637.24
510310,易方达沪深300ETF,2024-11-06,6493654.4,10350.0,0.1596,25624609.62784,3.9461,40842.135
510310,易方达沪深300ETF,2024-11-05,6483304.4,21690.0,0.3357,25710840.25908,3.9657,86016.033
510310,易方达沪深300ETF,2024-11-04,6461614.4,15570.0,0.2415,24992232.17632,3.8678,60221.646
510310,易方达沪深300ETF,2024-11-01,6446044.4,-23850.0,-0.3686,24587147.15492,3.8143,-90971.055
510310,易方达沪深300ETF,2024-10-31,6469894.4,-75240.0,-1.1496,24682647.136,3.815,-287040.6
510310,易方达沪深300ETF,2024-10-30,6545134.4,4680.0,0.0716,24957906.49408,3.8131999999999997,17845.775999999998
510310,易方达沪深300ETF,2024-10-29,6540454.4,-3600.0,-0.055,25163744.25856,3.8474,-13850.64
510310,易方达沪深300ETF,2024-10-28,6544054.4,-9180.0,-0.1401,25430849.80384,3.8861,-35674.398
510310,易方达沪深300ETF,2024-10-25,6553234.4,-9990.0,-0.1522,25417374.94384,3.8786,-38747.214
510310,易方达沪深300ETF,2024-10-24,6563224.4,-21060.0,-0.3199,25276946.131720003,3.8513,-81108.378
510310,易方达沪深300ETF,2024-10-23,6584284.4,-10080.0,-0.1529,25643154.02424,3.8945999999999996,-39257.568
510310,易方达沪深300ETF,2024-10-22,6594364.4,-1710.0,-0.0259,25580858.38048,3.8791999999999995,-6633.431999999999
510310,易方达沪深300ETF,2024-10-21,6596074.4,4410.0,0.0669,25441058.9608,3.8569999999999998,17009.37
510310,易方达沪深300ETF,2024-10-18,6591664.4,2790.0,0.0423,25891398.59676,3.9278999999999997,10958.840999999999
510310,易方达沪深300ETF,2024-10-17,6588874.4,-30510.0,-0.4609,24968539.5388,3.7895,-115617.64499999999
510310,易方达沪深300ETF,2024-10-16,6619384.4,-1170.0,-0.0177,25371438.466760002,3.8329,-4484.493
510310,易方达沪深300ETF,2024-10-15,6620554.4,-12150.0,-0.1832,25538126.54256,3.8573999999999997,-46867.409999999996
510310,易方达沪深300ETF,2024-10-14,6632704.4,0.0,0.0,26280764.64412,3.9623,0.0
510310,易方达沪深300ETF,2024-10-11,6632704.4,22320.0,0.3377,25792597.600279998,3.8886999999999996,86795.78399999999
510310,易方达沪深300ETF,2024-10-10,6610384.4,32130.0,0.4884,26438893.44624,3.9996,128507.148
510310,易方达沪深300ETF,2024-10-09,6578254.4,26730.0,0.408,26030152.6608,3.9569999999999994,105770.60999999999
510310,易方达沪深300ETF,2024-10-08,6551524.4,32310.0,0.4956,27887218.761040002,4.2566,137530.74599999998
510310,易方达沪深300ETF,2024-09-30,6519214.4,75780.0,1.1761,26202678.43792,4.019299999999999,304582.55399999995
510310,易方达沪深300ETF,2024-09-27,6443434.4,10170.0,0.1581,23874213.13888,3.7051999999999996,37681.884
510310,易方达沪深300ETF,2024-09-26,6433264.4,68850.0,1.0818,22816858.84748,3.5466999999999995,244190.29499999995
510310,易方达沪深300ETF,2024-09-25,6364414.4,58590.0,0.9291,21655556.43744,3.4026,199358.334
510310,易方达沪深300ETF,2024-09-24,6305824.4,65430.0,1.0485,21142168.048320003,3.3528000000000002,219373.70400000003
510310,易方达沪深300ETF,2024-09-23,6240394.4,5670.0,0.0909,20055379.52272,3.2138,18222.246
510310,易方达沪深300ETF,2024-09-20,6234724.4,-5951706.34,-48.8388,19964211.00124,3.2020999999999997,-19057958.871313997
510310,易方达沪深300ETF,2024-09-19,12186430.74,18400.0,0.1512,19470260.393298,1.5977,29397.679999999997
510310,易方达沪深300ETF,2024-09-18,12168030.74,78800.0,0.6518,19286328.7229,1.585,124898.0
510310,易方达沪深300ETF,2024-09-13,12089230.74,3600.0,0.0298,19091313.184607998,1.5791999999999997,5685.119999999999
510310,易方达沪深300ETF,2024-09-12,12085630.74,2200.0,0.0182,19162976.101344,1.5856000000000001,3488.32
510310,易方达沪深300ETF,2024-09-11,12083430.74,3400.0,0.0281,19241655.110376,1.5924,5414.16
510310,易方达沪深300ETF,2024-09-10,12080030.74,-30400.0,-0.251,19290601.088705998,1.5968999999999998,-48545.759999999995
510310,易方达沪深300ETF,2024-09-09,12110430.74,42600.0,0.353,19322192.245670002,1.5955000000000001,67968.3
510310,易方达沪深300ETF,2024-09-06,12067830.74,36200.0,0.3009,19482305.946656,1.6144,58441.28
510310,易方达沪深300ETF,2024-09-05,12031630.74,184400.0,1.5565,19582682.192424,1.6276,300129.44
510310,易方达沪深300ETF,2024-09-04,11847230.74,26200.0,0.2216,19248195.783278,1.6247,42567.14
510310,易方达沪深300ETF,2024-09-03,11821030.74,101600.0,0.8669,19330931.569122,1.6353000000000002,166146.48
510310,易方达沪深300ETF,2024-09-02,11719430.74,-7200.0,-0.0614,19116735.423088,1.6312,-11744.64
510310,易方达沪深300ETF,2024-08-30,11726630.74,39200.0,0.3354,19455653.060734,1.6591,65036.72
510310,易方达沪深300ETF,2024-08-29,11687430.74,97000.0,0.8369,19135830.350601997,1.6372999999999998,158818.09999999998
510310,易方达沪深300ETF,2024-08-28,11590430.74,161400.0,1.4122,19028010.145857997,1.6416999999999997,264970.37999999995
510310,易方达沪深300ETF,2024-08-27,11429030.74,88800.0,0.7831,18859043.624074,1.6501000000000001,146528.88
510310,易方达沪深300ETF,2024-08-26,11340230.74,162000.0,1.4492,18819112.91303,1.6594999999999998,268838.99999999994
510310,易方达沪深300ETF,2024-08-23,11178230.74,28000.0,0.2511,18562569.966844,1.6605999999999999,46496.799999999996
510310,易方达沪深300ETF,2024-08-22,11150230.74,151800.0,1.3802,18433561.459367998,1.6531999999999998,250955.75999999998
510310,易方达沪深300ETF,2024-08-21,10998430.74,126200.0,1.1608,18228799.108476,1.6574000000000002,209163.88000000003
510310,易方达沪深300ETF,2024-08-20,10872230.74,105600.0,0.9808,18078345.274472002,1.6628,175591.68
510310,易方达沪深300ETF,2024-08-19,10766630.74,11600.0,0.1079,18031953.163351998,1.6747999999999998,19427.679999999997
510310,易方达沪深300ETF,2024-08-16,10755030.74,192800.0,1.8254,17951221.808134,1.6691,321802.48
510310,易方达沪深300ETF,2024-08-15,10562230.74,144000.0,1.3822,17603013.751284,1.6665999999999999,239990.4
510310,易方达沪深300ETF,2024-08-14,10418230.74,-1800.0,-0.0173,17191122.544074,1.6501,-2970.18
510310,易方达沪深300ETF,2024-08-13,10420030.74,4200.0,0.0403,17321217.099101998,1.6622999999999997,6981.659999999999
510310,易方达沪深300ETF,2024-08-12,10415830.74,10800.0,0.1038,17269447.36692,1.6580000000000001,17906.4
510310,易方达沪深300ETF,2024-08-09,10405030.74,-800.0,-0.0077,17281715.556066,1.6608999999999998,-1328.7199999999998
510310,易方达沪深300ETF,2024-08-08,10405830.74,14800.0,0.1424,17337154.595914003,1.6661000000000001,24658.280000000002
510310,易方达沪深300ETF,2024-08-07,10391030.74,4600.0,0.0443,17303144.388248,1.6652,7659.92
510310,易方达沪深300ETF,2024-08-06,10386430.74,68000.0,0.659,17302754.969766002,1.6659000000000002,113281.20000000001
510310,易方达沪深300ETF,2024-08-05,10318430.74,111800.0,1.0954,17191537.455914002,1.6661000000000001,186269.98
510310,易方达沪深300ETF,2024-08-02,10206630.74,33600.0,0.3303,17214503.406084,1.6866,56669.76
510310,易方达沪深300ETF,2024-08-01,10173030.74,5400.0,0.0531,17334844.38096,1.7039999999999997,9201.599999999999
510310,易方达沪深300ETF,2024-07-31,10167630.74,64000.0,0.6334,17439520.245248,1.7152,109772.8
510310,易方达沪深300ETF,2024-07-30,10103630.74,109600.0,1.0967,16965006.375533998,1.6790999999999998,184029.36
510310,易方达沪深300ETF,2024-07-29,9994030.74,35800.0,0.3595,16882916.129082,1.6893000000000002,60476.94000000001
510310,易方达沪深300ETF,2024-07-26,9958230.74,95400.0,0.9673,16911067.442668,1.6981999999999997,162008.27999999997
510310,易方达沪深300ETF,2024-07-25,9862830.74,89800.0,0.9189,16680019.347488001,1.6912,151869.76
510310,易方达沪深300ETF,2024-07-24,9773030.74,63600.0,0.655,16619038.773370001,1.7005000000000001,108151.8
510310,易方达沪深300ETF,2024-07-23,9709430.74,38800.0,0.4012,16610894.109992001,1.7108,66379.04000000001
510310,易方达沪深300ETF,2024-07-22,9670630.74,66800.0,0.6956,16900394.281223997,1.7475999999999996,116739.67999999998
510310,易方达沪深300ETF,2024-07-19,9603830.74,383200.0,4.1559,16898900.570104,1.7595999999999998,674278.72
510310,易方达沪深300ETF,2024-07-18,9220630.74,193200.0,2.1401,16129649.353482,1.7493,337964.76
510310,易方达沪深300ETF,2024-07-17,9027430.74,304000.0,3.4849,15700507.543007998,1.7391999999999996,528716.7999999999
510310,易方达沪深300ETF,2024-07-16,8723430.74,173600.0,2.0304,15152599.195379999,1.7369999999999999,301543.19999999995
510310,易方达沪深300ETF,2024-07-15,8549830.74,60000.0,0.7067,14741618.161907999,1.7241999999999997,103451.99999999999
510310,易方达沪深300ETF,2024-07-12,8489830.74,-4000.0,-0.0471,14619488.534279998,1.7219999999999998,-6887.999999999999
510310,易方达沪深300ETF,2024-07-11,8493830.74,-17600.0,-0.2068,14588154.29595,1.7174999999999998,-30227.999999999996
510310,易方达沪深300ETF,2024-07-10,8511430.74,-5000.0,-0.0587,14423470.532004,1.6946,-8473.0
510310,易方达沪深300ETF,2024-07-09,8516430.74,7200.0,0.0846,14461751.039594,1.6981,12226.32
510310,易方达沪深300ETF,2024-07-08,8509230.74,88000.0,1.045,14275085.489424,1.6776,147628.8
510310,易方达沪深300ETF,2024-07-05,8421230.74,114000.0,1.3723,14240301.18134,1.6909999999999998,192773.99999999997
510310,易方达沪深300ETF,2024-07-04,8307230.74,112600.0,1.3741,14104016.350372,1.6978,191172.28
510310,易方达沪深300ETF,2024-07-03,8194630.74,46000.0,0.5645,13982498.431661999,1.7062999999999997,78489.79999999999
510310,易方达沪深300ETF,2024-07-02,8148630.74,-7600.0,-0.0932,13935788.291548,1.7102,-12997.52
510310,易方达沪深300ETF,2024-07-01,8156230.74,-9000.0,-0.1102,13974885.749916,1.7134,-15420.6
510310,易方达沪深300ETF,2024-06-28,8165230.74,43800.0,0.5393,13924167.980922,1.7053,74692.14
510310,易方达沪深300ETF,2024-06-27,8121430.74,52000.0,0.6444,13808868.687222,1.7003,88415.59999999999
510310,易方达沪深300ETF,2024-06-26,8069430.74,10800.0,0.134,13814865.426879998,1.7119999999999997,18489.6
510310,易方达沪深300ETF,2024-06-25,8058630.74,60000.0,0.7501,13698866.394925999,1.6998999999999997,101993.99999999999
510310,易方达沪深300ETF,2024-06-24,7998630.74,130200.0,1.6547,13672059.523882002,1.7093000000000003,222550.86000000004
510310,易方达沪深300ETF,2024-06-21,7868430.74,120400.0,1.5539,13519537.697468,1.7182,206871.28
510310,易方达沪深300ETF,2024-06-20,7748030.74,1800.0,0.0232,13339009.721983999,1.7215999999999998,3098.8799999999997
510310,易方达沪深300ETF,2024-06-19,7746230.74,2600.0,0.0336,13429640.233938001,1.7337,4507.62
510310,易方达沪深300ETF,2024-06-18,7743630.74,200.0,0.0026,13468496.946082002,1.7393,347.86
510310,易方达沪深300ETF,2024-06-17,7743430.74,3600.0,0.0465,13432529.304678,1.7347,6244.92
510310,易方达沪深300ETF,2024-06-14,7739830.74,4800.0,0.0621,13445633.961528,1.7371999999999999,8338.56
510310,易方达沪深300ETF,2024-06-13,7735030.74,-400.0,-0.0052,13370774.137164,1.7286,-691.4399999999999
510310,易方达沪深300ETF,2024-06-12,7735430.74,-3400.0,-0.0439,13431801.936936,1.7364,-5903.76
510310,易方达沪深300ETF,2024-06-11,7738830.74,13400.0,0.1735,13430740.74927,1.7354999999999998,23255.699999999997
510310,易方达沪深300ETF,2024-06-07,7725430.74,3000.0,0.0388,13523366.51037,1.7505,5251.5
510310,易方达沪深300ETF,2024-06-06,7722430.74,2600.0,0.0337,13578349.970142,1.7583,4571.58
510310,易方达沪深300ETF,2024-06-05,7719830.74,-12800.0,-0.1655,13579182.27166,1.759,-22515.199999999997
510310,易方达沪深300ETF,2024-06-04,7732630.74,-10800.0,-0.1395,13674384.200616,1.7684,-19098.72
510310,易方达沪深300ETF,2024-06-03,7743430.74,-14600.0,-0.1882,13590495.291774001,1.7551,-25624.460000000003
510310,易方达沪深300ETF,2024-05-31,7758030.74,-16600.0,-0.2135,13581984.416517999,1.7507,-29061.62
510310,易方达沪深300ETF,2024-05-30,7774630.74,-1000.0,-0.0129,13665468.451698,1.7576999999999998,-1757.6999999999998
510310,易方达沪深300ETF,2024-05-29,7775630.74,1400.0,0.018,13737984.391432,1.7668,2473.52
510310,易方达沪深300ETF,2024-05-28,7774230.74,-11200.0,-0.1439,13716852.717656,1.7644,-19761.28
510310,易方达沪深300ETF,2024-05-27,7785430.74,-10800.0,-0.1385,13837046.054202,1.7772999999999999,-19194.84
510310,易方达沪深300ETF,2024-05-24,7796230.74,13800.0,0.1773,13725264.217769999,1.7604999999999997,24294.899999999998
510310,易方达沪深300ETF,2024-05-23,7782430.74,-2800.0,-0.036,13851948.474126002,1.7799000000000003,-4983.720000000001
510310,易方达沪深300ETF,2024-05-22,7785230.74,-2600.0,-0.0334,14018864.993517999,1.8006999999999997,-4681.82
510310,易方达沪深300ETF,2024-05-21,7787830.74,-17600.0,-0.2255,13990059.141335998,1.7963999999999996,-31616.639999999992
510310,易方达沪深300ETF,2024-05-20,7805430.74,-7600.0,-0.0973,14073972.167294,1.8031,-13703.56
510310,易方达沪深300ETF,2024-05-17,7813030.74,3400.0,0.0435,14037672.330557998,1.7966999999999997,6108.779999999999
510310,易方达沪深300ETF,2024-05-16,7809630.74,-7600.0,-0.0972,13887085.381868,1.7781999999999998,-13514.319999999998
510310,易方达沪深300ETF,2024-05-15,7817230.74,-11600.0,-0.1482,13846660.809762,1.7712999999999999,-20547.079999999998
510310,易方达沪深300ETF,2024-05-14,7828830.74,-7800.0,-0.0995,13973679.987826,1.7849000000000002,-13922.220000000001
510310,易方达沪深300ETF,2024-05-13,7836630.74,-22800.0,-0.2901,14015814.07849,1.7885,-40777.8
510310,易方达沪深300ETF,2024-05-10,7859430.74,-24800.0,-0.3146,14062879.423082002,1.7893000000000001,-44374.64
510310,易方达沪深300ETF,2024-05-09,7884230.74,-5400.0,-0.0684,14098581.409268,1.7881999999999998,-9656.279999999999
510310,易方达沪深300ETF,2024-05-08,7889630.74,-5600.0,-0.0709,13976480.855910001,1.7715,-9920.4
510310,易方达沪深300ETF,2024-05-07,7895230.74,-5600.0,-0.0709,14096934.486270001,1.7855,-9998.800000000001
510310,易方达沪深300ETF,2024-05-06,7900830.74,5200.0,0.0659,14102982.8709,1.785,9282.0
510310,易方达沪深300ETF,2024-04-30,7895630.74,3400.0,0.0431,13888414.471660001,1.7590000000000001,5980.6
510310,易方达沪深300ETF,2024-04-29,7892230.74,36000.0,0.4582,13947150.163728,1.7672,63619.200000000004
510310,易方达沪深300ETF,2024-04-26,7856230.74,9600.0,0.1223,13731905.710446,1.7479,16779.84
510310,易方达沪深300ETF,2024-04-25,7846630.74,-600.0,-0.0076,13507974.81891,1.7215,-1032.9
510310,易方达沪深300ETF,2024-04-24,7847230.74,3000.0,0.0382,13476049.349802,1.7173,5151.900000000001
510310,易方达沪深300ETF,2024-04-23,7844230.74,42600.0,0.546,13412065.719252,1.7098,72837.48
510310,易方达沪深300ETF,2024-04-22,7801630.74,7600.0,0.0975,13432067.645058,1.7217,13084.92
510310,易方达沪深300ETF,2024-04-19,7794030.74,12200.0,0.1568,13457952.878758,1.7267,21065.739999999998
510310,易方达沪深300ETF,2024-04-18,7781830.74,-2600.0,-0.0334,13542720.036822,1.7403,-4524.78
510310,易方达沪深300ETF,2024-04-17,7784430.74,3200.0,0.0411,13530119.069194,1.7381,5561.92
510310,易方达沪深300ETF,2024-04-16,7781230.74,2600.0,0.0334,13319910.780732,1.7118,4450.68
510310,易方达沪深300ETF,2024-04-15,7778630.74,-2200.0,-0.0283,13459364.769422,1.7303,-3806.66
510310,易方达沪深300ETF,2024-04-12,7780830.74,-19400.0,-0.2487,13186173.855078,1.6947,-32877.18
510310,易方达沪深300ETF,2024-04-11,7800230.74,-2000.0,-0.0256,13326694.21929,1.7085,-3417.0
510310,易方达沪深300ETF,2024-04-10,7802230.74,-1000.0,-0.0128,13332451.888512,1.7088,-1708.8000000000002
510310,易方达沪深300ETF,2024-04-09,7803230.74,-2000.0,-0.0256,13443405.918872,1.7228,-3445.6000000000004
510310,易方达沪深300ETF,2024-04-08,7805230.74,-9000.0,-0.1152,13457778.841908,1.7242,-15517.8
510310,易方达沪深300ETF,2024-04-03,7814230.74,-6000.0,-0.0767,13592854.37223,1.7395,-10437.0
510310,易方达沪深300ETF,2024-04-02,7820230.74,-4200.0,-0.0537,13652558.825892,1.7457999999999998,-7332.359999999999
510310,易方达沪深300ETF,2024-04-01,7824430.74,14000.0,0.1792,13717009.530294001,1.7531,24543.4
510310,易方达沪深300ETF,2024-03-29,7810430.74,-19600.0,-0.2503,13471430.940352,1.7247999999999999,-33806.079999999994
510310,易方达沪深300ETF,2024-03-28,7830030.74,6200.0,0.0792,13441813.771358,1.7167,10643.539999999999
510310,易方达沪深300ETF,2024-03-27,7823830.74,25000.0,0.3206,13362320.520846,1.7079,42697.5
510310,易方达沪深300ETF,2024-03-26,7798830.74,60800.0,0.7857,13474819.752572,1.7278,105050.24
510310,易方达沪深300ETF,2024-03-25,7738030.74,32600.0,0.4231,13302448.645134,1.7191,56042.66
510310,易方达沪深300ETF,2024-03-22,7705430.74,64800.0,0.8481,13318837.03409,1.7285,112006.79999999999
510310,易方达沪深300ETF,2024-03-21,7640630.74,-400.0,-0.0052,13341305.335114,1.7461,-698.4399999999999
510310,易方达沪深300ETF,2024-03-20,7641030.74,18400.0,0.2414,13357285.836594,1.7481,32165.04
510310,易方达沪深300ETF,2024-03-19,7622630.74,9200.0,0.1208,13296917.062856,1.7444,16048.48
510310,易方达沪深300ETF,2024-03-18,7613430.74,38400.0,0.5069,13376797.810180001,1.7570000000000001,67468.8
510310,易方达沪深300ETF,2024-03-15,7575030.74,0.0,0.0,13185856.009118,1.7407,0.0
510310,易方达沪深300ETF,2024-03-14,7575030.74,12400.0,0.164,13157070.892306,1.7368999999999999,21537.559999999998
510310,易方达沪深300ETF,2024-03-13,7562630.74,11200.0,0.1483,13173346.486006,1.7418999999999998,19509.28
510310,易方达沪深300ETF,2024-03-12,7551430.74,28400.0,0.3775,13245964.661034,1.7540999999999998,49816.439999999995
510310,易方达沪深300ETF,2024-03-11,7523030.74,5600.0,0.0745,13166056.098074,1.7501,9800.56
510310,易方达沪深300ETF,2024-03-08,7517430.74,26400.0,0.3524,12994630.777164,1.7286,45635.04
510310,易方达沪深300ETF,2024-03-07,7491030.74,30600.0,0.4102,12893562.109688,1.7212,52668.72
510310,易方达沪深300ETF,2024-03-06,7460430.74,124800.0,1.7013,12918481.869384,1.7316,216103.68
510310,易方达沪深300ETF,2024-03-05,7335630.74,472200.0,6.8799,12754461.167638,1.7387,821014.14
510310,易方达沪深300ETF,2024-03-04,6863430.74,-18000.0,-0.2616,11851085.858758,1.7267000000000001,-31080.600000000002
510310,易方达沪深300ETF,2024-03-01,6881430.74,41200.0,0.6023,11872532.455722,1.7253,71082.36
510310,易方达沪深300ETF,2024-02-29,6840230.74,56800.0,0.8373,11728943.649877999,1.7147,97394.95999999999
510310,易方达沪深300ETF,2024-02-28,6783430.74,103000.0,1.5418,11414478.906197999,1.6826999999999996,173318.09999999998
510310,易方达沪深300ETF,2024-02-27,6680430.74,-7400.0,-0.1106,11386126.153256,1.7044,-12612.56
510310,易方达沪深300ETF,2024-02-26,6687830.74,-27600.0,-0.411,11263644.532308001,1.6842000000000001,-46483.920000000006
510310,易方达沪深300ETF,2024-02-23,6715430.74,-1600.0,-0.0238,11429663.11948,1.702,-2723.2
510310,易方达沪深300ETF,2024-02-22,6717030.74,5600.0,0.0834,11422310.77337,1.7005,9522.8
510310,易方达沪深300ETF,2024-02-21,6711430.74,26400.0,0.3949,11315472.22764,1.6859999999999997,44510.399999999994
510310,易方达沪深300ETF,2024-02-20,6685030.74,46000.0,0.6929,11121217.139063999,1.6635999999999997,76525.59999999999
510310,易方达沪深300ETF,2024-02-19,6639030.74,124800.0,1.9158,11021454.931474,1.6601,207180.47999999998
510310,易方达沪深300ETF,2024-02-08,6514230.74,154600.0,2.431,10691806.913562,1.6413,253744.98
510310,易方达沪深300ETF,2024-02-07,6359630.74,482200.0,8.2043,10371921.773866,1.6308999999999998,786419.9799999999
510310,易方达沪深300ETF,2024-02-06,5877430.74,53200.0,0.9134,9494401.617396,1.6154000000000002,85939.28000000001
510310,易方达沪深300ETF,2024-02-05,5824230.74,302000.0,5.4688,9093371.454362,1.5613,471512.6
510310,易方达沪深300ETF,2024-02-02,5522230.74,173200.0,3.238,8566084.323888,1.5512,268667.83999999997
510310,易方达沪深300ETF,2024-02-01,5349030.74,16600.0,0.3113,8396908.455652,1.5698,26058.68
510310,易方达沪深300ETF,2024-01-31,5332430.74,174000.0,3.3731,8364984.101838,1.5687,272953.8
510310,易方达沪深300ETF,2024-01-30,5158430.74,84200.0,1.6594,8166827.547567999,1.5831999999999997,133305.43999999997
510310,易方达沪深300ETF,2024-01-29,5074230.74,6800.0,0.1342,8179152.529806,1.6118999999999999,10960.92
510310,易方达沪深300ETF,2024-01-26,5067430.74,215600.0,4.4437,8241669.355536,1.6263999999999998,350651.83999999997
510310,易方达沪深300ETF,2024-01-25,4851830.74,44400.0,0.9236,7912365.570792,1.6307999999999998,72407.51999999999
510310,易方达沪深300ETF,2024-01-24,4807430.74,194000.0,4.2051,7685639.524038,1.5987,310147.8
510310,易方达沪深300ETF,2024-01-23,4613430.74,21000.0,0.4573,7273996.247758,1.5767,33110.7
510310,易方达沪深300ETF,2024-01-22,4592430.74,538800.0,13.2918,7211953.234096001,1.5704,846131.52
510310,易方达沪深300ETF,2024-01-19,4053630.74,320400.0,8.5824,6466757.119522,1.5953,511134.12
510310,易方达沪深300ETF,2024-01-18,3733230.74,246200.0,7.0604,5964582.753298,1.5977000000000001,393353.74000000005
510310,易方达沪深300ETF,2024-01-17,3487030.74,181200.0,5.4812,5494165.633944,1.5756,285498.72
510310,易方达沪深300ETF,2024-01-16,3305830.74,233200.0,7.5896,5324370.989844,1.6105999999999998,375591.92
510310,易方达沪深300ETF,2024-01-15,3072630.74,1400.0,0.0456,4918974.551666,1.6008999999999998,2241.2599999999998
510310,易方达沪深300ETF,2024-01-12,3071230.74,800.0,0.0261,4921647.26085,1.6025,1282.0
510310,易方达沪深300ETF,2024-01-11,3070430.74,9800.0,0.3202,4937559.672994,1.6080999999999999,15759.38
510310,易方达沪深300ETF,2024-01-10,3060630.74,17000.0,0.5585,4894254.616334,1.5990999999999997,27184.699999999997
510310,易方达沪深300ETF,2024-01-09,3043630.74,93600.0,3.1728,4889897.146884,1.6065999999999998,150377.75999999998
510310,易方达沪深300ETF,2024-01-08,2950030.74,21200.0,0.7238,4730374.2915900005,1.6035000000000001,33994.200000000004
510310,易方达沪深300ETF,2024-01-05,2928830.74,7200.0,0.2464,4757885.53713,1.6244999999999998,11696.4
510310,易方达沪深300ETF,2024-01-04,2921630.74,84200.0,2.9675,4771607.324568,1.6331999999999998,137515.43999999997
510310,易方达沪深300ETF,2024-01-03,2837430.74,13000.0,0.4603,4677220.831816,1.6483999999999999,21429.199999999997
510310,易方达沪深300ETF,2024-01-02,2824430.74,-12400.0,-0.4371,4667089.354776001,1.6524,-20489.760000000002
510310,易方达沪深300ETF,2023-12-29,2836830.74,109000.0,3.9958,4749422.024908001,1.6742000000000001,182487.80000000002
510310,易方达沪深300ETF,2023-12-28,2727830.74,34800.0,1.2922,4545111.578988,1.6662,57983.759999999995
510310,易方达沪深300ETF,2023-12-27,2693030.74,21200.0,0.7935,4384523.347794,1.6280999999999999,34515.719999999994
510310,易方达沪深300ETF,2023-12-26,2671830.74,86600.0,3.3498,4335045.37565,1.6224999999999998,140508.49999999997
510310,易方达沪深300ETF,2023-12-25,2585230.74,43200.0,1.6994,4222974.413790001,1.6335000000000002,70567.20000000001
510310,易方达沪深300ETF,2023-12-22,2542030.74,94600.0,3.8653,4139697.0600900003,1.6285,154056.1
510310,易方达沪深300ETF,2023-12-21,2447430.74,16400.0,0.6746,3978053.924796,1.6254,26656.559999999998
510310,易方达沪深300ETF,2023-12-20,2431030.74,23600.0,0.9803,3912014.6668080003,1.6092,37977.12
510310,易方达沪深300ETF,2023-12-19,2407430.74,56800.0,2.4164,3913278.6678699995,1.6254999999999997,92328.39999999998
510310,易方达沪深300ETF,2023-12-18,2350630.74,8000.0,0.3415,3815543.817168,1.6232,12985.6
510310,易方达沪深300ETF,2023-12-15,2342630.74,-6200.0,-0.264,3816379.738534,1.6290999999999998,-10100.419999999998
510310,易方达沪深300ETF,2023-12-14,2348830.74,0.0,0.0,3838459.1953080003,1.6341999999999999,0.0
510310,易方达沪深300ETF,2023-12-13,2348830.74,4200.0,0.1791,3858659.139672,1.6427999999999998,6899.759999999999
510310,易方达沪深300ETF,2023-12-12,2344630.74,2800.0,0.1196,3917174.577318,1.6706999999999999,4677.96
510310,易方达沪深300ETF,2023-12-11,2341830.74,16800.0,0.7226,3904066.026654,1.6670999999999998,28007.279999999995
510310,易方达沪深300ETF,2023-12-08,2325030.74,4400.0,0.1896,3853505.948476,1.6574,7292.5599999999995
510310,易方达沪深300ETF,2023-12-07,2320630.74,9000.0,0.3893,3834378.171702,1.6522999999999999,14870.699999999999
510310,易方达沪深300ETF,2023-12-06,2311630.74,-22600.0,-0.9682,3828985.157736,1.6563999999999999,-37434.64
510310,易方达沪深300ETF,2023-12-05,2334230.74,-13400.0,-0.5708,3860350.7978120004,1.6538,-22160.92
510310,易方达沪深300ETF,2023-12-04,2347630.74,-1800.0,-0.0766,3957635.9014919996,1.6857999999999997,-3034.4399999999996
510310,易方达沪深300ETF,2023-12-01,2349430.74,104000.0,4.6316,3986749.0227059997,1.6968999999999996,176477.59999999995
510310,易方达沪深300ETF,2023-11-30,2245430.74,16600.0,0.7448,3824866.7225160003,1.7034,28276.44
510310,易方达沪深300ETF,2023-11-29,2228830.74,11000.0,0.496,3787897.8426300003,1.6995,18694.5
510310,易方达沪深300ETF,2023-11-28,2217830.74,4200.0,0.1897,3801583.6714339997,1.7140999999999997,7199.219999999998
510310,易方达沪深300ETF,2023-11-27,2213630.74,800.0,0.0362,3787300.833066,1.7108999999999999,1368.7199999999998
510310,易方达沪深300ETF,2023-11-24,2212830.74,-12600.0,-0.5662,3814035.063464,1.7235999999999998,-21717.359999999997
510310,易方达沪深300ETF,2023-11-23,2225430.74,-4400.0,-0.1973,3861344.8769739997,1.7350999999999996,-7634.439999999999
510310,易方达沪深300ETF,2023-11-22,2229830.74,7000.0,0.3149,3850471.721832,1.7268,12087.599999999999
510310,易方达沪深300ETF,2023-11-21,2222830.74,11600.0,0.5246,3877505.942856,1.7443999999999997,20235.039999999997
510310,易方达沪深300ETF,2023-11-20,2211230.74,2200.0,0.0996,3852185.072154,1.7420999999999998,3832.6199999999994
510310,易方达沪深300ETF,2023-11-17,2209030.74,40400.0,1.8629,3839295.4261199995,1.7379999999999995,70215.19999999998
510310,易方达沪深300ETF,2023-11-16,2168630.74,1200.0,0.0554,3773851.2137480006,1.7402,2088.24
510310,易方达沪深300ETF,2023-11-15,2167430.74,600.0,0.0277,3808392.553254,1.7570999999999999,1054.26
510310,易方达沪深300ETF,2023-11-14,2166830.74,4800.0,0.222,3780686.2751519997,1.7447999999999997,8375.039999999999
510310,易方达沪深300ETF,2023-11-13,2162030.74,8600.0,0.3994,3769500.5951900003,1.7434999999999998,14994.099999999999
510310,易方达沪深300ETF,2023-11-10,2153430.74,-3600.0,-0.1669,3762043.50278,1.7469999999999999,-6289.2
510310,易方达沪深300ETF,2023-11-09,2157030.74,-3400.0,-0.1574,3795942.6962519996,1.7597999999999996,-5983.319999999999
510310,易方达沪深300ETF,2023-11-08,2160430.74,-11200.0,-0.5157,3799981.628586,1.7588999999999997,-19699.679999999997
510310,易方达沪深300ETF,2023-11-07,2171630.74,0.0,0.0,3829019.320768,1.7631999999999999,0.0
510310,易方达沪深300ETF,2023-11-06,2171630.74,4200.0,0.1938,3842483.431356,1.7693999999999996,7431.479999999999
510310,易方达沪深300ETF,2023-11-03,2167430.74,29800.0,1.3941,3784117.3289660006,1.7459,52027.82
510310,易方达沪深300ETF,2023-11-02,2137630.74,27000.0,1.2792,3700880.1001620004,1.7313,46745.1
510310,易方达沪深300ETF,2023-11-01,2110630.74,-800.0,-0.0379,3671442.17223,1.7394999999999998,-1391.6
510310,易方达沪深300ETF,2023-10-31,2111430.74,12800.0,0.6099,3674522.916822,1.7402999999999997,22275.839999999997
510310,易方达沪深300ETF,2023-10-30,2098630.74,45000.0,2.1912,3663789.5458919997,1.7457999999999998,78560.99999999999
510310,易方达沪深300ETF,2023-10-27,2053630.74,41800.0,2.0777,3563870.786196,1.7354,72539.72
510310,易方达沪深300ETF,2023-10-26,2011830.74,72600.0,3.7438,3443851.860732,1.7118,124276.68
510310,易方达沪深300ETF,2023-10-25,1939230.74,90200.0,4.8782,3310460.796254,1.7071,153980.42
510310,易方达沪深300ETF,2023-10-24,1849030.74,138200.0,8.0779,3139099.487298,1.6977,234622.13999999998
510310,易方达沪深300ETF,2023-10-23,1710830.74,43000.0,2.5782,2893699.113636,1.6914,72730.2
510310,易方达沪深300ETF,2023-10-20,1667830.74,17000.0,1.0298,2850489.517734,1.7091,29054.7
510310,易方达沪深300ETF,2023-10-19,1650830.74,2800.0,0.1699,2839924.122022,1.7203000000000002,4816.84
510310,易方达沪深300ETF,2023-10-18,1648030.74,200.0,0.0121,2896743.631698,1.7576999999999998,351.53999999999996
510310,易方达沪深300ETF,2023-10-17,1647830.74,800.0,0.0486,2919461.722058,1.7717,1417.3600000000001
510310,易方达沪深300ETF,2023-10-16,1647030.74,1800.0,0.1094,2907832.77147,1.7655,3177.9
510310,易方达沪深300ETF,2023-10-13,1645230.74,10200.0,0.6238,2933939.978642,1.7832999999999999,18189.66
510310,易方达沪深300ETF,2023-10-12,1635030.74,400.0,0.0245,2946652.399628,1.8022,720.88
510310,易方达沪深300ETF,2023-10-11,1634630.74,2000.0,0.1225,2918306.2601220002,1.7853,3570.6000000000004
510310,易方达沪深300ETF,2023-10-10,1632630.74,-200.0,-0.0122,2906409.243348,1.7802,-356.04
510310,易方达沪深300ETF,2023-10-09,1632830.74,-2800.0,-0.1712,2928645.215264,1.7936,-5022.08
510310,易方达沪深300ETF,2023-09-28,1635630.74,10200.0,0.6275,2937592.80904,1.796,18319.2
510310,易方达沪深300ETF,2023-09-27,1625430.74,5000.0,0.3086,2927888.3919619997,1.8013,9006.5
510310,易方达沪深300ETF,2023-09-26,1620430.74,1000.0,0.0618,2912886.2982240003,1.7976,1797.6000000000001
510310,易方达沪深300ETF,2023-09-25,1619430.74,-600.0,-0.037,2928092.720994,1.8080999999999998,-1084.86
510310,易方达沪深300ETF,2023-09-22,1620030.74,7000.0,0.434,2948455.9468,1.82,12740.0
510310,易方达沪深300ETF,2023-09-21,1613030.74,4600.0,0.286,2883615.053898,1.7877,8223.42
510310,易方达沪深300ETF,2023-09-20,1608430.74,4800.0,0.2993,2901287.368812,1.8037999999999998,8658.24
510310,易方达沪深300ETF,2023-09-19,1603630.74,3200.0,0.1999,2903854.5439919997,1.8107999999999997,5794.5599999999995
510310,易方达沪深300ETF,2023-09-18,1600430.74,11600.0,0.7301,2903661.491582,1.8143,21045.88
510310,易方达沪深300ETF,2023-09-15,1588830.74,11200.0,0.7099,2867998.368774,1.8051000000000001,20217.120000000003
510310,易方达沪深300ETF,2023-09-14,1577630.74,3000.0,0.1905,2866239.528432,1.8168,5450.4
510310,易方达沪深300ETF,2023-09-13,1574630.74,-1200.0,-0.0762,2863151.074542,1.8183,-2181.96
510310,易方达沪深300ETF,2023-09-12,1575830.74,-800.0,-0.0507,2883770.2542,1.8299999999999998,-1463.9999999999998
510310,易方达沪深300ETF,2023-09-11,1576630.74,-1600.0,-0.1014,2890594.798716,1.8334,-2933.44
510310,易方达沪深300ETF,2023-09-08,1578230.74,-17400.0,-1.0905,2872222.1237259996,1.8198999999999999,-31666.26
510310,易方达沪深300ETF,2023-09-07,1595630.74,-6200.0,-0.3871,2918249.060386,1.8289000000000002,-11339.18
510310,易方达沪深300ETF,2023-09-06,1601830.74,3200.0,0.2002,2971235.839626,1.8549,5935.68
510310,易方达沪深300ETF,2023-09-05,1598630.74,-2400.0,-0.1499,2971694.682586,1.8589,-4461.36
510310,易方达沪深300ETF,2023-09-04,1601030.74,-6400.0,-0.3982,2998570.472946,1.8729,-11986.56
510310,易方达沪深300ETF,2023-09-01,1607430.74,9600.0,0.6008,2965548.972226,1.8449,17711.04
510310,易方达沪深300ETF,2023-08-31,1597830.74,7000.0,0.44,2927225.91568,1.832,12824.0
510310,易方达沪深300ETF,2023-08-30,1590830.74,21000.0,1.3377,2932060.1368939998,1.8431,38705.1
510310,易方达沪深300ETF,2023-08-29,1569830.74,33800.0,2.2005,2894610.901486,1.8439,62323.82
510310,易方达沪深300ETF,2023-08-28,1536030.74,32600.0,2.1684,2804331.322018,1.8256999999999999,59517.81999999999
510310,易方达沪深300ETF,2023-08-25,1503430.74,12800.0,0.8587,2712640.084182,1.8042999999999998,23095.039999999997
510310,易方达沪深300ETF,2023-08-24,1490630.74,8600.0,0.5803,2697892.576326,1.8099,15565.140000000001
510310,易方达沪深300ETF,2023-08-23,1482030.74,13400.0,0.9124,2663061.036706,1.7969000000000002,24078.460000000003
510310,易方达沪深300ETF,2023-08-22,1468630.74,11600.0,0.7961,2682894.635832,1.8268,21190.88
510310,易方达沪深300ETF,2023-08-21,1457030.74,5400.0,0.372,2641305.325472,1.8128,9789.119999999999
510310,易方达沪深300ETF,2023-08-18,1451630.74,4200.0,0.2902,2669839.2570080003,1.8392000000000002,7724.64
510310,易方达沪深300ETF,2023-08-17,1447430.74,17600.0,1.2309,2695116.0378799997,1.8619999999999999,32771.2
510310,易方达沪深300ETF,2023-08-16,1429830.74,21800.0,1.5483,2653479.887292,1.8558000000000001,40456.44
510310,易方达沪深300ETF,2023-08-15,1408030.74,30400.0,2.2067,2632313.46843,1.8695,56832.799999999996
510310,易方达沪深300ETF,2023-08-14,1377630.74,16600.0,1.2197,2581680.00676,1.8739999999999999,31108.399999999998
510310,易方达沪深300ETF,2023-08-11,1361030.74,15000.0,1.1144,2569353.830972,1.8878,28317.0
510310,易方达沪深300ETF,2023-08-10,1346030.74,7200.0,0.5378,2599723.771236,1.9314,13906.08
510310,易方达沪深300ETF,2023-08-09,1338830.74,5600.0,0.42,2580328.485202,1.9273,10792.88
510310,易方达沪深300ETF,2023-08-08,1333230.74,16400.0,1.2454,2576735.051198,1.9327,31696.280000000002
510310,易方达沪深300ETF,2023-08-07,1316830.74,13800.0,1.0591,2551622.924898,1.9377,26740.26
510310,易方达沪深300ETF,2023-08-04,1303030.74,7400.0,0.5712,2544167.51985,1.9525,14448.5
510310,易方达沪深300ETF,2023-08-03,1295630.74,5200.0,0.403,2519742.663152,1.9447999999999999,10112.96
510310,易方达沪深300ETF,2023-08-02,1290430.74,19200.0,1.5103,2487692.380572,1.9278,37013.76
510310,易方达沪深300ETF,2023-08-01,1271230.74,74800.0,6.2519,2467967.358636,1.9414000000000002,145216.72000000003
510310,易方达沪深300ETF,2023-07-31,1196430.74,30000.0,2.5719,2332441.72763,1.9495,58485.0
510310,易方达沪深300ETF,2023-07-28,1166430.74,24800.0,2.1723,2261592.561786,1.9389,48084.72
510330,华夏沪深300ETF,2026-07-27,859434.98,6210.0,0.7278,4264000.709772,4.9614,30810.294
510330,华夏沪深300ETF,2026-07-24,853224.98,6390.0,0.7546,4184044.656924,4.9038,31335.282000000003
510330,华夏沪深300ETF,2026-07-23,846834.98,8820.0,1.0525,4222573.260774,4.9863,43979.166
510330,华夏沪深300ETF,2026-07-22,838014.98,-2250.0,-0.2678,4168956.922504,4.9748,-11193.300000000001
510330,华夏沪深300ETF,2026-07-21,840264.98,1620.0,0.1932,4199140.211052,4.9974,8095.788
510330,华夏沪深300ETF,2026-07-20,838644.98,13410.0,1.625,4066589.5080199996,4.848999999999999,65025.08999999999
510330,华夏沪深300ETF,2026-07-17,825234.98,36270.0,4.5972,3941322.2644800004,4.776000000000001,173225.52000000002
510330,华夏沪深300ETF,2026-07-16,788964.98,12420.0,1.5994,3905692.2369919997,4.9504,61483.968
510330,华夏沪深300ETF,2026-07-15,776544.98,1620.0,0.2091,3913010.15422,5.039,8163.179999999999
510330,华夏沪深300ETF,2026-07-14,774924.98,3870.0,0.5019,3912131.269032,5.0484,19537.308
510330,华夏沪深300ETF,2026-07-13,771054.98,13230.0,1.7458,3810862.1331519997,4.9424,65387.952000000005
510330,华夏沪深300ETF,2026-07-10,757824.98,2790.0,0.3695,3811708.084404,5.0298,14033.142
510330,华夏沪深300ETF,2026-07-09,755034.98,1620.0,0.215,3868195.209536,5.123200000000001,8299.584
510330,华夏沪深300ETF,2026-07-08,753414.98,1980.0,0.2635,3764362.606072,4.9964,9892.872000000001
510330,华夏沪深300ETF,2026-07-07,751434.98,-630.0,-0.0838,3783099.40681,5.0345,-3171.735
510330,华夏沪深300ETF,2026-07-06,752064.98,-2790.0,-0.3696,3825303.314272,5.0864,-14191.056
510330,华夏沪深300ETF,2026-07-03,754854.98,-630.0,-0.0834,3839720.8267660006,5.086700000000001,-3204.621000000001
510330,华夏沪深300ETF,2026-07-02,755484.98,5130.0,0.6837,3818598.8314099996,5.0545,25929.585
510330,华夏沪深300ETF,2026-07-01,750354.98,1440.0,0.1923,3907173.416358,5.2071000000000005,7498.224000000001
510330,华夏沪深300ETF,2026-06-30,748914.98,-78570.0,-9.495,3915627.081432,5.2284,-410795.388
510330,华夏沪深300ETF,2026-06-29,827484.98,-47970.0,-5.4794,4280166.05905,5.1725,-248124.825
510330,华夏沪深300ETF,2026-06-26,875454.98,-810.0,-0.0924,4471473.855848,5.107600000000001,-4137.156000000001
510330,华夏沪深300ETF,2026-06-25,876264.98,-177210.0,-16.8215,4608890.915306,5.2597000000000005,-932071.437
510330,华夏沪深300ETF,2026-06-24,1053474.98,-119250.0,-10.1686,5455736.226424,5.178800000000001,-617571.9000000001
510330,华夏沪深300ETF,2026-06-23,1172724.98,-102600.0,-8.045,6044107.274422,5.1539,-528790.14
510330,华夏沪深300ETF,2026-06-22,1275324.98,-13590.0,-1.0544,6760625.251478,5.3011,-72041.949
510330,华夏沪深300ETF,2026-06-18,1288914.98,-28170.0,-2.1388,6673099.525954,5.1773,-145844.541
510330,华夏沪深300ETF,2026-06-17,1317084.98,-27990.0,-2.0809,6803797.589683999,5.1658,-144590.742
510330,华夏沪深300ETF,2026-06-16,1345074.98,-32670.0,-2.3713,6881538.1051779995,5.116099999999999,-167142.987
510330,华夏沪深300ETF,2026-06-15,1377744.98,-48780.0,-3.4195,7059014.179528,5.1236,-249929.20799999998
510330,华夏沪深300ETF,2026-06-12,1426524.98,-11520.0,-0.8011,7137332.432434,5.0033,-57638.016
510330,华夏沪深300ETF,2026-06-11,1438044.98,5220.0,0.3643,7116884.60602,4.949,25833.78
510330,华夏沪深300ETF,2026-06-10,1432824.98,1260.0,0.088,7128160.993002,4.9749,6268.374
510330,华夏沪深300ETF,2026-06-09,1431564.98,-3150.0,-0.2196,7194043.493994,5.0253000000000005,-15829.695000000002
510330,华夏沪深300ETF,2026-06-08,1434714.98,17370.0,1.2255,7077735.939336,4.9332,85689.68400000001
510330,华夏沪深300ETF,2026-06-05,1417344.98,1620.0,0.1144,7144694.309682,5.040900000000001,8166.258000000001
510330,华夏沪深300ETF,2026-06-04,1415724.98,-1530.0,-0.108,7263943.299882,5.1309000000000005,-7850.277000000001
510330,华夏沪深300ETF,2026-06-03,1417254.98,-7650.0,-0.5369,7321680.952178,5.1661,-39520.665
510330,华夏沪深300ETF,2026-06-02,1424904.98,1980.0,0.1391,7324866.540188001,5.1406,10178.388
510330,华夏沪深300ETF,2026-06-01,1422924.98,1170.0,0.0823,7209960.873660001,5.067000000000001,5928.390000000001
510330,华夏沪深300ETF,2026-05-29,1421754.98,-1080.0,-0.0759,7274978.057162,5.1169,-5526.252
510330,华夏沪深300ETF,2026-05-28,1422834.98,1530.0,0.1076,7311664.395224,5.138800000000001,7862.364000000001
510330,华夏沪深300ETF,2026-05-27,1421304.98,-17550.0,-1.2197,7294137.157360001,5.132000000000001,-90066.6
510330,华夏沪深300ETF,2026-05-26,1438854.98,-26370.0,-1.7997,7441470.185564,5.1718,-136380.366
510330,华夏沪深300ETF,2026-05-25,1465224.98,-112320.0,-7.1199,7537117.297119999,5.143999999999999,-577774.08
510330,华夏沪深300ETF,2026-05-22,1577544.98,-28080.0,-1.7489,7989003.287716,5.0642000000000005,-142202.736
510330,华夏沪深300ETF,2026-05-21,1605624.98,-33390.0,-2.0372,8027161.5250119995,4.9994,-166929.966
510330,华夏沪深300ETF,2026-05-20,1639014.98,-13500.0,-0.8169,8309150.342608,5.0696,-68439.6
510330,华夏沪深300ETF,2026-05-19,1652514.98,-13230.0,-0.7942,8380068.715078,5.0711,-67090.653
510330,华夏沪深300ETF,2026-05-18,1665744.98,1440.0,0.0865,8413011.595988,5.0506,7272.8640000000005
510330,华夏沪深300ETF,2026-05-15,1664304.98,-5850.0,-0.3503,8450841.396946,5.0777,-29704.545000000002
510330,华夏沪深300ETF,2026-05-14,1670154.98,-5490.0,-0.3276,8576245.8223,5.135,-28191.149999999998
510330,华夏沪深300ETF,2026-05-13,1675644.98,-8910.0,-0.5289,8750553.214556,5.2222,-46529.801999999996
510330,华夏沪深300ETF,2026-05-12,1684554.98,-34650.0,-2.0155,8705106.314647999,5.167599999999999,-179057.33999999997
510330,华夏沪深300ETF,2026-05-11,1719204.98,-44460.0,-2.5209,8890696.633572001,5.1714,-229920.44400000002
510330,华夏沪深300ETF,2026-05-08,1763664.98,-25290.0,-1.4137,8972998.318746,5.087700000000001,-128667.93300000002
510330,华夏沪深300ETF,2026-05-07,1788954.98,-32310.0,-1.774,9154798.214652,5.1174,-165343.194
510330,华夏沪深300ETF,2026-05-06,1821264.98,-33930.0,-1.8289,9275702.54314,5.093,-172805.49
510330,华夏沪深300ETF,2026-04-30,1855194.98,-19620.0,-1.0465,9313078.7996,5.02,-98492.4
510330,华夏沪深300ETF,2026-04-29,1874814.98,-6210.0,-0.3301,9416633.200046001,5.0227,-31190.967000000004
510330,华夏沪深300ETF,2026-04-28,1881024.98,-6390.0,-0.3386,9344743.998142,4.9679,-31744.881
510330,华夏沪深300ETF,2026-04-27,1887414.98,-13590.0,-0.7149,9401214.01538,4.981000000000001,-67691.79000000001
510330,华夏沪深300ETF,2026-04-24,1901004.98,-4950.0,-0.2597,9466054.297910001,4.979500000000001,-24648.525000000005
510330,华夏沪深300ETF,2026-04-23,1905954.98,-7740.0,-0.4045,9523675.844064,4.9967999999999995,-38675.231999999996
510330,华夏沪深300ETF,2026-04-22,1913694.98,-2880.0,-0.1503,9588951.436286,5.0107,-14430.815999999999
510330,华夏沪深300ETF,2026-04-21,1916574.98,-4680.0,-0.2436,9533427.265516,4.9742,-23279.255999999998
510330,华夏沪深300ETF,2026-04-20,1921254.98,-1530.0,-0.0796,9534996.340242,4.9629,-7593.237
510330,华夏沪深300ETF,2026-04-17,1922784.98,-900.0,-0.0468,9484713.749344,4.9328,-4439.52
510330,华夏沪深300ETF,2026-04-16,1923684.98,-1530.0,-0.0795,9504735.117682,4.9409,-7559.577
510330,华夏沪深300ETF,2026-04-15,1925214.98,-270.0,-0.014,9409103.171753999,4.8873,-1319.571
510330,华夏沪深300ETF,2026-04-14,1925484.98,540.0,0.0281,9441808.147928,4.9036,2647.944
510330,华夏沪深300ETF,2026-04-13,1924944.98,-1170.0,-0.0607,9328475.867578,4.8461,-5669.937
510330,华夏沪深300ETF,2026-04-10,1926114.98,-8370.0,-0.4327,9315077.266276,4.8362,-40478.994
510330,华夏沪深300ETF,2026-04-09,1934484.98,-8100.0,-0.417,9213178.165748,4.7626,-38577.06
510330,华夏沪深300ETF,2026-04-08,1942584.98,540.0,0.0278,9311198.326136,4.793200000000001,2588.3280000000004
510330,华夏沪深300ETF,2026-04-07,1942044.98,990.0,0.051,8994775.529368,4.6316,4585.284
510330,华夏沪深300ETF,2026-04-03,1941054.98,630.0,0.0325,8990190.245368,4.6316,2917.908
510330,华夏沪深300ETF,2026-04-02,1940424.98,-1080.0,-0.0556,9064307.209074,4.6713,-5045.004
510330,华夏沪深300ETF,2026-04-01,1941504.98,-2250.0,-0.1158,9165068.408588,4.7206,-10621.35
510330,华夏沪深300ETF,2026-03-31,1943754.98,-4860.0,-0.2494,9021744.364172,4.6414,-22557.204
510330,华夏沪深300ETF,2026-03-30,1948614.98,-1080.0,-0.0554,9129261.1813,4.685,-5059.799999999999
510330,华夏沪深300ETF,2026-03-27,1949694.98,270.0,0.0139,9155962.595578,4.6961,1267.9470000000001
510330,华夏沪深300ETF,2026-03-26,1949424.98,810.0,0.0416,9103814.6566,4.67,3782.7
510330,华夏沪深300ETF,2026-03-25,1948614.98,270.0,0.0139,9221625.531352,4.7324,1277.748
510330,华夏沪深300ETF,2026-03-24,1948344.98,10440.0,0.5387,9092926.02166,4.667,48723.479999999996
510330,华夏沪深300ETF,2026-03-23,1937904.98,8460.0,0.4385,8929672.357342,4.6079,38982.834
510330,华夏沪深300ETF,2026-03-20,1929444.98,5400.0,0.2807,9191104.106728,4.7636,25723.440000000002
510330,华夏沪深300ETF,2026-03-19,1924044.98,7290.0,0.3803,9197512.217894001,4.7803,34848.387
510330,华夏沪深300ETF,2026-03-18,1916754.98,1260.0,0.0658,9312745.745827999,4.858599999999999,6121.835999999999
510330,华夏沪深300ETF,2026-03-17,1915494.98,2880.0,0.1506,9265249.218260001,4.837000000000001,13930.560000000001
510330,华夏沪深300ETF,2026-03-16,1912614.98,900.0,0.0471,9319216.49005,4.8725,4385.25
510330,华夏沪深300ETF,2026-03-13,1911714.98,3510.0,0.1839,9309860.781102,4.8699,17093.349000000002
510330,华夏沪深300ETF,2026-03-12,1908204.98,-2160.0,-0.1131,9329214.14722,4.889,-10560.24
510330,华夏沪深300ETF,2026-03-11,1910364.98,-9450.0,-0.4922,9373587.847366,4.9067,-46368.314999999995
510330,华夏沪深300ETF,2026-03-10,1919814.98,720.0,0.0375,9360633.879484,4.8758,3510.576
510330,华夏沪深300ETF,2026-03-09,1919094.98,-2070.0,-0.1077,9238523.233719999,4.813999999999999,-9964.979999999998
510330,华夏沪深300ETF,2026-03-06,1921164.98,720.0,0.0375,9338590.851282,4.8609,3499.848
510330,华夏沪深300ETF,2026-03-05,1920444.98,-90.0,-0.0047,9309164.996052,4.8474,-436.266
510330,华夏沪深300ETF,2026-03-04,1920534.98,1800.0,0.0938,9219720.224988,4.8006,8641.08
510330,华夏沪深300ETF,2026-03-03,1918734.98,180.0,0.0094,9317760.809875999,4.856199999999999,874.1159999999999
510330,华夏沪深300ETF,2026-03-02,1918554.98,-7380.0,-0.3832,9462313.161360001,4.932,-36398.16
510330,华夏沪深300ETF,2026-02-27,1925934.98,540.0,0.028,9462696.337234,4.9133,2653.182
510330,华夏沪深300ETF,2026-02-26,1925394.98,-5580.0,-0.289,9492389.790897999,4.9300999999999995,-27509.958
510330,华夏沪深300ETF,2026-02-25,1930974.98,2430.0,0.126,9538244.011208,4.9395999999999995,12003.228
510330,华夏沪深300ETF,2026-02-24,1928544.98,90.0,0.0047,9469155.8518,4.91,441.90000000000003
510330,华夏沪深300ETF,2026-02-13,1928454.98,-5130.0,-0.2653,9374026.812282002,4.860900000000001,-24936.417000000005
510330,华夏沪深300ETF,2026-02-12,1933584.98,-1440.0,-0.0744,9518458.781046001,4.922700000000001,-7088.688000000001
510330,华夏沪深300ETF,2026-02-11,1935024.98,90.0,0.0047,9512776.304178,4.9161,442.449
510330,华夏沪深300ETF,2026-02-10,1934934.98,-900.0,-0.0465,9533231.152962,4.9269,-4434.21
510330,华夏沪深300ETF,2026-02-09,1935834.98,720.0,0.0372,9526824.687074,4.9213000000000005,3543.3360000000002
510330,华夏沪深300ETF,2026-02-06,1935114.98,630.0,0.0326,9370407.267654,4.8423,3050.649
510330,华夏沪深300ETF,2026-02-05,1934484.98,1350.0,0.0698,9417653.228133999,4.8683,6572.205
510330,华夏沪深300ETF,2026-02-04,1933134.98,-1890.0,-0.0977,9466948.624056,4.8972,-9255.707999999999
510330,华夏沪深300ETF,2026-02-03,1935024.98,12330.0,0.6413,9398416.327860001,4.857000000000001,59886.81000000001
510330,华夏沪深300ETF,2026-02-02,1922694.98,-20340.0,-1.0468,9230281.790486,4.8007,-97646.238
510330,华夏沪深300ETF,2026-01-30,1943034.98,-23040.0,-1.1719,9531558.09439,4.9055,-113022.72
510330,华夏沪深300ETF,2026-01-29,1966074.98,-132840.0,-6.329,9742098.133398,4.9551,-658235.4839999999
510330,华夏沪深300ETF,2026-01-28,2098914.98,-507150.0,-19.4604,10322463.871639999,4.917999999999999,-2494163.6999999997
510330,华夏沪深300ETF,2026-01-27,2606064.98,-149850.0,-5.4374,12783530.546394,4.9052999999999995,-735059.205
510330,华夏沪深300ETF,2026-01-26,2755914.98,-301320.0,-9.856,13522172.440868,4.9066,-1478456.712
510330,华夏沪深300ETF,2026-01-23,3057234.98,-380790.0,-11.0758,14986871.595457999,4.9021,-1866670.659
510330,华夏沪深300ETF,2026-01-22,3438024.98,-182340.0,-5.0365,16925053.174042,4.9229,-897641.586
510330,华夏沪深300ETF,2026-01-21,3620364.98,-293580.0,-7.5009,17821608.650548,4.9226,-1445176.908
510330,华夏沪深300ETF,2026-01-20,3913944.98,-131760.0,-3.2568,19249172.806138,4.918100000000001,-648008.8560000001
510330,华夏沪深300ETF,2026-01-19,4045704.98,-155340.0,-3.6977,19963126.653311998,4.934399999999999,-766509.6959999999
510330,华夏沪深300ETF,2026-01-16,4201044.98,-446310.0,-9.6035,20718713.632364,4.9318,-2201111.658
510330,华夏沪深300ETF,2026-01-15,4647354.98,-79290.0,-1.6775,23002083.47351,4.9495,-392445.855
510330,华夏沪深300ETF,2026-01-14,4726644.98,-12060.0,-0.2545,23347735.543208,4.9395999999999995,-59571.575999999994
510330,华夏沪深300ETF,2026-01-13,4738704.98,-3780.0,-0.0797,23497342.513828,4.958599999999999,-18743.507999999994
510330,华夏沪深300ETF,2026-01-12,4742484.98,-5040.0,-0.1062,23658360.571228,4.9886,-25142.543999999998
510330,华夏沪深300ETF,2026-01-09,4747524.98,3420.0,0.0721,23528733.80088,4.9559999999999995,16949.519999999997
510330,华夏沪深300ETF,2026-01-08,4744104.98,3420.0,0.0721,23405516.329328,4.933599999999999,16872.911999999997
510330,华夏沪深300ETF,2026-01-07,4740684.98,-6030.0,-0.127,23581115.227516,4.9742,-29994.426
510330,华夏沪深300ETF,2026-01-06,4746714.98,810.0,0.0171,23680411.692224,4.9887999999999995,4040.9279999999994
510330,华夏沪深300ETF,2026-01-05,4745904.98,3420.0,0.0721,23316156.576242,4.9129,16802.118
510330,华夏沪深300ETF,2025-12-31,4742484.98,-3510.0,-0.074,22865417.082572002,4.8214,-16923.113999999998
510330,华夏沪深300ETF,2025-12-30,4745994.98,1080.0,0.0228,22988175.884626,4.8437,5231.196
510330,华夏沪深300ETF,2025-12-29,4744914.98,-3330.0,-0.0701,22924107.742874,4.8313,-16088.229
510330,华夏沪深300ETF,2025-12-26,4748244.98,4590.0,0.0968,23028988.153,4.85,22261.5
510330,华夏沪深300ETF,2025-12-25,4743654.98,1800.0,0.038,22933674.366308,4.834599999999999,8702.279999999999
510330,华夏沪深300ETF,2025-12-24,4741854.98,-450.0,-0.0095,22878976.093002,4.8248999999999995,-2171.205
510330,华夏沪深300ETF,2025-12-23,4742304.98,-4590.0,-0.0967,22814755.028282,4.8109,-22082.031
510330,华夏沪深300ETF,2025-12-22,4746894.98,-10080.0,-0.2119,22791266.867473997,4.801299999999999,-48397.103999999985
510330,华夏沪深300ETF,2025-12-19,4756974.98,-540.0,-0.0114,22625124.399876002,4.7562,-2568.348
510330,华夏沪深300ETF,2025-12-18,4757514.98,630.0,0.0132,22537775.714754,4.737299999999999,2984.499
510330,华夏沪深300ETF,2025-12-17,4756884.98,3240.0,0.0682,22664178.48721,4.7645,15436.98
510330,华夏沪深300ETF,2025-12-16,4753644.98,630.0,0.0133,22237551.21644,4.677999999999999,2947.1399999999994
510330,华夏沪深300ETF,2025-12-15,4753014.98,0.0,0.0,22504100.025806,4.734699999999999,0.0
510330,华夏沪深300ETF,2025-12-12,4753014.98,5760.0,0.1213,22637184.445246,4.7627,27433.152
510330,华夏沪深300ETF,2025-12-11,4747254.98,90.0,0.0019,22466858.918348,4.7326,425.93399999999997
510330,华夏沪深300ETF,2025-12-10,4747164.98,-1080.0,-0.0227,22659642.599034,4.7733,-5155.164
510330,华夏沪深300ETF,2025-12-09,4748244.98,-1620.0,-0.0341,22695661.355404,4.7798,-7743.276
510330,华夏沪深300ETF,2025-12-08,4749864.98,1260.0,0.0265,22818351.36392,4.803999999999999,6053.039999999999
510330,华夏沪深300ETF,2025-12-05,4748604.98,1080.0,0.0227,22628052.450696,4.765199999999999,5146.415999999999
510330,华夏沪深300ETF,2025-12-04,4747524.98,2250.0,0.0474,22434904.045488,4.725599999999999,10632.599999999999
510330,华夏沪深300ETF,2025-12-03,4745274.98,1890.0,0.0398,22347872.51831,4.709499999999999,8900.954999999998
510330,华夏沪深300ETF,2025-12-02,4743384.98,2520.0,0.0532,22453761.479826,4.7337,11928.923999999999
510330,华夏沪深300ETF,2025-12-01,4740864.98,0.0,0.0,22550872.450366,4.7566999999999995,0.0
510330,华夏沪深300ETF,2025-11-28,4740864.98,90.0,0.0019,22305769.7309,4.705,423.45
510330,华夏沪深300ETF,2025-11-27,4740774.98,810.0,0.0171,22249879.213634,4.6933,3801.573
510330,华夏沪深300ETF,2025-11-26,4739964.98,3150.0,0.0665,22256979.560088,4.6956,14791.14
510330,华夏沪深300ETF,2025-11-25,4736814.98,-180.0,-0.0038,22108610.237652,4.6674,-840.132
510330,华夏沪深300ETF,2025-11-24,4736994.98,7290.0,0.1541,21901496.29003,4.623499999999999,33705.314999999995
510330,华夏沪深300ETF,2025-11-21,4729704.98,6300.0,0.1334,21894277.322917998,4.629099999999999,29163.329999999994
510330,华夏沪深300ETF,2025-11-20,4723404.98,-4410.0,-0.0933,22410194.927610002,4.7445,-20923.245000000003
510330,华夏沪深300ETF,2025-11-19,4727814.98,-2340.0,-0.0495,22542694.606138002,4.7681,-11157.354
510330,华夏沪深300ETF,2025-11-18,4730154.98,-1080.0,-0.0228,22454991.721056,4.747199999999999,-5126.976
510330,华夏沪深300ETF,2025-11-17,4731234.98,810.0,0.0171,22603001.993451998,4.777399999999999,3869.6939999999995
510330,华夏沪深300ETF,2025-11-14,4730424.98,-630.0,-0.0133,22747667.643824,4.8088,-3029.544
510330,华夏沪深300ETF,2025-11-13,4731054.98,-2970.0,-0.0627,23113095.999292,4.8854,-14509.637999999999
510330,华夏沪深300ETF,2025-11-12,4734024.98,-2070.0,-0.0437,22851611.980958,4.8271,-9992.097
510330,华夏沪深300ETF,2025-11-11,4736094.98,-1350.0,-0.0285,22890967.866834,4.8332999999999995,-6524.954999999999
510330,华夏沪深300ETF,2025-11-10,4737444.98,-1350.0,-0.0285,23108782.867942,4.8778999999999995,-6585.164999999999
510330,华夏沪深300ETF,2025-11-07,4738794.98,-3330.0,-0.0702,23032913.00029,4.860499999999999,-16185.464999999997
510330,华夏沪深300ETF,2025-11-06,4742124.98,-3870.0,-0.0815,23120230.33999,4.8755,-18868.184999999998
510330,华夏沪深300ETF,2025-11-05,4745994.98,990.0,0.0209,22813048.669864003,4.8068,4758.732
510330,华夏沪深300ETF,2025-11-04,4745004.98,-6570.0,-0.1383,22765110.392545998,4.797699999999999,-31520.888999999992
510330,华夏沪深300ETF,2025-11-03,4751574.98,810.0,0.017,22968163.138324,4.833799999999999,3915.3779999999992
510330,华夏沪深300ETF,2025-10-31,4750764.98,3780.0,0.0796,22901062.58609,4.820499999999999,18221.489999999998
510330,华夏沪深300ETF,2025-10-30,4746984.98,-1080.0,-0.0227,23224149.316152,4.892399999999999,-5283.7919999999995
510330,华夏沪深300ETF,2025-10-29,4748064.98,1440.0,0.0303,23415557.255367998,4.9315999999999995,7101.503999999999
510330,华夏沪深300ETF,2025-10-28,4746624.98,1440.0,0.0303,23132676.84003,4.873499999999999,7017.839999999998
510330,华夏沪深300ETF,2025-10-27,4745184.98,3330.0,0.0702,23240492.476546,4.8976999999999995,16309.340999999999
510330,华夏沪深300ETF,2025-10-24,4741854.98,900.0,0.019,22951052.288698003,4.8401000000000005,4356.09
510330,华夏沪深300ETF,2025-10-23,4740954.98,180.0,0.0038,22661764.8044,4.779999999999999,860.3999999999999
510330,华夏沪深300ETF,2025-10-22,4740774.98,-180.0,-0.0038,22593111.322185997,4.765699999999999,-857.8259999999998
510330,华夏沪深300ETF,2025-10-21,4740954.98,-810.0,-0.0171,22668876.236870002,4.7815,-3873.0150000000003
510330,华夏沪深300ETF,2025-10-20,4741764.98,1350.0,0.0285,22330867.996812,4.7094,6357.69
510330,华夏沪深300ETF,2025-10-17,4740414.98,630.0,0.0133,22205525.890814003,4.6843,2951.1090000000004
510330,华夏沪深300ETF,2025-10-16,4739784.98,-2160.0,-0.0456,22710205.753172,4.791399999999999,-10349.423999999999
510330,华夏沪深300ETF,2025-10-15,4741944.98,630.0,0.0133,22655590.530945998,4.777699999999999,3009.9509999999996
510330,华夏沪深300ETF,2025-10-14,4741314.98,-1620.0,-0.0342,22317843.742358,4.7071,-7625.5019999999995
510330,华夏沪深300ETF,2025-10-13,4742934.98,3060.0,0.0646,22594867.951222,4.7639,14577.533999999998
510330,华夏沪深300ETF,2025-10-10,4739874.98,180.0,0.0038,22691677.479252,4.787399999999999,861.7319999999999
510330,华夏沪深300ETF,2025-10-09,4739694.98,270.0,0.0057,23144878.526336,4.8831999999999995,1318.464
510330,华夏沪深300ETF,2025-09-30,4739424.98,450.0,0.0095,22806113.00376,4.811999999999999,2165.3999999999996
510330,华夏沪深300ETF,2025-09-29,4738974.98,3960.0,0.0836,22697794.564207997,4.789599999999999,18966.815999999995
510330,华夏沪深300ETF,2025-09-26,4735014.98,720.0,0.0152,22335065.660660002,4.717,3396.24
510330,华夏沪深300ETF,2025-09-25,4734294.98,-1080.0,-0.0228,22542345.54727,4.7615,-5142.42
510330,华夏沪深300ETF,2025-09-24,4735374.98,-360.0,-0.0076,22411109.167845998,4.7326999999999995,-1703.7719999999997
510330,华夏沪深300ETF,2025-09-23,4735734.98,-1800.0,-0.038,22182656.219818,4.6841,-8431.38
510330,华夏沪深300ETF,2025-09-22,4737534.98,-3690.0,-0.0778,22205773.958256,4.687199999999999,-17295.767999999996
510330,华夏沪深300ETF,2025-09-19,4741224.98,-360.0,-0.0076,22122555.75668,4.6659999999999995,-1679.7599999999998
510330,华夏沪深300ETF,2025-09-18,4741584.98,-3960.0,-0.0834,22104320.859764002,4.6618,-18460.728000000003
510330,华夏沪深300ETF,2025-09-17,4745544.98,-180.0,-0.0038,22383312.007166002,4.7167,-849.0060000000001
510330,华夏沪深300ETF,2025-09-16,4745724.98,-450.0,-0.0095,22245111.271252,4.687399999999999,-2109.33
510330,华夏沪深300ETF,2025-09-15,4746174.98,-1800.0,-0.0379,22290885.411068,4.696599999999999,-8453.88
510330,华夏沪深300ETF,2025-09-12,4747974.98,-180.0,-0.0038,22245687.173794,4.6853,-843.3539999999999
510330,华夏沪深300ETF,2025-09-11,4748154.98,1710.0,0.036,22373306.26576,4.712,8057.5199999999995
510330,华夏沪深300ETF,2025-09-10,4746444.98,-1170.0,-0.0246,21859752.35539,4.6055,-5388.435
510330,华夏沪深300ETF,2025-09-09,4747614.98,-2430.0,-0.0512,21819563.686582,4.595899999999999,-11168.036999999998
510330,华夏沪深300ETF,2025-09-08,4750044.98,7200.0,0.1518,21985108.185432002,4.6284,33324.48
510330,华夏沪深300ETF,2025-09-05,4742844.98,2250.0,0.0475,21916212.368082,4.6209,10397.025
510330,华夏沪深300ETF,2025-09-04,4740594.98,2700.0,0.057,21436496.440062,4.5219,12209.13
510330,华夏沪深300ETF,2025-09-03,4737894.98,630.0,0.0133,21884810.702118,4.6190999999999995,2910.033
510330,华夏沪深300ETF,2025-09-02,4737264.98,-810.0,-0.0171,22033019.421979997,4.650999999999999,-3767.309999999999
510330,华夏沪深300ETF,2025-09-01,4738074.98,-4410.0,-0.093,22200250.31879,4.685499999999999,-20663.054999999997
510330,华夏沪深300ETF,2025-08-29,4742484.98,-1080.0,-0.0228,22087649.545851998,4.657399999999999,-5029.991999999999
510330,华夏沪深300ETF,2025-08-28,4743564.98,-1080.0,-0.0228,21921436.842074,4.6213,-4991.004
510330,华夏沪深300ETF,2025-08-27,4744644.98,-90.0,-0.0019,21546856.247674,4.5413,-408.717
510330,华夏沪深300ETF,2025-08-26,4744734.98,9360.0,0.1977,21872753.784302,4.6099,43148.664
510330,华夏沪深300ETF,2025-08-25,4735374.98,1260.0,0.0266,21910580.03246,4.627,5830.0199999999995
510330,华夏沪深300ETF,2025-08-22,4734114.98,4140.0,0.0875,21455482.500857998,4.532099999999999,18762.893999999997
510330,华夏沪深300ETF,2025-08-21,4729974.98,-2340.0,-0.0494,20992574.956235997,4.438199999999999,-10385.387999999999
510330,华夏沪深300ETF,2025-08-20,4732314.98,-5850.0,-0.1235,20920618.063584,4.4208,-25861.68
510330,华夏沪深300ETF,2025-08-19,4738164.98,-5040.0,-0.1063,20708150.04509,4.3705,-22027.32
510330,华夏沪深300ETF,2025-08-18,4743204.98,-2790.0,-0.0588,20807965.926762,4.3869,-12239.451
510330,华夏沪深300ETF,2025-08-15,4745994.98,2340.0,0.0493,20638433.770028,4.348599999999999,10175.723999999998
510330,华夏沪深300ETF,2025-08-14,4743654.98,-3600.0,-0.0758,20483576.569138,4.3181,-15545.160000000002
510330,华夏沪深300ETF,2025-08-13,4747254.98,1710.0,0.036,20511939.317584,4.320799999999999,7388.567999999998
510330,华夏沪深300ETF,2025-08-12,4745544.98,-990.0,-0.0209,20343202.220264003,4.2868,-4243.932000000001
510330,华夏沪深300ETF,2025-08-11,4746534.98,-630.0,-0.0133,20243022.382704,4.2648,-2686.824
510330,华夏沪深300ETF,2025-08-08,4747164.98,270.0,0.0057,20159310.804068,4.246599999999999,1146.5819999999997
510330,华夏沪深300ETF,2025-08-07,4746894.98,-2250.0,-0.0474,20198512.829398002,4.2551000000000005,-9573.975
510330,华夏沪深300ETF,2025-08-06,4749144.98,180.0,0.0038,20202387.830422,4.2539,765.702
510330,华夏沪深300ETF,2025-08-05,4748964.98,-2790.0,-0.0587,20152232.89263,4.243499999999999,-11839.364999999998
510330,华夏沪深300ETF,2025-08-04,4751754.98,-270.0,-0.0057,20002987.763807997,4.209599999999999,-1136.5919999999999
510330,华夏沪深300ETF,2025-08-01,4752024.98,630.0,0.0133,19926666.348634,4.1933,2641.779
510330,华夏沪深300ETF,2025-07-31,4751394.98,-3510.0,-0.0738,20025229.282708,4.2146,-14793.246
510330,华夏沪深300ETF,2025-07-30,4754904.98,-4860.0,-0.1021,20408052.17416,4.292,-20859.12
510330,华夏沪深300ETF,2025-07-29,4759764.98,-3960.0,-0.0831,20432719.106144,4.2928,-16999.487999999998
510330,华夏沪深300ETF,2025-07-28,4763724.98,-5130.0,-0.1076,20366829.779492002,4.2754,-21932.802000000003
510330,华夏沪深300ETF,2025-07-25,4768854.98,-2070.0,-0.0434,20341550.91719,4.265499999999999,-8829.585
510330,华夏沪深300ETF,2025-07-24,4770924.98,810.0,0.017,20449138.649276,4.286199999999999,3471.821999999999
510330,华夏沪深300ETF,2025-07-23,4770114.98,2700.0,0.0566,20300178.320386,4.2557,11490.39
510330,华夏沪深300ETF,2025-07-22,4767414.98,-1890.0,-0.0396,20282967.03241,4.254499999999999,-8041.004999999998
510330,华夏沪深300ETF,2025-07-21,4769304.98,-2070.0,-0.0434,20124082.363110002,4.2195,-8734.365
510330,华夏沪深300ETF,2025-07-18,4771374.98,-3060.0,-0.0641,19998263.953674,4.191299999999999,-12825.377999999997
510330,华夏沪深300ETF,2025-07-17,4774434.98,-2250.0,-0.0471,19868811.16927,4.1615,-9363.375
510330,华夏沪深300ETF,2025-07-16,4776684.98,-1440.0,-0.0301,19732007.983882003,4.1309000000000005,-5948.496000000001
510330,华夏沪深300ETF,2025-07-15,4778124.98,-2700.0,-0.0565,19787171.167176,4.1411999999999995,-11181.239999999998
510330,华夏沪深300ETF,2025-07-14,4780824.98,-3240.0,-0.0677,19788312.674718,4.1391,-13410.684
510330,华夏沪深300ETF,2025-07-11,4784064.98,-90.0,-0.0019,20066282.152112,4.1944,-377.496
510330,华夏沪深300ETF,2025-07-10,4784154.98,-3060.0,-0.0639,20014512.358829997,4.183499999999999,-12801.509999999997
510330,华夏沪深300ETF,2025-07-09,4787214.98,-2160.0,-0.0451,19923431.303764,4.1617999999999995,-8989.488
510330,华夏沪深300ETF,2025-07-08,4789374.98,1620.0,0.0338,19964988.541628,4.1686,6753.132
510330,华夏沪深300ETF,2025-07-07,4787754.98,-4950.0,-0.1033,19791621.536323998,4.133799999999999,-20462.309999999994
510330,华夏沪深300ETF,2025-07-04,4792704.98,-720.0,-0.015,19888287.855506,4.149699999999999,-2987.7839999999997
510330,华夏沪深300ETF,2025-07-03,4793424.98,-1080.0,-0.0225,19819853.607304,4.134799999999999,-4465.583999999999
510330,华夏沪深300ETF,2025-07-02,4794504.98,-1260.0,-0.0263,19699662.061823998,4.1088,-5177.088
510330,华夏沪深300ETF,2025-07-01,4795764.98,-810.0,-0.0169,19700522.961342003,4.1079,-3327.399
510330,华夏沪深300ETF,2025-06-30,4796574.98,-7650.0,-0.1592,19670274.335482,4.1009,-31371.885000000002
510330,华夏沪深300ETF,2025-06-27,4804224.98,-11520.0,-0.2392,19612287.635854002,4.0823,-47028.096
510330,华夏沪深300ETF,2025-06-26,4815744.98,-5130.0,-0.1064,19767669.993904002,4.1048,-21057.624
510330,华夏沪深300ETF,2025-06-25,4820874.98,-1980.0,-0.0411,19837900.5427,4.114999999999999,-8147.699999999999
510330,华夏沪深300ETF,2025-06-24,4822854.98,-2250.0,-0.0466,19549442.661429998,4.053499999999999,-9120.374999999996
510330,华夏沪深300ETF,2025-06-23,4825104.98,1710.0,0.0355,19326957.99739,4.0055,6849.405
510330,华夏沪深300ETF,2025-06-20,4823394.98,0.0,0.0,19260780.834135998,3.9931999999999994,0.0
510330,华夏沪深300ETF,2025-06-19,4823394.98,-2250.0,-0.0466,19225087.711284,3.9858,-8968.05
510330,华夏沪深300ETF,2025-06-18,4825644.98,-810.0,-0.0168,19391371.787632,4.0184,-3254.904
510330,华夏沪深300ETF,2025-06-17,4826454.98,-180.0,-0.0037,19367115.898245998,4.012699999999999,-722.2859999999998
510330,华夏沪深300ETF,2025-06-16,4826634.98,180.0,0.0037,19383766.07968,4.015999999999999,722.8799999999999
510330,华夏沪深300ETF,2025-06-13,4826454.98,-3780.0,-0.0783,19334296.004382,4.0059,-15142.301999999998
510330,华夏沪深300ETF,2025-06-12,4830234.98,-450.0,-0.0093,19480337.67434,4.0329999999999995,-1814.8499999999997
510330,华夏沪深300ETF,2025-06-11,4830684.98,-3690.0,-0.0763,19471525.017384,4.030799999999999,-14873.651999999998
510330,华夏沪深300ETF,2025-06-10,4834374.98,-4950.0,-0.1023,19333148.982518,3.9990999999999994,-19795.545
510330,华夏沪深300ETF,2025-06-09,4839324.98,1890.0,0.0391,19453118.554604,4.0198,7597.4220000000005
510330,华夏沪深300ETF,2025-06-06,4837434.98,-3330.0,-0.0688,19387955.656342,4.007899999999999,-13346.306999999997
510330,华夏沪深300ETF,2025-06-05,4840764.98,-9000.0,-0.1856,19406626.80482,4.0089999999999995,-36080.99999999999
510330,华夏沪深300ETF,2025-06-04,4849764.98,-1440.0,-0.0297,19395665.084514003,3.9993000000000003,-5758.992
510330,华夏沪深300ETF,2025-06-03,4851204.98,-720.0,-0.0148,19317983.350858,3.9820999999999995,-2867.1119999999996
510330,华夏沪深300ETF,2025-05-30,4851924.98,-6030.0,-0.1241,19262142.1706,3.9699999999999998,-23939.1
510330,华夏沪深300ETF,2025-05-29,4857954.98,-360.0,-0.0074,19375953.43773,3.9884999999999997,-1435.86
510330,华夏沪深300ETF,2025-05-28,4858314.98,-3150.0,-0.0648,19263218.8957,3.965,-12489.75
510330,华夏沪深300ETF,2025-05-27,4861464.98,270.0,0.0056,19290293.04064,3.9679999999999995,1071.36
510330,华夏沪深300ETF,2025-05-26,4861194.98,1080.0,0.0222,19392765.133714,3.9893,4308.444
510330,华夏沪深300ETF,2025-05-23,4860114.98,450.0,0.0093,19499267.311258,4.012099999999999,1805.4449999999997
510330,华夏沪深300ETF,2025-05-22,4859664.98,-2430.0,-0.05,19653943.078614,4.0443,-9827.649
510330,华夏沪深300ETF,2025-05-21,4862094.98,-1170.0,-0.0241,19675439.755566,4.0466999999999995,-4734.638999999999
510330,华夏沪深300ETF,2025-05-20,4863264.98,90.0,0.0019,19583881.747961998,4.0268999999999995,362.42099999999994
510330,华夏沪深300ETF,2025-05-19,4863174.98,-900.0,-0.0185,19474584.20741,4.004499999999999,-3604.0499999999993
510330,华夏沪深300ETF,2025-05-16,4864074.98,-2520.0,-0.0518,19537529.972166,4.0167,-10122.084
510330,华夏沪深300ETF,2025-05-15,4866594.98,-6120.0,-0.1256,19639144.04179,4.0355,-24697.26
510330,华夏沪深300ETF,2025-05-14,4872714.98,1350.0,0.0277,19840720.855564002,4.0718,5496.929999999999
510330,华夏沪深300ETF,2025-05-13,4871364.98,-2790.0,-0.0572,19597014.178042002,4.0229,-11223.891
510330,华夏沪深300ETF,2025-05-12,4874154.98,2790.0,0.0573,19578505.723664,4.0168,11206.872
510330,华夏沪深300ETF,2025-05-09,4871364.98,-360.0,-0.0074,19343216.062583998,3.970799999999999,-1429.4879999999998
510330,华夏沪深300ETF,2025-05-08,4871724.98,-2790.0,-0.0572,19373875.900464002,3.9768,-11095.271999999999
510330,华夏沪深300ETF,2025-05-07,4874514.98,-3330.0,-0.0683,19277731.842904,3.9548,-13169.484
510330,华夏沪深300ETF,2025-05-06,4877844.98,-3420.0,-0.0701,19175296.400878,3.9311,-13444.362
510330,华夏沪深300ETF,2025-04-30,4881264.98,-900.0,-0.0184,18997883.302160002,3.892,-3502.7999999999997
510330,华夏沪深300ETF,2025-04-29,4882164.98,-2790.0,-0.0571,19019450.112586,3.8956999999999993,-10869.002999999999
510330,华夏沪深300ETF,2025-04-28,4884954.98,-1350.0,-0.0276,19063536.80945,3.9025,-5268.375
510330,华夏沪深300ETF,2025-04-25,4886304.98,-2070.0,-0.0423,19096168.492338,3.9081,-8089.767
510330,华夏沪深300ETF,2025-04-24,4888374.98,-90.0,-0.0018,19088615.459402,3.904899999999999,-351.4409999999999
510330,华夏沪深300ETF,2025-04-23,4888464.98,-2970.0,-0.0607,19101676.90935,3.9074999999999998,-11605.275
510330,华夏沪深300ETF,2025-04-22,4891434.98,-6030.0,-0.1231,19098607.879410002,3.9045,-23544.135000000002
510330,华夏沪深300ETF,2025-04-21,4897464.98,-3780.0,-0.0771,19115785.309936,3.903199999999999,-14754.095999999996
510330,华夏沪深300ETF,2025-04-18,4901244.98,99360.0,2.0692,19068293.59469,3.8904999999999994,386560.07999999996
510330,华夏沪深300ETF,2025-04-17,4801884.98,90.0,0.0019,18675491.064216,3.8891999999999993,350.02799999999996
510330,华夏沪深300ETF,2025-04-16,4801794.98,143370.0,3.0776,18677541.933706,3.8897,557666.289
510330,华夏沪深300ETF,2025-04-15,4658424.98,70380.0,1.534,18062111.174954,3.8773,272884.374
510330,华夏沪深300ETF,2025-04-14,4588044.98,-17010.0,-0.3694,17779591.906496,3.8751999999999995,-65917.15199999999
510330,华夏沪深300ETF,2025-04-11,4605054.98,5940.0,0.1292,17804984.574672,3.866399999999999,22966.415999999994
510330,华夏沪深300ETF,2025-04-10,4599114.98,7110.0,0.1548,17708892.23049,3.8504999999999994,27377.054999999997
510330,华夏沪深300ETF,2025-04-09,4592004.98,64800.0,1.4313,17452833.327485997,3.800699999999999,246285.35999999993
510330,华夏沪深300ETF,2025-04-08,4527204.98,342180.0,8.1763,17038135.942229997,3.763499999999999,1287794.4299999997
510330,华夏沪深300ETF,2025-04-07,4185024.98,225270.0,5.689,15485847.933494,3.7003,833566.581
510330,华夏沪深300ETF,2025-04-03,3959754.98,-4860.0,-0.1226,15764972.501874,3.9813,-19349.118
510330,华夏沪深300ETF,2025-04-02,3964614.98,180.0,0.0045,15877886.533402,4.0049,720.8820000000001
510330,华夏沪深300ETF,2025-04-01,3964434.98,360.0,0.0091,15890644.730333999,4.008299999999999,1442.9879999999998
510330,华夏沪深300ETF,2025-03-31,3964074.98,-4140.0,-0.1043,15886426.889848001,4.0076,-16591.464
510330,华夏沪深300ETF,2025-03-28,3968214.98,-2250.0,-0.0567,16017302.945272,4.0364,-9081.900000000001
510330,华夏沪深300ETF,2025-03-27,3970464.98,-630.0,-0.0159,16096265.02892,4.054,-2554.02
510330,华夏沪深300ETF,2025-03-26,3971094.98,1170.0,0.0295,16045606.376188,4.0406,4727.502
510330,华夏沪深300ETF,2025-03-25,3969924.98,-2430.0,-0.0612,16093678.876422001,4.0539000000000005,-9850.977
510330,华夏沪深300ETF,2025-03-24,3972354.98,-1980.0,-0.0498,16114255.211868,4.0565999999999995,-8032.067999999999
510330,华夏沪深300ETF,2025-03-21,3974334.98,-5040.0,-0.1267,16040018.545782,4.0359,-20340.935999999998
510330,华夏沪深300ETF,2025-03-20,3979374.98,-2250.0,-0.0565,16307876.605538001,4.0981000000000005,-9220.725
510330,华夏沪深300ETF,2025-03-19,3981624.98,-4410.0,-0.1106,16461630.317312,4.1344,-18232.704
510330,华夏沪深300ETF,2025-03-18,3986034.98,-7290.0,-0.1826,16469897.933861999,4.1319,-30121.551
510330,华夏沪深300ETF,2025-03-17,3993324.98,-5220.0,-0.1305,16454894.912588,4.1206000000000005,-21509.532000000003
510330,华夏沪深300ETF,2025-03-14,3998544.98,1530.0,0.0383,16517189.603384,4.1308,6320.124
510330,华夏沪深300ETF,2025-03-13,3997014.98,-5400.0,-0.1349,16119162.011344,4.0328,-21777.12
510330,华夏沪深300ETF,2025-03-12,4002414.98,-4410.0,-0.1101,16206178.495517999,4.0491,-17856.531
510330,华夏沪深300ETF,2025-03-11,4006824.98,3960.0,0.0989,16282133.988728,4.0636,16091.856
510330,华夏沪深300ETF,2025-03-10,4002864.98,-14670.0,-0.3651,16214405.174485998,4.0507,-59423.769
510330,华夏沪深300ETF,2025-03-07,4017534.98,-6930.0,-0.1722,16337305.996170001,4.0665000000000004,-28180.845000000005
510330,华夏沪深300ETF,2025-03-06,4024464.98,-630.0,-0.0157,16416195.099917999,4.0790999999999995,-2569.8329999999996
510330,华夏沪深300ETF,2025-03-05,4025094.98,-26100.0,-0.6443,16196177.180523999,4.0238,-105021.18
510330,华夏沪深300ETF,2025-03-04,4051194.98,-1710.0,-0.0422,16228681.970382001,4.0059000000000005,-6850.089000000001
510330,华夏沪深300ETF,2025-03-03,4052904.98,-18900.0,-0.4642,16249311.936314002,4.0093000000000005,-75775.77
510330,华夏沪深300ETF,2025-02-28,4071804.98,-9540.0,-0.2337,16326716.428306,4.0097000000000005,-38252.53800000001
510330,华夏沪深300ETF,2025-02-27,4081344.98,-5490.0,-0.1343,16693109.102698002,4.0901000000000005,-22454.649
510330,华夏沪深300ETF,2025-02-26,4086834.98,-2610.0,-0.0638,16680825.654368,4.0816,-10652.976
510330,华夏沪深300ETF,2025-02-25,4089444.98,-3240.0,-0.0792,16547121.222574,4.0463,-13110.011999999999
510330,华夏沪深300ETF,2025-02-24,4092684.98,-6480.0,-0.1581,16746039.132666001,4.0917,-26514.216000000004
510330,华夏沪深300ETF,2025-02-21,4099164.98,3420.0,0.0835,16810265.666482,4.1009,14025.078000000001
510330,华夏沪深300ETF,2025-02-20,4095744.98,-4050.0,-0.0988,16586948.020004,4.0498,-16401.690000000002
510330,华夏沪深300ETF,2025-02-19,4099794.98,-90.0,-0.0022,16651317.31127,4.0615000000000006,-365.535
510330,华夏沪深300ETF,2025-02-18,4099884.98,-2700.0,-0.0658,16536066.089833999,4.0333,-10889.91
510330,华夏沪深300ETF,2025-02-17,4102584.98,-6300.0,-0.1533,16693008.025122,4.0689,-25634.07
510330,华夏沪深300ETF,2025-02-14,4108884.98,6750.0,0.1645,16683716.572792001,4.0604000000000005,27407.700000000004
510330,华夏沪深300ETF,2025-02-13,4102134.98,360.0,0.0088,16513554.575488001,4.0256,1449.216
510330,华夏沪深300ETF,2025-02-12,4101774.98,7380.0,0.1802,16574042.161685998,4.040699999999999,29820.365999999995
510330,华夏沪深300ETF,2025-02-11,4094394.98,-5130.0,-0.1251,16389453.665442001,4.0029,-20534.877
510330,华夏沪深300ETF,2025-02-10,4099524.98,-4950.0,-0.1206,16485829.754572,4.0214,-19905.93
510330,华夏沪深300ETF,2025-02-07,4104474.98,5670.0,0.1383,16470437.199744001,4.0128,22752.576
510330,华夏沪深300ETF,2025-02-06,4098804.98,5940.0,0.1451,16237006.047772,3.9614,23530.716
510330,华夏沪深300ETF,2025-02-05,4092864.98,-3060.0,-0.0747,16012106.374756,3.9122,-11971.332
510330,华夏沪深300ETF,2025-01-27,4095924.98,-13320.0,-0.3241,16118283.981296,3.9351999999999996,-52416.863999999994
510330,华夏沪深300ETF,2025-01-24,4109244.98,4950.0,0.1206,16236859.689474,3.9513,19558.934999999998
510330,华夏沪深300ETF,2025-01-23,4104294.98,2520.0,0.0614,16084321.597122,3.9189000000000003,9875.628
510330,华夏沪深300ETF,2025-01-22,4101774.98,-540.0,-0.0132,16039991.05929,3.9105,-2111.67
510330,华夏沪深300ETF,2025-01-21,4102314.98,-2700.0,-0.0658,16189786.068570001,3.9465000000000003,-10655.550000000001
510330,华夏沪深300ETF,2025-01-20,4105014.98,1440.0,0.0351,16188126.57363,3.9435,5678.639999999999
510330,华夏沪深300ETF,2025-01-17,4103574.98,9630.0,0.2352,16107762.868994,3.9253,37800.639
510330,华夏沪深300ETF,2025-01-16,4093944.98,180.0,0.0044,16019606.70674,3.913,704.3399999999999
510330,华夏沪深300ETF,2025-01-15,4093764.98,-180.0,-0.0044,16000480.424329998,3.9084999999999996,-703.53
510330,华夏沪深300ETF,2025-01-14,4093944.98,14130.0,0.3463,16104760.762324,3.9338,55584.594000000005
510330,华夏沪深300ETF,2025-01-13,4079814.98,14040.0,0.3453,15637114.855344,3.8327999999999998,53812.511999999995
510330,华夏沪深300ETF,2025-01-10,4065774.98,22680.0,0.561,15894334.129314002,3.9093000000000004,88662.92400000001
510330,华夏沪深300ETF,2025-01-09,4043094.98,10710.0,0.2656,16000548.38335,3.9575,42384.825
510330,华夏沪深300ETF,2025-01-08,4032384.98,23220.0,0.5792,15998084.169651998,3.9673999999999996,92123.02799999999
510330,华夏沪深300ETF,2025-01-07,4009164.98,10080.0,0.2521,15929615.215033999,3.9732999999999996,40050.863999999994
510330,华夏沪深300ETF,2025-01-06,3999084.98,4410.0,0.1104,15772391.161120001,3.9440000000000004,17393.04
510330,华夏沪深300ETF,2025-01-03,3994674.98,7920.0,0.1987,15781762.443485998,3.9506999999999994,31289.543999999994
510330,华夏沪深300ETF,2025-01-02,3986754.98,3960.0,0.0994,15939046.410039999,3.9979999999999998,15832.08
510330,华夏沪深300ETF,2024-12-31,3982794.98,10980.0,0.2764,16400751.448142001,4.117900000000001,45214.54200000001
510330,华夏沪深300ETF,2024-12-30,3971814.98,-1980.0,-0.0498,16622442.872798001,4.1851,-8286.498000000001
510330,华夏沪深300ETF,2024-12-27,3973794.98,3690.0,0.0929,16554035.127683999,4.1658,15371.802
510330,华夏沪深300ETF,2024-12-26,3970104.98,-4500.0,-0.1132,16564866.018552,4.1724,-18775.8
510330,华夏沪深300ETF,2024-12-25,3974604.98,-2250.0,-0.0566,16575692.608592002,4.170400000000001,-9383.400000000001
510330,华夏沪深300ETF,2024-12-24,3976854.98,1530.0,0.0385,16577122.298632002,4.1684,6377.652
510330,华夏沪深300ETF,2024-12-23,3975324.98,-1980.0,-0.0498,16362437.617679998,4.116,-8149.679999999999
510330,华夏沪深300ETF,2024-12-20,3977304.98,-5670.0,-0.1424,16346723.4678,4.11,-23303.7
510330,华夏沪深300ETF,2024-12-19,3982974.98,720.0,0.0181,16429771.7925,4.125,2970.0
510330,华夏沪深300ETF,2024-12-18,3982254.98,-3330.0,-0.0836,16412067.449073998,4.1213,-13723.928999999998
510330,华夏沪深300ETF,2024-12-17,3985584.98,1350.0,0.0339,16342891.21049,4.1005,5535.675
510330,华夏沪深300ETF,2024-12-16,3984234.98,1620.0,0.0407,16295521.0682,4.09,6625.8
510330,华夏沪深300ETF,2024-12-13,3982614.98,-5670.0,-0.1422,16381291.935735999,4.1132,-23321.844
510330,华夏沪深300ETF,2024-12-12,3988284.98,1710.0,0.0429,16802245.792242,4.2129,7204.059
510330,华夏沪深300ETF,2024-12-11,3986574.98,7290.0,0.1832,16629598.871572,4.1714,30409.506
510330,华夏沪深300ETF,2024-12-10,3979284.98,2880.0,0.0724,16627044.360432,4.1784,12033.792
510330,华夏沪深300ETF,2024-12-09,3976404.98,-1440.0,-0.0362,16494525.497538,4.1481,-5973.264
510330,华夏沪深300ETF,2024-12-06,3977844.98,3600.0,0.0906,16527945.8919,4.155,14958.0
510330,华夏沪深300ETF,2024-12-05,3974244.98,-180.0,-0.0045,16298776.087478,4.1011,-738.198
510330,华夏沪深300ETF,2024-12-04,3974424.98,-1620.0,-0.0407,16336476.437792001,4.1104,-6658.848000000001
510330,华夏沪深300ETF,2024-12-03,3976044.98,-4230.0,-0.1063,16431801.088846,4.1327,-17481.321
510330,华夏沪深300ETF,2024-12-02,3980274.98,-1710.0,-0.0429,16431769.199934,4.1283,-7059.393000000001
510330,华夏沪深300ETF,2024-11-29,3981984.98,720.0,0.0181,16309812.279582001,4.0959,2949.0480000000002
510330,华夏沪深300ETF,2024-11-28,3981264.98,-2700.0,-0.0678,16122530.663007999,4.0496,-10933.92
510330,华夏沪深300ETF,2024-11-27,3983964.98,2610.0,0.0656,16274496.9433,4.085,10661.85
510330,华夏沪深300ETF,2024-11-26,3981354.98,-6570.0,-0.1647,15985936.515695998,4.015199999999999,-26379.863999999994
510330,华夏沪深300ETF,2024-11-25,3987924.98,540.0,0.0135,16044618.572034,4.0233,2172.582
510330,华夏沪深300ETF,2024-11-22,3987384.98,-1350.0,-0.0338,16116212.612164002,4.0418,-5456.43
510330,华夏沪深300ETF,2024-11-21,3988734.98,-720.0,-0.018,16636215.854584,4.1708,-3002.9759999999997
510330,华夏沪深300ETF,2024-11-20,3989454.98,-2250.0,-0.0564,16624457.847157998,4.1671,-9375.974999999999
510330,华夏沪深300ETF,2024-11-19,3991704.98,-2070.0,-0.0518,16596710.965844,4.1578,-8606.646
510330,华夏沪深300ETF,2024-11-18,3993774.98,-1350.0,-0.0338,16495488.799894,4.1303,-5575.905
510330,华夏沪深300ETF,2024-11-15,3995124.98,8370.0,0.2099,16578969.642004,4.1498,34733.826
510330,华夏沪深300ETF,2024-11-14,3986754.98,-900.0,-0.0226,16838857.009026002,4.223700000000001,-3801.330000000001
510330,华夏沪深300ETF,2024-11-13,3987654.98,4500.0,0.113,17139738.635036,4.2982,19341.899999999998
510330,华夏沪深300ETF,2024-11-12,3983154.98,-4230.0,-0.1061,17013648.181572,4.271400000000001,-18068.022000000004
510330,华夏沪深300ETF,2024-11-11,3987384.98,-15660.0,-0.3912,17221116.990122,4.3189,-67633.974
510330,华夏沪深300ETF,2024-11-08,4003044.98,-9720.0,-0.2422,17176265.400183998,4.2908,-41706.576
510330,华夏沪深300ETF,2024-11-07,4012764.98,9630.0,0.2406,17392527.252814002,4.334300000000001,41739.30900000001
510330,华夏沪深300ETF,2024-11-06,4003134.98,6660.0,0.1666,16839587.606868,4.2066,28015.956
510330,华夏沪深300ETF,2024-11-05,3996474.98,6390.0,0.1601,16895497.625448,4.2276,27014.363999999998
510330,华夏沪深300ETF,2024-11-04,3990084.98,-2880.0,-0.0721,16452317.398033999,4.1232999999999995,-11875.104
510330,华夏沪深300ETF,2024-11-01,3992964.98,2340.0,0.0586,16236992.794672,4.0664,9515.376
510330,华夏沪深300ETF,2024-10-31,3990624.98,-3780.0,-0.0946,16230270.856158,4.0671,-15373.637999999999
510330,华夏沪深300ETF,2024-10-30,3994404.98,6660.0,0.167,16238454.565194,4.0653,27074.897999999997
510330,华夏沪深300ETF,2024-10-29,3987744.98,7020.0,0.1763,16356932.358964002,4.101800000000001,28794.636000000006
510330,华夏沪深300ETF,2024-10-28,3980724.98,1800.0,0.0452,16492541.664638,4.1431,7457.579999999999
510330,华夏沪深300ETF,2024-10-25,3978924.98,1260.0,0.0317,16453650.577296,4.1352,5210.352
510330,华夏沪深300ETF,2024-10-24,3977664.98,-1260.0,-0.0317,16332690.174378,4.1061,-5173.686
510330,华夏沪深300ETF,2024-10-23,3978924.98,-10800.0,-0.2707,16522088.086951999,4.1524,-44845.92
510330,华夏沪深300ETF,2024-10-22,3989724.98,-810.0,-0.0203,16501901.489777999,4.1361,-3350.241
510330,华夏沪深300ETF,2024-10-21,3990534.98,-5220.0,-0.1306,16411075.10525,4.1125,-21467.25
510330,华夏沪深300ETF,2024-10-18,3995754.98,-450.0,-0.0113,16392185.229951998,4.102399999999999,-1846.0799999999997
510330,华夏沪深300ETF,2024-10-17,3996204.98,-2070.0,-0.0518,15810185.762373999,3.9562999999999997,-8189.540999999999
510330,华夏沪深300ETF,2024-10-16,3998274.98,2070.0,0.0518,15999497.159968,4.0016,8283.312
510330,华夏沪深300ETF,2024-10-15,3996204.98,1260.0,0.0315,16093516.695456,4.0272,5074.272
510330,华夏沪深300ETF,2024-10-14,3994944.98,4770.0,0.1195,16527087.38226,4.1370000000000005,19733.49
510330,华夏沪深300ETF,2024-10-11,3990174.98,9180.0,0.2306,16199711.401301999,4.0599,37269.882
510330,华夏沪深300ETF,2024-10-10,3980994.98,-3780.0,-0.0949,16623440.737985998,4.1757,-15784.146
510330,华夏沪深300ETF,2024-10-09,3984774.98,1710.0,0.0429,16461503.919878,4.1311,7064.181
510330,华夏沪深300ETF,2024-10-08,3983064.98,1890.0,0.0475,17701935.690614,4.4443,8399.727
510330,华夏沪深300ETF,2024-09-30,3981174.98,2250.0,0.0565,16707398.921068,4.1966,9442.35
510330,华夏沪深300ETF,2024-09-27,3978924.98,2070.0,0.0521,15392073.392632,3.8684,8007.588
510330,华夏沪深300ETF,2024-09-26,3976854.98,13950.0,0.352,14725100.934446,3.7027,51652.665
510330,华夏沪深300ETF,2024-09-25,3962904.98,10260.0,0.2596,14077031.069955999,3.5521999999999996,36445.57199999999
510330,华夏沪深300ETF,2024-09-24,3952644.98,18540.0,0.4713,13834652.694498,3.5001,64891.85400000001
510330,华夏沪深300ETF,2024-09-23,3934104.98,1710.0,0.0435,13198135.386904,3.3548,5736.708
510330,华夏沪深300ETF,2024-09-20,3932394.98,79920.0,2.0745,13144816.699646,3.3427,267148.584
510330,华夏沪深300ETF,2024-09-19,3852474.98,3600.0,0.0935,12857249.998252,3.3374,12014.640000000001
510330,华夏沪深300ETF,2024-09-18,3848874.98,22860.0,0.5975,12742855.283784,3.3108,75684.888
510330,华夏沪深300ETF,2024-09-13,3826014.98,810.0,0.0212,12621258.216024,3.2988,2672.028
510330,华夏沪深300ETF,2024-09-12,3825204.98,810.0,0.0212,12669843.934756,3.3122,2682.882
510330,华夏沪深300ETF,2024-09-11,3824394.98,1170.0,0.0306,12721849.900969999,3.3265,3892.0049999999997
510330,华夏沪深300ETF,2024-09-10,3823224.98,-2340.0,-0.0612,12753896.210782,3.3359,-7806.006
510330,华夏沪深300ETF,2024-09-09,3825564.98,5670.0,0.1484,12750990.634838,3.3331,18898.677
510330,华夏沪深300ETF,2024-09-06,3819894.98,1170.0,0.0306,12883741.788544001,3.3728000000000002,3946.1760000000004
510330,华夏沪深300ETF,2024-09-05,3818724.98,17820.0,0.4688,12985192.421992,3.4004,60595.128
510330,华夏沪深300ETF,2024-09-04,3800904.98,5220.0,0.1375,12901791.864111999,3.3943999999999996,17718.767999999996
510330,华夏沪深300ETF,2024-09-03,3795684.98,32940.0,0.8754,12968337.302668,3.4166,112542.80399999999
510330,华夏沪深300ETF,2024-09-02,3762744.98,-7110.0,-0.1886,12823058.617341999,3.4078999999999997,-24230.168999999998
510330,华夏沪深300ETF,2024-08-30,3769854.98,9720.0,0.2585,13068579.273667999,3.4665999999999997,33695.352
510330,华夏沪深300ETF,2024-08-29,3760134.98,7920.0,0.2111,12863045.753082002,3.4209000000000005,27093.528000000006
510330,华夏沪深300ETF,2024-08-28,3752214.98,38340.0,1.0323,12870847.824396001,3.4302,131513.86800000002
510330,华夏沪深300ETF,2024-08-27,3713874.98,29610.0,0.8037,12804326.768546,3.4477,102086.39700000001
510330,华夏沪深300ETF,2024-08-26,3684264.98,32490.0,0.8897,12774820.391652001,3.4674000000000005,112655.82600000002
510330,华夏沪深300ETF,2024-08-23,3651774.98,8910.0,0.2446,12670928.825604,3.4697999999999998,30915.917999999998
510330,华夏沪深300ETF,2024-08-22,3642864.98,42210.0,1.1723,12583548.500414,3.4543000000000004,145806.00300000003
510330,华夏沪深300ETF,2024-08-21,3600654.98,47610.0,1.34,12469788.326736,3.4632,164882.952
510330,华夏沪深300ETF,2024-08-20,3553044.98,31230.0,0.8868,12345410.087508,3.4746,108511.758
510330,华夏沪深300ETF,2024-08-19,3521814.98,1710.0,0.0486,12325295.885506,3.4997000000000003,5984.487
510330,华夏沪深300ETF,2024-08-16,3520104.98,18810.0,0.5372,12278126.17024,3.488,65609.28
510330,华夏沪深300ETF,2024-08-15,3501294.98,29520.0,0.8503,12194310.156344,3.4828,102812.25600000001
510330,华夏沪深300ETF,2024-08-14,3471774.98,-2070.0,-0.0596,11971721.663534,3.4483,-7137.981000000001
510330,华夏沪深300ETF,2024-08-13,3473844.98,-720.0,-0.0207,12067095.307025999,3.4736999999999996,-2501.064
510330,华夏沪深300ETF,2024-08-12,3474564.98,2160.0,0.0622,12039367.6557,3.465,7484.4
510330,华夏沪深300ETF,2024-08-09,3472404.98,360.0,0.0104,12053064.926078,3.4711,1249.596
510330,华夏沪深300ETF,2024-08-08,3472044.98,2070.0,0.0597,12089313.415862,3.4819,7207.533
510330,华夏沪深300ETF,2024-08-07,3469974.98,0.0,0.0,12075512.9304,3.4800000000000004,0.0
510330,华夏沪深300ETF,2024-08-06,3469974.98,10530.0,0.3044,12081064.890368,3.4816,36661.248
510330,华夏沪深300ETF,2024-08-05,3459444.98,20880.0,0.6072,12045787.42036,3.482,72704.16
510330,华夏沪深300ETF,2024-08-02,3438564.98,-540.0,-0.0157,12120941.5545,3.5250000000000004,-1903.5000000000002
510330,华夏沪深300ETF,2024-08-01,3439104.98,630.0,0.0183,12248028.475772,3.5614000000000003,2243.6820000000002
510330,华夏沪深300ETF,2024-07-31,3438474.98,15390.0,0.4496,12326932.8033,3.5850000000000004,55173.15000000001
510330,华夏沪深300ETF,2024-07-30,3423084.98,43560.0,1.2889,12012632.120314,3.5093,152865.108
510330,华夏沪深300ETF,2024-07-29,3379524.98,6930.0,0.2055,11932426.799384,3.5308,24468.444
510330,华夏沪深300ETF,2024-07-26,3372594.98,33660.0,1.0081,11971700.400506,3.5496999999999996,119482.90199999999
510330,华夏沪深300ETF,2024-07-25,3338934.98,29970.0,0.9057,11802801.260802,3.5349000000000004,105940.95300000001
510330,华夏沪深300ETF,2024-07-24,3308964.98,4410.0,0.1335,11761385.124912,3.5544,15674.903999999999
510330,华夏沪深300ETF,2024-07-23,3304554.98,5400.0,0.1637,11817088.60848,3.576,19310.4
510330,华夏沪深300ETF,2024-07-22,3299154.98,20610.0,0.6286,12052802.888434,3.6533,75294.513
510330,华夏沪深300ETF,2024-07-19,3278544.98,128610.0,4.0829,12059799.854432,3.6784,473079.024
510330,华夏沪深300ETF,2024-07-18,3149934.98,54630.0,1.7649,11518997.228362,3.6569,199776.447
510330,华夏沪深300ETF,2024-07-17,3095304.98,126360.0,4.2561,11254219.376782,3.6359,459432.32399999996
510330,华夏沪深300ETF,2024-07-16,2968944.98,68940.0,2.3772,10781129.905874,3.6313000000000004,250341.82200000001
510330,华夏沪深300ETF,2024-07-15,2900004.98,21960.0,0.763,10453357.950908,3.6046,79157.016
510330,华夏沪深300ETF,2024-07-12,2878044.98,-1350.0,-0.0469,10360961.928,3.5999999999999996,-4859.999999999999
510330,华夏沪深300ETF,2024-07-11,2879394.98,-990.0,-0.0344,10338467.675689999,3.5904999999999996,-3554.595
510330,华夏沪深300ETF,2024-07-10,2880384.98,-900.0,-0.0312,10204627.907144,3.5428,-3188.52
510330,华夏沪深300ETF,2024-07-09,2881284.98,1260.0,0.0437,10228561.679,3.55,4473.0
510330,华夏沪深300ETF,2024-07-08,2880024.98,23040.0,0.8064,10100823.609856,3.5072,80805.888
510330,华夏沪深300ETF,2024-07-05,2856984.98,23940.0,0.845,10100584.698292,3.5354,84637.476
510330,华夏沪深300ETF,2024-07-04,2833044.98,40230.0,1.4405,10056743.070004,3.5498,142808.454
510330,华夏沪深300ETF,2024-07-03,2792814.98,14670.0,0.5281,9963926.004146,3.5677000000000003,52338.15900000001
510330,华夏沪深300ETF,2024-07-02,2778144.98,-1440.0,-0.0518,9934368.633982,3.5759000000000003,-5149.296
510330,华夏沪深300ETF,2024-07-01,2779584.98,-3240.0,-0.1164,9957863.19085,3.5825000000000005,-11607.300000000001
510330,华夏沪深300ETF,2024-06-28,2782824.98,9630.0,0.3473,9922440.748688001,3.5656000000000003,34336.728
510330,华夏沪深300ETF,2024-06-27,2773194.98,20160.0,0.7323,9858985.473398,3.5551,71670.81599999999
510330,华夏沪深300ETF,2024-06-26,2753034.98,4860.0,0.1768,9855314.621404,3.5798,17397.828
510330,华夏沪深300ETF,2024-06-25,2748174.98,14670.0,0.5367,9768662.783908,3.5546,52145.982
510330,华夏沪深300ETF,2024-06-24,2733504.98,30420.0,1.1254,9769820.149017999,3.5740999999999996,108724.12199999999
510330,华夏沪深300ETF,2024-06-21,2703084.98,54450.0,2.0558,9712184.333139999,3.5929999999999995,195638.84999999998
510330,华夏沪深300ETF,2024-06-20,2648634.98,270.0,0.0102,9535350.791498,3.6001,972.0269999999999
510330,华夏沪深300ETF,2024-06-19,2648364.98,270.0,0.0102,9601647.234989999,3.6254999999999997,978.8849999999999
510330,华夏沪深300ETF,2024-06-18,2648094.98,1080.0,0.0408,9631651.061255999,3.6371999999999995,3928.1759999999995
510330,华夏沪深300ETF,2024-06-17,2647014.98,720.0,0.0272,9602046.83995,3.6275000000000004,2611.8
510330,华夏沪深300ETF,2024-06-14,2646294.98,630.0,0.0238,9613989.66234,3.633,2288.79
510330,华夏沪深300ETF,2024-06-13,2645664.98,-1530.0,-0.0578,9564872.602194,3.6153,-5531.409
510330,华夏沪深300ETF,2024-06-12,2647194.98,90.0,0.0034,9613818.008866,3.6317000000000004,326.853
510330,华夏沪深300ETF,2024-06-11,2647104.98,2610.0,0.0987,9609255.787898,3.6301,9474.561
510330,华夏沪深300ETF,2024-06-07,2644494.98,-1440.0,-0.0544,9682818.36927,3.6615,-5272.56
510330,华夏沪深300ETF,2024-06-06,2645934.98,810.0,0.0306,9731484.262942,3.6778999999999997,2979.0989999999997
510330,华夏沪深300ETF,2024-06-05,2645124.98,-2610.0,-0.0986,9733001.876408,3.6795999999999998,-9603.756
510330,华夏沪深300ETF,2024-06-04,2647734.98,-8190.0,-0.3084,9794766.011514,3.6993,-30297.267
510330,华夏沪深300ETF,2024-06-03,2655924.98,-6120.0,-0.2299,9750962.971572,3.6714,-22468.968
510330,华夏沪深300ETF,2024-05-31,2662044.98,180.0,0.0068,9749473.534752,3.6624,659.232
510330,华夏沪深300ETF,2024-05-30,2661864.98,450.0,0.0169,9787943.717958,3.6771,1654.695
510330,华夏沪深300ETF,2024-05-29,2661414.98,2340.0,0.088,9837122.049076,3.6962,8649.108
510330,华夏沪深300ETF,2024-05-28,2659074.98,-5040.0,-0.1892,9815443.473674001,3.6913000000000005,-18604.152000000002
510330,华夏沪深300ETF,2024-05-27,2664114.98,-180.0,-0.0068,9905445.907138001,3.7181000000000006,-669.2580000000002
510330,华夏沪深300ETF,2024-05-24,2664294.98,7740.0,0.2914,9812864.840838,3.6831,28507.194
510330,华夏沪深300ETF,2024-05-23,2656554.98,-180.0,-0.0068,9892479.434524,3.7237999999999998,-670.284
510330,华夏沪深300ETF,2024-05-22,2656734.98,-6300.0,-0.2366,10008983.363652,3.7674000000000003,-23734.620000000003
510330,华夏沪深300ETF,2024-05-21,2663034.98,0.0,0.0,10009016.97233,3.7585,0.0
510330,华夏沪深300ETF,2024-05-20,2663034.98,-1980.0,-0.0743,10046832.069046,3.7727,-7469.946
510330,华夏沪深300ETF,2024-05-17,2665014.98,3960.0,0.1488,10019123.81731,3.7595,14887.62
510330,华夏沪深300ETF,2024-05-16,2661054.98,-2610.0,-0.098,9901253.369584,3.7208,-9711.288
510330,华夏沪深300ETF,2024-05-15,2663664.98,-180.0,-0.0068,9872075.148876,3.7062,-667.116
510330,华夏沪深300ETF,2024-05-14,2663844.98,-270.0,-0.0101,9949194.615802001,3.7349000000000006,-1008.4230000000001
510330,华夏沪深300ETF,2024-05-13,2664114.98,-6030.0,-0.2258,9969917.489653999,3.7422999999999997,-22566.069
510330,华夏沪深300ETF,2024-05-10,2670144.98,-14130.0,-0.5264,9997289.819618,3.7441,-52904.133
510330,华夏沪深300ETF,2024-05-09,2684274.98,-3510.0,-0.1306,10044556.97516,3.7420000000000004,-13134.420000000002
510330,华夏沪深300ETF,2024-05-08,2687784.98,-6120.0,-0.2272,9963618.92086,3.707,-22686.84
510330,华夏沪深300ETF,2024-05-07,2693904.98,-1980.0,-0.0734,10065506.567272,3.7364,-7398.072
510330,华夏沪深300ETF,2024-05-06,2695884.98,-8640.0,-0.3195,10069939.165794,3.7353,-32272.992000000002
510330,华夏沪深300ETF,2024-04-30,2704524.98,450.0,0.0166,9955626.903878,3.6811,1656.495
510330,华夏沪深300ETF,2024-04-29,2704074.98,8100.0,0.3004,10001021.31353,3.6985,29957.850000000002
510330,华夏沪深300ETF,2024-04-26,2695974.98,2430.0,0.0902,9861876.476839999,3.6579999999999995,8888.939999999999
510330,华夏沪深300ETF,2024-04-25,2693544.98,-1530.0,-0.0568,9704303.853944,3.6028,-5512.284
510330,华夏沪深300ETF,2024-04-24,2695074.98,630.0,0.0234,9686099.47812,3.594,2264.22
510330,华夏沪深300ETF,2024-04-23,2694444.98,2520.0,0.0936,9641801.916432,3.5784000000000002,9017.568000000001
510330,华夏沪深300ETF,2024-04-22,2691924.98,3150.0,0.1172,9700082.472932002,3.6034000000000006,11350.710000000003
510330,华夏沪深300ETF,2024-04-19,2688774.98,5130.0,0.1912,9716963.900222,3.6139,18539.307
510330,华夏沪深300ETF,2024-04-18,2683644.98,-1080.0,-0.0402,9775445.204148,3.6426000000000003,-3934.0080000000003
510330,华夏沪深300ETF,2024-04-17,2684724.98,2430.0,0.0906,9767029.47724,3.638,8840.34
510330,华夏沪深300ETF,2024-04-16,2682294.98,-7560.0,-0.2811,9610931.142838001,3.5831000000000004,-27088.236000000004
510330,华夏沪深300ETF,2024-04-15,2689854.98,-2790.0,-0.1036,9742385.752062,3.6219,-10105.101
510330,华夏沪深300ETF,2024-04-12,2692644.98,-15300.0,-0.565,9551888.802052,3.5474,-54275.22
510330,华夏沪深300ETF,2024-04-11,2707944.98,-2610.0,-0.0963,9684694.426472,3.5764000000000005,-9334.404
510330,华夏沪深300ETF,2024-04-10,2710554.98,-990.0,-0.0365,9695384.107962,3.5768999999999997,-3541.131
510330,华夏沪深300ETF,2024-04-09,2711544.98,-990.0,-0.0365,9778915.815872,3.6064000000000003,-3570.3360000000002
510330,华夏沪深300ETF,2024-04-08,2712534.98,-3600.0,-0.1325,9790623.756811999,3.6093999999999995,-12993.839999999998
510330,华夏沪深300ETF,2024-04-03,2716134.98,-6030.0,-0.2215,9891620.370164,3.6418,-21960.054
510330,华夏沪深300ETF,2024-04-02,2722164.98,-270.0,-0.0099,9949513.0019,3.6550000000000002,-986.85
510330,华夏沪深300ETF,2024-04-01,2722434.98,5130.0,0.1888,9992153.107094001,3.6703000000000006,18828.639000000003
510330,华夏沪深300ETF,2024-03-29,2717304.98,-10350.0,-0.3794,9812460.013278,3.6111,-37374.885
510330,华夏沪深300ETF,2024-03-28,2727654.98,8640.0,0.3178,9803737.529116001,3.5942000000000003,31053.888000000003
510330,华夏沪深300ETF,2024-03-27,2719014.98,-11340.0,-0.4153,9722653.765484,3.5758,-40549.572
510330,华夏沪深300ETF,2024-03-26,2730354.98,-990.0,-0.0362,9877332.175648,3.6176,-3581.424
510330,华夏沪深300ETF,2024-03-25,2731344.98,-6840.0,-0.2498,9830929.986514,3.5993,-24619.212
510330,华夏沪深300ETF,2024-03-22,2738184.98,11520.0,0.4225,9909765.261117999,3.6190999999999995,41692.03199999999
510330,华夏沪深300ETF,2024-03-21,2726664.98,-8280.0,-0.3027,9968959.833378,3.6561,-30272.507999999998
510330,华夏沪深300ETF,2024-03-20,2734944.98,-6750.0,-0.2462,10011266.09929,3.6605000000000003,-24708.375000000004
510330,华夏沪深300ETF,2024-03-19,2741694.98,-2520.0,-0.0918,10014315.083948,3.6525999999999996,-9204.552
510330,华夏沪深300ETF,2024-03-18,2744214.98,-9270.0,-0.3367,10096241.332918,3.6791,-34105.257
510330,华夏沪深300ETF,2024-03-15,2753484.98,-4770.0,-0.1729,10036728.100598,3.6451000000000002,-17387.127
510330,华夏沪深300ETF,2024-03-14,2758254.98,-3240.0,-0.1173,10032325.013256,3.6372,-11784.528
510330,华夏沪深300ETF,2024-03-13,2761494.98,1800.0,0.0652,10072829.089048,3.6476,6565.68
510330,华夏沪深300ETF,2024-03-12,2759694.98,13860.0,0.5048,10137187.570034,3.6733,50911.937999999995
510330,华夏沪深300ETF,2024-03-11,2745834.98,1890.0,0.0689,10063485.2017,3.665,6926.85
510330,华夏沪深300ETF,2024-03-08,2743944.98,9990.0,0.3654,9932806.433102,3.6199000000000003,36162.80100000001
510330,华夏沪深300ETF,2024-03-07,2733954.98,13500.0,0.4962,9854267.329912,3.6043999999999996,48659.399999999994
510330,华夏沪深300ETF,2024-03-06,2720454.98,27630.0,1.0261,9865185.893974,3.6263,100194.66900000001
510330,华夏沪深300ETF,2024-03-05,2692824.98,81180.0,3.1084,9804845.034678,3.6411,295584.49799999996
510330,华夏沪深300ETF,2024-03-04,2611644.98,-8190.0,-0.3126,9443708.247680001,3.6160000000000005,-29615.040000000005
510330,华夏沪深300ETF,2024-03-01,2619834.98,11430.0,0.4382,9465725.766238,3.6131,41297.733
510330,华夏沪深300ETF,2024-02-29,2608404.98,20520.0,0.7929,9366521.442682,3.5909,73685.268
510330,华夏沪深300ETF,2024-02-28,2587884.98,26820.0,1.0472,9119447.881022,3.5239000000000003,94510.998
510330,华夏沪深300ETF,2024-02-27,2561064.98,-3600.0,-0.1404,9141209.233114,3.5693,-12849.480000000001
510330,华夏沪深300ETF,2024-02-26,2564664.98,-7560.0,-0.2939,9045829.850958,3.5271000000000003,-26664.876000000004
510330,华夏沪深300ETF,2024-02-23,2572224.98,2610.0,0.1016,9168438.718712,3.5644,9303.084
510330,华夏沪深300ETF,2024-02-22,2569614.98,3330.0,0.1298,9151169.828274,3.5613,11859.129
510330,华夏沪深300ETF,2024-02-21,2566284.98,16920.0,0.6637,9061552.26438,3.531,59744.520000000004
510330,华夏沪深300ETF,2024-02-20,2549364.98,20520.0,0.8114,8881987.59032,3.484,71491.68
510330,华夏沪深300ETF,2024-02-19,2528844.98,50760.0,2.0484,8792288.226464,3.4768,176482.368
510330,华夏沪深300ETF,2024-02-08,2478084.98,75690.0,3.1506,8519160.544244,3.4378,260207.08200000002
510330,华夏沪深300ETF,2024-02-07,2402394.98,229320.0,10.5528,8206581.251680001,3.4160000000000004,783357.1200000001
510330,华夏沪深300ETF,2024-02-06,2173074.98,13230.0,0.6125,7352599.19483,3.3835,44763.705
510330,华夏沪深300ETF,2024-02-05,2159844.98,168030.0,8.436,7062261.115603999,3.2697999999999996,549424.494
510330,华夏沪深300ETF,2024-02-02,1991814.98,81360.0,4.2587,6471008.5070239995,3.2487999999999997,264322.36799999996
510330,华夏沪深300ETF,2024-02-01,1910454.98,97740.0,5.3919,6281384.928742,3.2879,321359.346
510330,华夏沪深300ETF,2024-01-31,1812714.98,21150.0,1.1805,5955675.066790001,3.2855000000000003,69488.32500000001
510330,华夏沪深300ETF,2024-01-30,1791564.98,9540.0,0.5353,5940650.317182,3.3159,31633.686
510330,华夏沪深300ETF,2024-01-29,1782024.98,-2790.0,-0.1563,6016472.737476001,3.3762000000000003,-9419.598000000002
510330,华夏沪深300ETF,2024-01-26,1784814.98,15570.0,0.88,6080507.673864,3.4067999999999996,53043.876
510330,华夏沪深300ETF,2024-01-25,1769244.98,15660.0,0.893,6044094.700676001,3.4162000000000003,53497.692
510330,华夏沪深300ETF,2024-01-24,1753584.98,28440.0,1.6486,5872580.739522,3.3489,95242.716
510330,华夏沪深300ETF,2024-01-23,1725144.98,18180.0,1.065,5697981.354441999,3.3028999999999997,60046.721999999994
510330,华夏沪深300ETF,2024-01-22,1706964.98,183600.0,12.0523,5615061.30171,3.2895000000000003,603952.2000000001
510330,华夏沪深300ETF,2024-01-19,1523364.98,94050.0,6.5801,5090628.753666,3.3417000000000003,314286.885
510330,华夏沪深300ETF,2024-01-18,1429314.98,86400.0,6.4338,4783631.375064,3.3467999999999996,289163.51999999996
510330,华夏沪深300ETF,2024-01-17,1342914.98,95400.0,7.6472,4432022.308494001,3.3003000000000005,314848.62000000005
510330,华夏沪深300ETF,2024-01-16,1247514.98,85140.0,7.3247,4208741.288026,3.3737000000000004,287236.818
510330,华夏沪深300ETF,2024-01-15,1162374.98,-3960.0,-0.3395,3897908.257932,3.3533999999999997,-13279.463999999998
510330,华夏沪深300ETF,2024-01-12,1166334.98,-990.0,-0.0848,3915269.8943620003,3.3569000000000004,-3323.3310000000006
510330,华夏沪深300ETF,2024-01-11,1167324.98,5400.0,0.4647,3932367.660126,3.3687,18190.98
510330,华夏沪深300ETF,2024-01-10,1161924.98,7650.0,0.6628,3892216.298004,3.3498,25625.97
510330,华夏沪深300ETF,2024-01-09,1154274.98,46980.0,4.2428,3884827.8726879996,3.3655999999999997,158115.88799999998
510330,华夏沪深300ETF,2024-01-08,1107294.98,18900.0,1.7365,3719514.567318,3.3590999999999998,63486.99
510330,华夏沪深300ETF,2024-01-05,1088394.98,3690.0,0.3402,3704025.795936,3.4032,12557.808
510330,华夏沪深300ETF,2024-01-04,1084704.98,12780.0,1.1922,3711426.559568,3.4216,43728.048
510330,华夏沪深300ETF,2024-01-03,1071924.98,-360.0,-0.0336,3702000.110928,3.4536000000000002,-1243.296
510330,华夏沪深300ETF,2024-01-02,1072284.98,-1980.0,-0.1843,3712143.372262,3.4619,-6854.562
510330,华夏沪深300ETF,2023-12-29,1074264.98,26820.0,2.5605,3768414.123342,3.5079,94081.878
510330,华夏沪深300ETF,2023-12-28,1047444.98,39780.0,3.9477,3656630.4251800003,3.491,138871.98
510330,华夏沪深300ETF,2023-12-27,1007664.98,3510.0,0.3495,3437246.013278,3.4111000000000002,11972.961000000001
510330,华夏沪深300ETF,2023-12-26,1004154.98,7110.0,0.7131,3413524.439012,3.3994,24169.734
510330,华夏沪深300ETF,2023-12-25,997044.98,5130.0,0.5172,3412386.44405,3.4225000000000003,17557.425000000003
510330,华夏沪深300ETF,2023-12-22,991914.98,12960.0,1.3239,3384513.103258,3.4121,44220.816
510330,华夏沪深300ETF,2023-12-21,978954.98,20700.0,2.1602,3333929.079888,3.4056,70495.92
510330,华夏沪深300ETF,2023-12-20,958254.98,6300.0,0.6618,3230852.490568,3.3716,21241.079999999998
510330,华夏沪深300ETF,2023-12-19,951954.98,6660.0,0.7045,3242168.270884,3.4058,22682.628
510330,华夏沪深300ETF,2023-12-18,945294.98,-450.0,-0.0476,3215042.756478,3.4011,-1530.4950000000001
510330,华夏沪深300ETF,2023-12-15,945744.98,-2610.0,-0.2752,3228489.6382259997,3.4136999999999995,-8909.757
510330,华夏沪深300ETF,2023-12-14,948354.98,-2430.0,-0.2556,3247546.793512,3.4244,-8321.292
510330,华夏沪深300ETF,2023-12-13,950784.98,-450.0,-0.0473,3273077.29365,3.4425,-1549.125
510330,华夏沪深300ETF,2023-12-12,951234.98,-1260.0,-0.1323,3330178.541482,3.5009,-4411.134
510330,华夏沪深300ETF,2023-12-11,952494.98,990.0,0.104,3327541.21263,3.4935,3458.565
510330,华夏沪深300ETF,2023-12-08,951504.98,-3060.0,-0.3206,3304862.247034,3.4733000000000005,-10628.298
510330,华夏沪深300ETF,2023-12-07,954564.98,-2790.0,-0.2914,3304513.047764,3.4618,-9658.422
510330,华夏沪深300ETF,2023-12-06,957354.98,-6390.0,-0.663,3322117.516098,3.4701,-22173.939
510330,华夏沪深300ETF,2023-12-05,963744.98,-4500.0,-0.4648,3339183.606704,3.4648,-15591.6
510330,华夏沪深300ETF,2023-12-04,968244.98,-990.0,-0.1021,3419744.4448619997,3.5319,-3496.5809999999997
510330,华夏沪深300ETF,2023-12-01,969234.98,31500.0,3.3592,3445533.4304019995,3.5548999999999995,111979.34999999999
510330,华夏沪深300ETF,2023-11-30,937734.98,-90.0,-0.0096,3346119.729134,3.5683,-321.147
510330,华夏沪深300ETF,2023-11-29,937824.98,-810.0,-0.0863,3338750.711298,3.5601000000000003,-2883.681
510330,华夏沪深300ETF,2023-11-28,938634.98,810.0,0.0864,3370262.759188,3.5906000000000002,2908.386
510330,华夏沪深300ETF,2023-11-27,937824.98,-1350.0,-0.1437,3361164.72832,3.5840000000000005,-4838.400000000001
510330,华夏沪深300ETF,2023-11-24,939174.98,-7740.0,-0.8174,3391173.017784,3.6108,-27947.591999999997
510330,华夏沪深300ETF,2023-11-23,946914.98,-4410.0,-0.4636,3441846.569304,3.6348000000000003,-16029.468
510330,华夏沪深300ETF,2023-11-22,951324.98,-1530.0,-0.1606,3441322.9826519997,3.6174,-5534.622
510330,华夏沪深300ETF,2023-11-21,952854.98,1620.0,0.1703,3482208.52441,3.6545,5920.29
510330,华夏沪深300ETF,2023-11-20,951234.98,2610.0,0.2751,3471722.3065059995,3.6496999999999997,9525.716999999999
510330,华夏沪深300ETF,2023-11-17,948624.98,11340.0,1.2099,3454323.0021720002,3.6414000000000004,41293.476
510330,华夏沪深300ETF,2023-11-16,937284.98,-2430.0,-0.2586,3417153.580084,3.6458,-8859.294
510330,华夏沪深300ETF,2023-11-15,939714.98,-360.0,-0.0383,3459466.727372,3.6814,-1325.304
510330,华夏沪深300ETF,2023-11-14,940074.98,1080.0,0.115,3436632.104386,3.6557,3948.156
510330,华夏沪深300ETF,2023-11-13,938994.98,2160.0,0.2306,3430242.5614380003,3.6531000000000002,7890.696000000001
510330,华夏沪深300ETF,2023-11-10,936834.98,90.0,0.0096,3429190.7607919998,3.6603999999999997,329.436
510330,华夏沪深300ETF,2023-11-09,936744.98,540.0,0.0577,3454153.439252,3.6874,1991.196
510330,华夏沪深300ETF,2023-11-08,936204.98,-90.0,-0.0096,3450477.074288,3.6856,-331.704
510330,华夏沪深300ETF,2023-11-07,936294.98,2790.0,0.2989,3459141.80361,3.6944999999999997,10307.654999999999
510330,华夏沪深300ETF,2023-11-06,933504.98,13950.0,1.517,3461156.4143459997,3.7076999999999996,51722.41499999999
510330,华夏沪深300ETF,2023-11-03,919554.98,2340.0,0.2551,3364099.938832,3.6584,8560.655999999999
510330,华夏沪深300ETF,2023-11-02,917214.98,900.0,0.0982,3327564.225942,3.6279,3265.11
510330,华夏沪深300ETF,2023-11-01,916314.98,-3690.0,-0.4011,3340059.733598,3.6451,-13450.419
510330,华夏沪深300ETF,2023-10-31,920004.98,360.0,0.0391,3354982.160566,3.6467,1312.8120000000001
510330,华夏沪深300ETF,2023-10-30,919644.98,1710.0,0.1863,3364337.230334,3.6583,6255.693
510330,华夏沪深300ETF,2023-10-27,917934.98,900.0,0.0981,3338162.348268,3.6366,3272.94
510330,华夏沪深300ETF,2023-10-26,917034.98,7110.0,0.7814,3289496.176758,3.5871000000000004,25504.281000000003
510330,华夏沪深300ETF,2023-10-25,909924.98,8460.0,0.9385,3255074.630954,3.5773,30263.958000000002
510330,华夏沪深300ETF,2023-10-24,901464.98,13590.0,1.5306,3207051.812848,3.5576,48347.784
510330,华夏沪深300ETF,2023-10-23,887874.98,3690.0,0.4173,3146984.079112,3.5444,13078.836
510330,华夏沪深300ETF,2023-10-20,884184.98,-8460.0,-0.9477,3166796.924368,3.5816000000000003,-30300.336000000003
510330,华夏沪深300ETF,2023-10-19,892644.98,-5130.0,-0.5714,3218163.6818959997,3.6052,-18494.676
510330,华夏沪深300ETF,2023-10-18,897774.98,-1800.0,-0.2001,3307223.471324,3.6838,-6630.84
510330,华夏沪深300ETF,2023-10-17,899574.98,-1890.0,-0.2097,3340391.773234,3.7133,-7018.137
510330,华夏沪深300ETF,2023-10-16,901464.98,1620.0,0.18,3335690.865494,3.7003,5994.486
510330,华夏沪深300ETF,2023-10-13,899844.98,2700.0,0.301,3363530.550742,3.7379,10092.33
510330,华夏沪深300ETF,2023-10-12,897144.98,-450.0,-0.0501,3389144.590946,3.7777000000000003,-1699.9650000000001
510330,华夏沪深300ETF,2023-10-11,897594.98,2070.0,0.2311,3358979.934156,3.7422000000000004,7746.354000000001
510330,华夏沪深300ETF,2023-10-10,895524.98,2520.0,0.2822,3341741.015368,3.7316000000000003,9403.632000000001
510330,华夏沪深300ETF,2023-10-09,893004.98,-1440.0,-0.161,3357609.424302,3.7599,-5414.256
510330,华夏沪深300ETF,2023-09-28,894444.98,4590.0,0.5158,3367943.127692,3.7654,17283.186
510330,华夏沪深300ETF,2023-09-27,889854.98,7740.0,0.8774,3360537.33197,3.7765000000000004,29230.110000000004
510330,华夏沪深300ETF,2023-09-26,882114.98,9810.0,1.1246,3324426.7251259997,3.7686999999999995,36970.94699999999
510330,华夏沪深300ETF,2023-09-25,872304.98,-2520.0,-0.2881,3306820.948682,3.7909,-9553.068000000001
510330,华夏沪深300ETF,2023-09-22,874824.98,8370.0,0.966,3338244.641182,3.8159,31939.083000000002
510330,华夏沪深300ETF,2023-09-21,866454.98,3060.0,0.3544,3247559.910538,3.7481,11469.186
510330,华夏沪深300ETF,2023-09-20,863394.98,3690.0,0.4292,3265446.1538580004,3.7821000000000007,13955.949000000002
510330,华夏沪深300ETF,2023-09-19,859704.98,1080.0,0.1258,3264041.897566,3.7967,4100.436
510330,华夏沪深300ETF,2023-09-18,858624.98,5670.0,0.6647,3266295.2864180002,3.8041000000000005,21569.247000000003
510330,华夏沪深300ETF,2023-09-15,852954.98,2970.0,0.3494,3228349.303802,3.7849,11241.153
510330,华夏沪深300ETF,2023-09-14,849984.98,-3420.0,-0.4007,3238102.779808,3.8096,-13028.832
510330,华夏沪深300ETF,2023-09-13,853404.98,-3060.0,-0.3573,3253947.8482419997,3.8129,-11667.474
510330,华夏沪深300ETF,2023-09-12,856464.98,180.0,0.021,3286598.714252,3.8374,690.732
510330,华夏沪深300ETF,2023-09-11,856284.98,-1350.0,-0.1574,3292073.234108,3.8446000000000002,-5190.21
510330,华夏沪深300ETF,2023-09-08,857634.98,-2520.0,-0.293,3273163.90117,3.8165,-9617.58
510330,华夏沪深300ETF,2023-09-07,860154.98,-1080.0,-0.1254,3299038.410292,3.8354,-4142.232
510330,华夏沪深300ETF,2023-09-06,861234.98,3060.0,0.3566,3350290.195698,3.8901,11903.706
510330,华夏沪深300ETF,2023-09-05,858174.98,1530.0,0.1786,3345680.9770279997,3.8985999999999996,5964.857999999999
510330,华夏沪深300ETF,2023-09-04,856644.98,-450.0,-0.0525,3364815.816942,3.9278999999999997,-1767.5549999999998
510330,华夏沪深300ETF,2023-09-01,857094.98,-3060.0,-0.3557,3316443.315612,3.8694,-11840.364000000001
510330,华夏沪深300ETF,2023-08-31,860154.98,-4410.0,-0.5101,3305059.495152,3.8424,-16944.984
510330,华夏沪深300ETF,2023-08-30,864564.98,-1980.0,-0.2285,3342148.843186,3.8657,-7654.086
510330,华夏沪深300ETF,2023-08-29,866544.98,20430.0,2.4146,3351189.4011540003,3.8673000000000006,79008.93900000001
510330,华夏沪深300ETF,2023-08-28,846114.98,11700.0,1.4022,3239858.869918,3.8291,44800.47
510330,华夏沪深300ETF,2023-08-25,834414.98,6300.0,0.7608,3157593.167316,3.7842000000000002,23840.460000000003
510330,华夏沪深300ETF,2023-08-24,828114.98,7110.0,0.866,3143607.2755779997,3.7960999999999996,26990.270999999997
510330,华夏沪深300ETF,2023-08-23,821004.98,450.0,0.0548,3094203.568624,3.7688,1695.96
510330,华夏沪深300ETF,2023-08-22,820554.98,2160.0,0.2639,3143956.40587,3.8315,8276.04
510330,华夏沪深300ETF,2023-08-21,818394.98,3330.0,0.4086,3111783.232454,3.8023000000000002,12661.659000000001
510330,华夏沪深300ETF,2023-08-18,815064.98,2700.0,0.3324,3144439.186342,3.8579000000000003,10416.330000000002
510330,华夏沪深300ETF,2023-08-17,812364.98,12780.0,1.5983,3172853.902386,3.9057,49914.846
510330,华夏沪深300ETF,2023-08-16,799584.98,9360.0,1.1845,3112624.410144,3.8928,36436.608
510330,华夏沪深300ETF,2023-08-15,790224.98,6300.0,0.8036,3098867.25907,3.9215000000000004,24705.450000000004
510330,华夏沪深300ETF,2023-08-14,783924.98,6480.0,0.8335,3081687.488878,3.9311000000000003,25473.528000000002
510330,华夏沪深300ETF,2023-08-11,777444.98,1980.0,0.2553,3078837.6097959997,3.9602,7841.196
510330,华夏沪深300ETF,2023-08-10,775464.98,15480.0,2.0369,3142106.552462,4.0519,62723.412
510330,华夏沪深300ETF,2023-08-09,759984.98,26820.0,3.6581,3072847.269634,4.0433,108441.30600000001
510330,华夏沪深300ETF,2023-08-08,733164.98,14580.0,2.029,2972764.044406,4.0547,59117.526000000005
510330,华夏沪深300ETF,2023-08-07,718584.98,23400.0,3.366,2921263.519194,4.0653,95128.01999999999
510330,华夏沪深300ETF,2023-08-04,695184.98,12150.0,1.7788,2847894.789068,4.0966,49773.689999999995
510330,华夏沪深300ETF,2023-08-03,683034.98,2250.0,0.3305,2787055.9323919998,4.0804,9180.9
510330,华夏沪深300ETF,2023-08-02,680784.98,4230.0,0.6252,2753639.087104,4.0448,17109.504
510330,华夏沪深300ETF,2023-08-01,676554.98,7560.0,1.1301,2755811.400034,4.073300000000001,30794.148000000005
510330,华夏沪深300ETF,2023-07-31,668994.98,15480.0,2.3687,2736390.166694,4.0903,63317.844
510330,华夏沪深300ETF,2023-07-28,653514.98,15210.0,2.3829,2658629.641636,4.0682,61877.322
510500,南方中证500ETF,2026-07-27,613656.86,45600.0,8.0274,4743751.624858,7.730300000000001,352501.68000000005
510500,南方中证500ETF,2026-07-24,568056.86,-5320.0,-0.9278,4283375.947144,7.5404,-40114.928
510500,南方中证500ETF,2026-07-23,573376.86,-5320.0,-0.9193,4438739.624004,7.7414,-41184.248
510500,南方中证500ETF,2026-07-22,578696.86,-35360.0,-5.7584,4489993.197368,7.7588,-274351.168
510500,南方中证500ETF,2026-07-21,614056.86,-3200.0,-0.5184,4792775.197986,7.8051,-24976.32
510500,南方中证500ETF,2026-07-20,617256.86,24880.0,4.2,4575663.377494,7.4129,184432.952
510500,南方中证500ETF,2026-07-17,592376.86,20160.0,3.5231,4453903.897282,7.5187,151576.992
510500,南方中证500ETF,2026-07-16,572216.86,28560.0,5.2533,4552271.229730001,7.955500000000002,227209.08000000005
510500,南方中证500ETF,2026-07-15,543656.86,-4200.0,-0.7666,4429716.09528,8.148,-34221.6
510500,南方中证500ETF,2026-07-14,547856.86,22600.0,4.3027,4616351.473732,8.426200000000001,190432.12000000002
510500,南方中证500ETF,2026-07-13,525256.86,71600.0,15.7829,4353171.2786220005,8.287700000000001,593399.3200000001
510500,南方中证500ETF,2026-07-10,453656.86,-14400.0,-3.0765,3929802.54975,8.6625,-124740.0
510500,南方中证500ETF,2026-07-09,468056.86,5920.0,1.281,4122176.7660199995,8.806999999999999,52137.439999999995
510500,南方中证500ETF,2026-07-08,462136.86,15640.0,3.5028,3947110.9212599997,8.541,133581.24000000002
510500,南方中证500ETF,2026-07-07,446496.86,8800.0,2.0105,3864787.5207879995,8.6558,76171.04
510500,南方中证500ETF,2026-07-06,437696.86,5920.0,1.3711,3852432.682976,8.8016,52105.472
510500,南方中证500ETF,2026-07-03,431776.86,-3080.0,-0.7083,3841605.0787919997,8.8972,-27403.376
510500,南方中证500ETF,2026-07-02,434856.86,23960.0,5.8311,3845569.6700379997,8.8433,211885.468
510500,南方中证500ETF,2026-07-01,410896.86,-3960.0,-0.9545,3770636.1254760004,9.1766,-36339.336
510500,南方中证500ETF,2026-06-30,414856.86,920.0,0.2223,3808717.8602879997,9.1808,8446.336
510500,南方中证500ETF,2026-06-29,413936.86,-3720.0,-0.8907,3710116.0761800003,8.963000000000001,-33342.36
510500,南方中证500ETF,2026-06-26,417656.86,-9000.0,-2.1094,3694258.458072,8.8452,-79606.8
510500,南方中证500ETF,2026-06-25,426656.86,-5480.0,-1.2681,3874428.2799739996,9.0809,-49763.332
510500,南方中证500ETF,2026-06-24,432136.86,-440.0,-0.1017,3881971.8407519995,8.9832,-3952.608
510500,南方中证500ETF,2026-06-23,432576.86,-13800.0,-3.0916,3816885.1818959997,8.823599999999999,-121765.68
510500,南方中证500ETF,2026-06-22,446376.86,-11840.0,-2.5839,4020962.7548800004,9.008000000000001,-106654.72000000002
510500,南方中证500ETF,2026-06-18,458216.86,360.0,0.0786,4038677.5823540003,8.8139,3173.004
510500,南方中证500ETF,2026-06-17,457856.86,-840.0,-0.1831,4010642.9508559997,8.759599999999999,-7358.063999999999
510500,南方中证500ETF,2026-06-16,458696.86,-11160.0,-2.3752,3961627.170762,8.636700000000001,-96385.57200000001
510500,南方中证500ETF,2026-06-15,469856.86,24520.0,5.5059,4008818.7295199996,8.532,209204.64
510500,南方中证500ETF,2026-06-12,445336.86,10320.0,2.3723,3663207.4093019995,8.2257,84889.224
510500,南方中证500ETF,2026-06-11,435016.86,2280.0,0.5269,3537948.6206940003,8.132900000000001,18543.012000000002
510500,南方中证500ETF,2026-06-10,432736.86,-5200.0,-1.1874,3531652.061832,8.161200000000001,-42438.240000000005
510500,南方中证500ETF,2026-06-09,437936.86,-21400.0,-4.6589,3623401.992268,8.2738,-177059.31999999998
510500,南方中证500ETF,2026-06-08,459336.86,10000.0,2.2255,3701520.152624,8.0584,80584.0
510500,南方中证500ETF,2026-06-05,449336.86,-17880.0,-3.8269,3750030.632502,8.3457,-149221.116
510500,南方中证500ETF,2026-06-04,467216.86,-2880.0,-0.6126,3949010.344092,8.4522,-24342.336
510500,南方中证500ETF,2026-06-03,470096.86,-4200.0,-0.8855,3974903.9997300003,8.4555,-35513.100000000006
510500,南方中证500ETF,2026-06-02,474296.86,15720.0,3.428,3990401.772238,8.4133,132257.076
510500,南方中证500ETF,2026-06-01,458576.86,25080.0,5.7855,3835766.14547,8.3645,209781.66
510500,南方中证500ETF,2026-05-29,433496.86,280.0,0.0646,3662008.074536,8.4476,2365.328
510500,南方中证500ETF,2026-05-28,433216.86,-2200.0,-0.5053,3749015.384754,8.6539,-19038.58
510500,南方中证500ETF,2026-05-27,435416.86,1040.0,0.2394,3752553.1245379997,8.6183,8963.032
510500,南方中证500ETF,2026-05-26,434376.86,-1440.0,-0.3304,3798842.8291300004,8.745500000000002,-12593.520000000002
510500,南方中证500ETF,2026-05-25,435816.86,-42400.0,-8.8663,3830917.362772,8.7902,-372704.48000000004
510500,南方中证500ETF,2026-05-22,478216.86,27680.0,6.1438,4143223.053354,8.6639,239816.752
510500,南方中证500ETF,2026-05-21,450536.86,11040.0,2.512,3833032.443822,8.5077,93925.008
510500,南方中证500ETF,2026-05-20,439496.86,-31800.0,-6.7473,3841773.902318,8.7413,-277973.34
510500,南方中证500ETF,2026-05-19,471296.86,-41520.0,-8.0965,4105561.206832,8.7112,-361689.024
510500,南方中证500ETF,2026-05-18,512816.86,-10720.0,-2.0476,4428737.684646,8.6361,-92578.99200000001
510500,南方中证500ETF,2026-05-15,523536.86,20440.0,4.0628,4511578.89105,8.6175,176141.69999999998
510500,南方中证500ETF,2026-05-14,503096.86,-26280.0,-4.9643,4405417.964276,8.7566,-230123.448
510500,南方中证500ETF,2026-05-13,529376.86,-7920.0,-1.474,4765768.119836,9.0026,-71300.59199999999
510500,南方中证500ETF,2026-05-12,537296.86,-20520.0,-3.6786,4765017.2029099995,8.8685,-181981.62
510500,南方中证500ETF,2026-05-11,557816.86,-43600.0,-7.2495,4976563.11649,8.9215,-388977.4
510500,南方中证500ETF,2026-05-08,601416.86,-80160.0,-11.761,5276831.52964,8.774000000000001,-703323.8400000001
510500,南方中证500ETF,2026-05-07,681576.86,-75160.0,-9.9321,5982813.519394,8.7779,-659746.964
510500,南方中证500ETF,2026-05-06,756736.86,9080.0,1.2145,6559546.449852,8.6682,78707.25600000001
510500,南方中证500ETF,2026-04-30,747656.86,-56840.0,-7.0653,6301625.84451,8.4285,-479075.94
510500,南方中证500ETF,2026-04-29,804496.86,22800.0,2.9167,6774828.957432,8.4212,192003.36000000002
510500,南方中证500ETF,2026-04-28,781696.86,-37880.0,-4.6219,6471277.45551,8.2785,-313589.57999999996
510500,南方中证500ETF,2026-04-27,819576.86,-23960.0,-2.8404,6863956.2025,8.375,-200665.0
510500,南方中证500ETF,2026-04-24,843536.86,-10400.0,-1.2179,7021685.176325999,8.3241,-86570.64
510500,南方中证500ETF,2026-04-23,853936.86,-38960.0,-4.3633,7148049.274002001,8.370700000000001,-326122.47200000007
510500,南方中证500ETF,2026-04-22,892896.86,-22120.0,-2.4174,7547032.129778,8.4523,-186964.876
510500,南方中证500ETF,2026-04-21,915016.86,-24280.0,-2.5849,7635541.191641999,8.3447,-202609.316
510500,南方中证500ETF,2026-04-20,939296.86,-37000.0,-3.7898,7856748.585469999,8.3645,-309486.5
510500,南方中证500ETF,2026-04-17,976296.86,-13480.0,-1.3619,8091938.894424001,8.288400000000001,-111727.63200000001
510500,南方中证500ETF,2026-04-16,989776.86,4000.0,0.4058,8169915.135497999,8.254299999999999,33017.2
510500,南方中证500ETF,2026-04-15,985776.86,6520.0,0.6658,8000762.151132001,8.116200000000001,52917.624
510500,南方中证500ETF,2026-04-14,979256.86,-17360.0,-1.7419,7990246.349169999,8.1595,-141648.91999999998
510500,南方中证500ETF,2026-04-13,996616.86,-26280.0,-2.5692,8010706.658994,8.0379,-211236.01200000002
510500,南方中证500ETF,2026-04-10,1022896.86,7600.0,0.7485,8224193.044086,8.0401,61104.76
510500,南方中证500ETF,2026-04-09,1015296.86,-42280.0,-3.9978,8089580.791422,7.967700000000001,-336874.356
510500,南方中证500ETF,2026-04-08,1057576.86,93760.0,9.728,8476267.017528,8.0148,751467.6479999999
510500,南方中证500ETF,2026-04-07,963816.86,19400.0,2.0542,7358838.107786,7.6350999999999996,148120.94
510500,南方中证500ETF,2026-04-03,944416.86,12880.0,1.3827,7176340.3940820005,7.598700000000001,97871.25600000001
510500,南方中证500ETF,2026-04-02,931536.86,-29160.0,-3.0353,7142652.027736,7.6676,-223587.21600000001
510500,南方中证500ETF,2026-04-01,960696.86,17040.0,1.8057,7508038.100272,7.8152,133171.008
510500,南方中证500ETF,2026-03-31,943656.86,5320.0,0.567,7247756.513230001,7.680500000000001,40860.26000000001
510500,南方中证500ETF,2026-03-30,938336.86,-22960.0,-2.3884,7335448.40305,7.8175,-179489.8
510500,南方中证500ETF,2026-03-27,961296.86,13640.0,1.4393,7499365.193917999,7.8012999999999995,106409.73199999999
510500,南方中证500ETF,2026-03-26,947656.86,-13360.0,-1.3902,7300653.683753999,7.703899999999999,-102924.10399999999
510500,南方中证500ETF,2026-03-25,961016.86,-6000.0,-0.6205,7525338.623916,7.8306000000000004,-46983.600000000006
510500,南方中证500ETF,2026-03-24,967016.86,3880.0,0.4029,7405415.11388,7.658,29713.04
510500,南方中证500ETF,2026-03-23,963136.86,-4040.0,-0.4177,7223333.822628,7.4998,-30299.192
510500,南方中证500ETF,2026-03-20,967176.86,35640.0,3.8259,7568158.9295,7.824999999999999,278883.0
510500,南方中证500ETF,2026-03-19,931536.86,-2880.0,-0.3082,7396402.6684,7.94,-22867.2
510500,南方中证500ETF,2026-03-18,934416.86,10280.0,1.1124,7627177.61975,8.1625,83910.5
510500,南方中证500ETF,2026-03-17,924136.86,3720.0,0.4042,7469336.17095,8.0825,30066.899999999998
510500,南方中证500ETF,2026-03-16,920416.86,8680.0,0.952,7595648.095464,8.2524,71630.832
510500,南方中证500ETF,2026-03-13,911736.86,1760.0,0.1934,7574618.659194,8.3079,14621.904
510500,南方中证500ETF,2026-03-12,909976.86,-21200.0,-2.2767,7669102.980708,8.427800000000001,-178669.36000000002
510500,南方中证500ETF,2026-03-11,931176.86,-23120.0,-2.4227,7890978.947012,8.4742,-195923.504
510500,南方中证500ETF,2026-03-10,954296.86,13040.0,1.3854,8093582.529032,8.481200000000001,110594.84800000001
510500,南方中证500ETF,2026-03-09,941256.86,240.0,0.0255,7857329.890222,8.3477,2003.4479999999999
510500,南方中证500ETF,2026-03-06,941016.86,3160.0,0.3369,7931454.706196001,8.428600000000001,26634.376000000004
510500,南方中证500ETF,2026-03-05,937856.86,-37360.0,-3.8309,7855395.273674001,8.375900000000001,-312923.62400000007
510500,南方中证500ETF,2026-03-04,975216.86,12640.0,1.3131,8111658.798108,8.3178,105136.992
510500,南方中证500ETF,2026-03-03,962576.86,-21120.0,-2.147,8041463.346125999,8.354099999999999,-176438.59199999998
510500,南方中证500ETF,2026-03-02,983696.86,-46640.0,-4.5267,8593969.247704,8.7364,-407465.696
510500,南方中证500ETF,2026-02-27,1030336.86,-12360.0,-1.1854,9003186.516366001,8.738100000000001,-108002.91600000001
510500,南方中证500ETF,2026-02-26,1042696.86,-64960.0,-5.8646,9005772.779819999,8.636999999999999,-561059.5199999999
510500,南方中证500ETF,2026-02-25,1107656.86,16600.0,1.5215,9533824.125392,8.607199999999999,142879.52
510500,南方中证500ETF,2026-02-24,1091056.86,1160.0,0.1064,9242560.872432001,8.4712,9826.591999999999
510500,南方中证500ETF,2026-02-13,1089896.86,-67280.0,-5.8142,9131373.872452,8.3782,-563685.296
510500,南方中证500ETF,2026-02-12,1157176.86,13240.0,1.1574,9840632.017439999,8.503999999999998,112592.95999999998
510500,南方中证500ETF,2026-02-11,1143936.86,4440.0,0.3896,9614331.733556,8.4046,37316.424
510500,南方中证500ETF,2026-02-10,1139496.86,-17040.0,-1.4734,9553313.774867998,8.383799999999997,-142859.95199999996
510500,南方中证500ETF,2026-02-09,1156536.86,28280.0,2.5065,9701609.450110001,8.3885,237226.78000000003
510500,南方中证500ETF,2026-02-06,1128256.86,27440.0,2.4927,9277092.03135,8.222499999999998,225625.39999999997
510500,南方中证500ETF,2026-02-05,1100816.86,-38320.0,-3.364,9050585.977861999,8.221699999999998,-315055.54399999994
510500,南方中证500ETF,2026-02-04,1139136.86,-19960.0,-1.722,9541865.994104,8.376399999999999,-167192.94399999996
510500,南方中证500ETF,2026-02-03,1159096.86,43040.0,3.8564,9695033.866098,8.364299999999998,359999.47199999995
510500,南方中证500ETF,2026-02-02,1116056.86,-144600.0,-11.4702,9055127.33361,8.1135,-1173212.1
510500,南方中证500ETF,2026-01-30,1260656.86,-75400.0,-5.6435,10653937.189546,8.4511,-637212.9400000001
510500,南方中证500ETF,2026-01-29,1336056.86,-67120.0,-4.7834,11488619.333454,8.598899999999999,-577158.168
510500,南方中证500ETF,2026-01-28,1403176.86,-102640.0,-6.8162,12183784.67538,8.683,-891223.12
510500,南方中证500ETF,2026-01-27,1505816.86,-13240.0,-0.8716,12995048.920114,8.6299,-114259.87599999999
510500,南方中证500ETF,2026-01-26,1519056.86,-116480.0,-7.1218,13043989.351134,8.5869,-1000202.112
510500,南方中证500ETF,2026-01-23,1635536.86,19680.0,1.2179,14182067.220432,8.671199999999999,170649.216
510500,南方中证500ETF,2026-01-22,1615856.86,-2960.0,-0.1828,13681136.862248,8.4668,-25061.728
510500,南方中证500ETF,2026-01-21,1618816.86,4520.0,0.28,13631085.487944,8.420399999999999,38060.208
510500,南方中证500ETF,2026-01-20,1614296.86,-110320.0,-6.3968,13439667.078244,8.3254,-918458.128
510500,南方中证500ETF,2026-01-19,1724616.86,-37440.0,-2.1248,14431076.499422,8.3677,-313286.68799999997
510500,南方中证500ETF,2026-01-16,1762056.86,-110880.0,-5.9201,14643397.329344,8.3104,-921457.152
510500,南方中证500ETF,2026-01-15,1872936.86,-83360.0,-4.2611,15663183.666494,8.3629,-697131.3439999999
510500,南方中证500ETF,2026-01-14,1956296.86,2360.0,0.1208,16367748.938562,8.3667,19745.412
510500,南方中证500ETF,2026-01-13,1953936.86,-1360.0,-0.0696,16181918.893462,8.281699999999999,-11263.112
510500,南方中证500ETF,2026-01-12,1955296.86,3120.0,0.1598,16404158.536656,8.3896,26175.552
510500,南方中证500ETF,2026-01-09,1952176.86,16320.0,0.843,15993599.360922,8.192699999999999,133704.86399999997
510500,南方中证500ETF,2026-01-08,1935856.86,-13320.0,-0.6834,15538735.843848001,8.0268,-106916.976
510500,南方中证500ETF,2026-01-07,1949176.86,-6760.0,-0.3456,15607448.953392,8.0072,-54128.67199999999
510500,南方中证500ETF,2026-01-06,1955936.86,12760.0,0.6567,15541483.102188,7.9458,101388.408
510500,南方中证500ETF,2026-01-05,1943176.86,36720.0,1.9261,15116750.064684,7.7794,285659.56799999997
510500,南方中证500ETF,2025-12-31,1906456.86,-3520.0,-0.1843,14469054.338970002,7.5895,-26715.04
510500,南方中证500ETF,2025-12-30,1909976.86,6680.0,0.351,14485264.50624,7.583999999999999,50661.11999999999
510500,南方中证500ETF,2025-12-29,1903296.86,-14120.0,-0.7364,14378075.469498001,7.5543000000000005,-106666.716
510500,南方中证500ETF,2025-12-26,1917416.86,31080.0,1.6476,14541114.241182001,7.5837,235701.396
510500,南方中证500ETF,2025-12-25,1886336.86,10720.0,0.5715,14212416.437983999,7.534399999999999,80768.76799999998
510500,南方中证500ETF,2025-12-24,1875616.86,12720.0,0.6828,14017985.288268,7.4738,95066.736
510500,南方中证500ETF,2025-12-23,1862896.86,-2200.0,-0.118,13739795.790930001,7.3755,-16226.099999999999
510500,南方中证500ETF,2025-12-22,1865096.86,-8280.0,-0.442,13753970.284384,7.374399999999999,-61060.03199999999
510500,南方中证500ETF,2025-12-19,1873376.86,11160.0,0.5993,13651484.516506,7.2871,81324.036
510500,南方中证500ETF,2025-12-18,1862216.86,400.0,0.0215,13439060.413562,7.2166999999999994,2886.68
510500,南方中证500ETF,2025-12-17,1861816.86,9440.0,0.5096,13503943.867266001,7.2531,68469.264
510500,南方中证500ETF,2025-12-16,1852376.86,-1000.0,-0.054,13176512.318238001,7.113300000000001,-7113.3
510500,南方中证500ETF,2025-12-15,1853376.86,-720.0,-0.0388,13398431.996312,7.2292,-5205.023999999999
510500,南方中证500ETF,2025-12-12,1854096.86,28480.0,1.56,13515253.651284,7.2894,207602.112
510500,南方中证500ETF,2025-12-11,1825616.86,-1560.0,-0.0854,13127828.278574001,7.1909,-11217.804
510500,南方中证500ETF,2025-12-10,1827176.86,-20000.0,-1.0827,13270237.381122,7.2627,-145254.0
510500,南方中证500ETF,2025-12-09,1847176.86,-8120.0,-0.4377,13353241.52094,7.229,-58699.48
510500,南方中证500ETF,2025-12-08,1855296.86,400.0,0.0216,13508973.026718,7.2813,2912.52
510500,南方中证500ETF,2025-12-05,1854896.86,18000.0,0.9799,13367499.711276,7.2066,129718.8
510500,南方中证500ETF,2025-12-04,1836896.86,3080.0,0.168,13078521.953514,7.1198999999999995,21929.291999999998
510500,南方中证500ETF,2025-12-03,1833816.86,-2280.0,-0.1242,13021383.377802001,7.100700000000001,-16189.596000000001
510500,南方中证500ETF,2025-12-02,1836096.86,-8040.0,-0.436,13118728.455014,7.1449,-57444.996
510500,南方中证500ETF,2025-12-01,1844136.86,3600.0,0.1956,13291247.591078,7.2073,25946.28
510500,南方中证500ETF,2025-11-28,1840536.86,4120.0,0.2243,13134623.194017999,7.136299999999999,29401.555999999997
510500,南方中证500ETF,2025-11-27,1836416.86,-7840.0,-0.4251,12957022.797416,7.055599999999999,-55315.903999999995
510500,南方中证500ETF,2025-11-26,1844256.86,-26920.0,-1.4387,13037605.020398,7.0693,-190305.556
510500,南方中证500ETF,2025-11-25,1871176.86,-42120.0,-2.2014,13207888.983996,7.058599999999999,-297308.23199999996
510500,南方中证500ETF,2025-11-24,1913296.86,12880.0,0.6777,13339505.70792,6.9719999999999995,89799.36
510500,南方中证500ETF,2025-11-21,1900416.86,47400.0,2.558,13150694.629514,6.919899999999999,328003.25999999995
510500,南方中证500ETF,2025-11-20,1853016.86,10560.0,0.5731,13281127.740678,7.167299999999999,75686.688
510500,南方中证500ETF,2025-11-19,1842456.86,14640.0,0.801,13318383.658196,7.2286,105826.704
510500,南方中证500ETF,2025-11-18,1827816.86,3320.0,0.182,13262273.572788,7.2558,24089.255999999998
510500,南方中证500ETF,2025-11-17,1824496.86,5400.0,0.2969,13394361.248003999,7.341399999999999,39643.56
510500,南方中证500ETF,2025-11-14,1819096.86,1800.0,0.099,13356536.784864,7.342399999999999,13216.319999999998
510500,南方中证500ETF,2025-11-13,1817296.86,3760.0,0.2073,13561214.358378,7.4623,28058.248
510500,南方中证500ETF,2025-11-12,1813536.86,3640.0,0.2011,13327501.030453999,7.348899999999999,26749.995999999996
510500,南方中证500ETF,2025-11-11,1809896.86,-2200.0,-0.1214,13388531.032164,7.397399999999999,-16274.279999999999
510500,南方中证500ETF,2025-11-10,1812096.86,-920.0,-0.0507,13500302.816686,7.4501,-6854.092
510500,南方中证500ETF,2025-11-07,1813016.86,-2800.0,-0.1542,13479417.750728,7.434799999999999,-20817.44
510500,南方中证500ETF,2025-11-06,1815816.86,1760.0,0.097,13532556.730836,7.4525999999999994,13116.576
510500,南方中证500ETF,2025-11-05,1814056.86,-40.0,-0.0022,13303930.199868,7.333799999999999,-293.352
510500,南方中证500ETF,2025-11-04,1814096.86,-18760.0,-1.0235,13267034.566238001,7.3133,-137197.508
510500,南方中证500ETF,2025-11-03,1832856.86,-7080.0,-0.3848,13635905.181342,7.439699999999999,-52673.075999999994
510500,南方中证500ETF,2025-10-31,1839936.86,9760.0,0.5333,13686554.326796,7.4386,72600.736
510500,南方中证500ETF,2025-10-30,1830176.86,-3000.0,-0.1637,13714247.282724,7.4934,-22480.2
510500,南方中证500ETF,2025-10-29,1833176.86,7320.0,0.4009,13910329.331366,7.5881,55544.892
510500,南方中证500ETF,2025-10-28,1825856.86,1960.0,0.1075,13595512.765246,7.4460999999999995,14594.356
510500,南方中证500ETF,2025-10-27,1823896.86,-4160.0,-0.2276,13650226.489926,7.484099999999999,-31133.855999999996
510500,南方中证500ETF,2025-10-24,1828056.86,-2320.0,-0.1267,13454864.100972,7.3602,-17075.664
510500,南方中证500ETF,2025-10-23,1830376.86,-7880.0,-0.4287,13254674.03169,7.241499999999999,-57063.02
510500,南方中证500ETF,2025-10-22,1838256.86,-9040.0,-0.4894,13286920.58408,7.227999999999999,-65341.11999999999
510500,南方中证500ETF,2025-10-21,1847296.86,2600.0,0.1409,13458111.814158,7.285299999999999,18941.78
510500,南方中证500ETF,2025-10-20,1844696.86,12480.0,0.6811,13218544.289702,7.165699999999999,89427.93599999999
510500,南方中证500ETF,2025-10-17,1832216.86,7280.0,0.3989,13029993.421575999,7.111599999999999,51772.448
510500,南方中证500ETF,2025-10-16,1824936.86,-14800.0,-0.8045,13373684.791138,7.3283,-108458.84
510500,南方中证500ETF,2025-10-15,1839736.86,8520.0,0.4653,13600622.684922,7.3927,62985.804
510500,南方中证500ETF,2025-10-14,1831216.86,-26160.0,-1.4084,13351035.882888,7.2908,-190727.328
510500,南方中证500ETF,2025-10-13,1857376.86,-9400.0,-0.5035,13886120.880732,7.4761999999999995,-70276.28
510500,南方中证500ETF,2025-10-10,1866776.86,-3440.0,-0.1839,13999333.028512,7.499199999999999,-25797.247999999996
510500,南方中证500ETF,2025-10-09,1870216.86,5760.0,0.3089,14312769.629579999,7.652999999999999,44081.27999999999
510500,南方中证500ETF,2025-09-30,1864456.86,-200.0,-0.0107,14009901.737412,7.5142,-1502.84
510500,南方中证500ETF,2025-09-29,1864656.86,13520.0,0.7304,13892439.469744,7.4504,100729.408
510500,南方中证500ETF,2025-09-26,1851136.86,360.0,0.0195,13585123.188167999,7.338799999999999,2641.968
510500,南方中证500ETF,2025-09-25,1850776.86,1120.0,0.0606,13768669.372283999,7.439399999999999,8332.127999999999
510500,南方中证500ETF,2025-09-24,1849656.86,8120.0,0.4409,13723899.004142,7.419699999999999,60247.96399999999
510500,南方中证500ETF,2025-09-23,1841536.86,-6120.0,-0.3312,13386868.050084,7.2694,-44488.728
510500,南方中证500ETF,2025-09-22,1847656.86,-14160.0,-0.7605,13517827.119132001,7.3162,-103597.392
510500,南方中证500ETF,2025-09-19,1861816.86,10000.0,0.54,13522375.85418,7.263,72630.0
510500,南方中证500ETF,2025-09-18,1851816.86,-6480.0,-0.3487,13499744.9094,7.289999999999999,-47239.2
510500,南方中证500ETF,2025-09-17,1858296.86,-1160.0,-0.0624,13663870.981894,7.352899999999999,-8529.364
510500,南方中证500ETF,2025-09-16,1859456.86,440.0,0.0237,13541122.691578,7.2823,3204.212
510500,南方中证500ETF,2025-09-15,1859016.86,-24840.0,-1.3186,13437531.569138,7.228299999999999,-179550.97199999998
510500,南方中证500ETF,2025-09-12,1883856.86,1160.0,0.0616,13639500.437772,7.2402,8398.632
510500,南方中证500ETF,2025-09-11,1882696.86,26120.0,1.4069,13579892.45118,7.212999999999999,188403.55999999997
510500,南方中证500ETF,2025-09-10,1856576.86,-1040.0,-0.056,13029456.40348,7.018,-7298.719999999999
510500,南方中证500ETF,2025-09-09,1857616.86,-4200.0,-0.2256,13028953.132668,7.0138,-29457.96
510500,南方中证500ETF,2025-09-08,1861816.86,-5440.0,-0.2913,13178312.098452,7.0782,-38505.407999999996
510500,南方中证500ETF,2025-09-05,1867256.86,7240.0,0.3892,13070611.294314,6.9999,50679.276000000005
510500,南方中证500ETF,2025-09-04,1860016.86,6920.0,0.3734,12608682.290568,6.7787999999999995,46909.295999999995
510500,南方中证500ETF,2025-09-03,1853096.86,-10960.0,-0.588,12884211.848208,6.9528,-76202.688
510500,南方中证500ETF,2025-09-02,1864056.86,-1600.0,-0.0858,13134703.852618,7.0463,-11274.08
510500,南方中证500ETF,2025-09-01,1865656.86,-1560.0,-0.0835,13426572.724361999,7.196699999999999,-11226.851999999999
510500,南方中证500ETF,2025-08-29,1867216.86,-10120.0,-0.5391,13314189.82023,7.1305,-72160.65999999999
510500,南方中证500ETF,2025-08-28,1877336.86,-4160.0,-0.2211,13322896.494362,7.0967,-29522.272
510500,南方中证500ETF,2025-08-27,1881496.86,-4720.0,-0.2502,13078849.122917999,6.951299999999999,-32810.13599999999
510500,南方中证500ETF,2025-08-26,1886216.86,-25760.0,-1.3473,13302921.648522,7.0527,-181677.552
510500,南方中证500ETF,2025-08-25,1911976.86,-16800.0,-0.871,13459743.501342,7.0397,-118266.95999999999
510500,南方中证500ETF,2025-08-22,1928776.86,72880.0,3.9269,13326497.958797999,6.909299999999999,503549.7839999999
510500,南方中证500ETF,2025-08-21,1855896.86,4280.0,0.2311,12596899.93725,6.7875,29050.5
510500,南方中证500ETF,2025-08-20,1851616.86,-1880.0,-0.1014,12612103.080203999,6.811399999999999,-12805.431999999999
510500,南方中证500ETF,2025-08-19,1853496.86,-17240.0,-0.9216,12489047.192366,6.7381,-116164.844
510500,南方中证500ETF,2025-08-18,1870736.86,4560.0,0.2443,12628970.394488001,6.7508,30783.648
510500,南方中证500ETF,2025-08-15,1866176.86,7480.0,0.4024,12410635.972058,6.6503,49744.244
510500,南方中证500ETF,2025-08-14,1858696.86,440.0,0.0237,12097514.382996,6.5085999999999995,2863.7839999999997
510500,南方中证500ETF,2025-08-13,1858256.86,3320.0,0.179,12239594.634076,6.586599999999999,21867.511999999995
510500,南方中证500ETF,2025-08-12,1854936.86,280.0,0.0151,12046887.43727,6.4945,1818.46
510500,南方中证500ETF,2025-08-11,1854656.86,3680.0,0.1988,11994993.24205,6.467499999999999,23800.399999999998
510500,南方中证500ETF,2025-08-08,1850976.86,-3280.0,-0.1769,11842549.95028,6.398,-20985.44
510500,南方中证500ETF,2025-08-07,1854256.86,-6040.0,-0.3247,11886528.175344,6.410399999999999,-38718.81599999999
510500,南方中证500ETF,2025-08-06,1860296.86,8000.0,0.4319,11963569.106660001,6.431,51448.0
510500,南方中证500ETF,2025-08-05,1852296.86,-2920.0,-0.1574,11809133.401244,6.375399999999999,-18616.167999999998
510500,南方中证500ETF,2025-08-04,1855216.86,-960.0,-0.0517,11750015.98281,6.3335,-6080.16
510500,南方中证500ETF,2025-08-01,1856176.86,-5480.0,-0.2944,11665329.094356,6.2846,-34439.608
510500,南方中证500ETF,2025-07-31,1861656.86,-6600.0,-0.3533,11723225.578792,6.2972,-41561.520000000004
510500,南方中证500ETF,2025-07-30,1868256.86,-6480.0,-0.3456,11930875.133646,6.3861,-41381.928
510500,南方中证500ETF,2025-07-29,1874736.86,-11440.0,-0.6065,12050058.641336,6.427599999999999,-73531.74399999999
510500,南方中证500ETF,2025-07-28,1886176.86,-11040.0,-0.5819,12061157.93127,6.3945,-70595.28
510500,南方中证500ETF,2025-07-25,1897216.86,-18000.0,-0.9398,12085271.3982,6.369999999999999,-114659.99999999999
510500,南方中证500ETF,2025-07-24,1915216.86,8720.0,0.4574,12186141.836808,6.362799999999999,55483.615999999995
510500,南方中证500ETF,2025-07-23,1906496.86,13840.0,0.7312,11943821.528528,6.264799999999999,86704.832
510500,南方中证500ETF,2025-07-22,1892656.86,-3680.0,-0.1941,11887209.940602,6.2807,-23112.976000000002
510500,南方中证500ETF,2025-07-21,1896336.86,1000.0,0.0528,11810006.696708,6.227799999999999,6227.799999999999
510500,南方中证500ETF,2025-07-18,1895336.86,4640.0,0.2454,11684941.275586,6.1651,28606.064
510500,南方中证500ETF,2025-07-17,1890696.86,2000.0,0.1059,11622491.737792,6.1472,12294.4
510500,南方中证500ETF,2025-07-16,1888696.86,-1600.0,-0.0846,11483654.648172,6.0802,-9728.32
510500,南方中证500ETF,2025-07-15,1890296.86,-6480.0,-0.3416,11494328.116602,6.080699999999999,-39402.935999999994
510500,南方中证500ETF,2025-07-14,1896776.86,-3880.0,-0.2041,11537524.606322,6.0827,-23600.876
510500,南方中证500ETF,2025-07-11,1900656.86,9200.0,0.4864,11572909.554854,6.0889,56017.88
510500,南方中证500ETF,2025-07-10,1891456.86,-2760.0,-0.1457,11428182.34812,6.042,-16675.92
510500,南方中证500ETF,2025-07-09,1894216.86,-2200.0,-0.116,11385758.702088,6.0108,-13223.76
510500,南方中证500ETF,2025-07-08,1896416.86,7680.0,0.4066,11442031.12481,6.0335,46337.28
510500,南方中证500ETF,2025-07-07,1888736.86,-2520.0,-0.1332,11246861.380242,5.954699999999999,-15005.843999999997
510500,南方中证500ETF,2025-07-04,1891256.86,-1240.0,-0.0655,11281536.295586,5.9651,-7396.723999999999
510500,南方中证500ETF,2025-07-03,1892496.86,-2000.0,-0.1056,11306154.741012,5.9742,-11948.4
510500,南方中证500ETF,2025-07-02,1894496.86,920.0,0.0486,11261078.785526,5.9441,5468.572
510500,南方中证500ETF,2025-07-01,1893576.86,-7640.0,-0.4018,11334004.29553,5.9855,-45729.22
510500,南方中证500ETF,2025-06-30,1901216.86,-12520.0,-0.6542,11343800.516875999,5.966599999999999,-74701.83199999998
510500,南方中证500ETF,2025-06-27,1913736.86,-10720.0,-0.557,11317074.295296,5.9136,-63393.791999999994
510500,南方中证500ETF,2025-06-26,1924456.86,-8920.0,-0.4614,11325621.066786,5.8850999999999996,-52495.092
510500,南方中证500ETF,2025-06-25,1933376.86,-11920.0,-0.6128,11421810.475822,5.907699999999999,-70419.78399999999
510500,南方中证500ETF,2025-06-24,1945296.86,-240.0,-0.0123,11299645.870682001,5.8087,-1394.088
510500,南方中证500ETF,2025-06-23,1945536.86,-360.0,-0.0185,11120494.138074001,5.7159,-2057.724
510500,南方中证500ETF,2025-06-20,1945896.86,24440.0,1.272,11053083.344172,5.6802,138824.088
510500,南方中证500ETF,2025-06-19,1921456.86,-4160.0,-0.216,10977667.332552,5.7132000000000005,-23766.912000000004
510500,南方中证500ETF,2025-06-18,1925616.86,-1920.0,-0.0996,11131413.382602,5.7807,-11098.944000000001
510500,南方中证500ETF,2025-06-17,1927536.86,-9280.0,-0.4791,11148487.690868,5.783799999999999,-53673.664
510500,南方中证500ETF,2025-06-16,1936816.86,9960.0,0.5169,11231213.607768,5.798799999999999,57756.04799999999
510500,南方中证500ETF,2025-06-13,1926856.86,-1600.0,-0.083,11121047.053175999,5.771599999999999,-9234.56
510500,南方中证500ETF,2025-06-12,1928456.86,-1560.0,-0.0808,11231718.444012,5.824199999999999,-9085.751999999999
510500,南方中证500ETF,2025-06-11,1930016.86,3280.0,0.1702,11228259.086422,5.817699999999999,19082.055999999997
510500,南方中证500ETF,2025-06-10,1926736.86,-6440.0,-0.3331,11137887.766602,5.7806999999999995,-37227.708
510500,南方中证500ETF,2025-06-09,1933176.86,5520.0,0.2864,11269454.50537,5.8294999999999995,32178.839999999997
510500,南方中证500ETF,2025-06-06,1927656.86,-2360.0,-0.1223,11150916.638042,5.784699999999999,-13651.891999999998
510500,南方中证500ETF,2025-06-05,1930016.86,-1400.0,-0.0725,11172867.60254,5.789,-8104.599999999999
510500,南方中证500ETF,2025-06-04,1931416.86,-120.0,-0.0062,11114531.462555999,5.754599999999999,-690.5519999999999
510500,南方中证500ETF,2025-06-03,1931536.86,4960.0,0.2575,11027143.93374,5.709,28316.64
510500,南方中证500ETF,2025-05-30,1926576.86,-21720.0,-1.1148,10952204.133728,5.684799999999999,-123473.85599999999
510500,南方中证500ETF,2025-05-29,1948296.86,29160.0,1.5194,11163546.178114,5.7299,167083.884
510500,南方中证500ETF,2025-05-28,1919136.86,-3480.0,-0.181,10834679.056816,5.6456,-19646.688
510500,南方中证500ETF,2025-05-27,1922616.86,-8080.0,-0.4185,10878550.717252001,5.6582,-45718.256
510500,南方中证500ETF,2025-05-26,1930696.86,9240.0,0.4809,10957863.098616,5.6756,52442.544
510500,南方中证500ETF,2025-05-23,1921456.86,3520.0,0.1835,10870450.039764,5.6574,19914.048
510500,南方中证500ETF,2025-05-22,1917936.86,-2160.0,-0.1125,10944898.485275999,5.706599999999999,-12326.255999999998
510500,南方中证500ETF,2025-05-21,1920096.86,-880.0,-0.0458,11056493.748938,5.758299999999999,-5067.303999999999
510500,南方中证500ETF,2025-05-20,1920976.86,-1400.0,-0.0728,11040622.405164,5.7474,-8046.36
510500,南方中证500ETF,2025-05-19,1922376.86,-5400.0,-0.2801,10997341.303002,5.7207,-30891.78
510500,南方中证500ETF,2025-05-16,1927776.86,-4800.0,-0.2484,11017823.087958,5.7153,-27433.44
510500,南方中证500ETF,2025-05-15,1932576.86,-3600.0,-0.1859,11044290.239528,5.7148,-20573.280000000002
510500,南方中证500ETF,2025-05-14,1936176.86,10040.0,0.5213,11225953.43428,5.798,58211.92
510500,南方中证500ETF,2025-05-13,1926136.86,-10360.0,-0.535,11132107.98237,5.7795,-59875.619999999995
510500,南方中证500ETF,2025-05-12,1936496.86,-1400.0,-0.0722,11215608.864062,5.7917,-8108.379999999999
510500,南方中证500ETF,2025-05-09,1937896.86,-3680.0,-0.1895,11083607.301083999,5.719399999999999,-21047.391999999996
510500,南方中证500ETF,2025-05-08,1941576.86,1680.0,0.0866,11205422.532118,5.7713,9695.784
510500,南方中证500ETF,2025-05-07,1939896.86,-2800.0,-0.1441,11148005.285362,5.7467,-16090.759999999998
510500,南方中证500ETF,2025-05-06,1942696.86,2640.0,0.1361,11145834.694878,5.7373,15146.472000000002
510500,南方中证500ETF,2025-04-30,1940056.86,-10440.0,-0.5352,10920192.053568,5.6288,-58764.672
510500,南方中证500ETF,2025-04-29,1950496.86,320.0,0.0164,10926098.260661999,5.601699999999999,1792.5439999999999
510500,南方中证500ETF,2025-04-28,1950176.86,680.0,0.0349,10910849.496328,5.594799999999999,3804.4639999999995
510500,南方中证500ETF,2025-04-25,1949496.86,-2400.0,-0.123,10963385.491582,5.6237,-13496.880000000001
510500,南方中证500ETF,2025-04-24,1951896.86,1160.0,0.0595,10935111.778778,5.6023,6498.668
510500,南方中证500ETF,2025-04-23,1950736.86,6320.0,0.325,10983818.963916,5.630599999999999,35585.39199999999
510500,南方中证500ETF,2025-04-22,1944416.86,-6280.0,-0.3219,10927622.7532,5.62,-35293.6
510500,南方中证500ETF,2025-04-21,1950696.86,-9840.0,-0.5019,10997443.687622,5.6377,-55474.968
510500,南方中证500ETF,2025-04-18,1960536.86,4640.0,0.2372,10892938.847846001,5.556100000000001,25780.304000000004
510500,南方中证500ETF,2025-04-17,1955896.86,11440.0,0.5883,10859921.725464,5.5524,63519.456
510500,南方中证500ETF,2025-04-16,1944456.86,46720.0,2.4619,10792513.355744,5.5504,259314.688
510500,南方中证500ETF,2025-04-15,1897736.86,16440.0,0.8739,10619925.242246,5.5961,91999.88399999999
510500,南方中证500ETF,2025-04-14,1881296.86,-12680.0,-0.6695,10574957.779746002,5.6211,-71275.54800000001
510500,南方中证500ETF,2025-04-11,1893976.86,-4280.0,-0.2255,10561383.164417999,5.576299999999999,-23866.563999999995
510500,南方中证500ETF,2025-04-10,1898256.86,-4720.0,-0.248,10514824.398912,5.539199999999999,-26145.023999999998
510500,南方中证500ETF,2025-04-09,1902976.86,-1120.0,-0.0588,10341918.043356,5.4346,-6086.7519999999995
510500,南方中证500ETF,2025-04-08,1904096.86,277680.0,17.0731,10131508.982374001,5.3209,1477507.512
510500,南方中证500ETF,2025-04-07,1626416.86,8200.0,0.5067,8592685.554752,5.2832,43322.24
510500,南方中证500ETF,2025-04-03,1618216.86,-5720.0,-0.3522,9454432.00455,5.8425,-33419.1
510500,南方中证500ETF,2025-04-02,1623936.86,6800.0,0.4205,9574569.332874,5.895899999999999,40092.119999999995
510500,南方中证500ETF,2025-04-01,1617136.86,-3480.0,-0.2147,9523965.823284,5.889399999999999,-20495.111999999997
510500,南方中证500ETF,2025-03-31,1620616.86,280.0,0.0173,9487253.160125999,5.854099999999999,1639.1479999999997
510500,南方中证500ETF,2025-03-28,1620336.86,-9400.0,-0.5768,9580403.718436,5.9126,-55578.44
510500,南方中证500ETF,2025-03-27,1629736.86,5920.0,0.3646,9703616.238125999,5.954099999999999,35248.27199999999
510500,南方中证500ETF,2025-03-26,1623816.86,0.0,0.0,9653428.851014,5.9449,0.0
510500,南方中证500ETF,2025-03-25,1623816.86,-1480.0,-0.0911,9649856.453922,5.942699999999999,-8795.196
510500,南方中证500ETF,2025-03-24,1625296.86,2240.0,0.138,9693433.002726,5.964099999999999,13359.583999999999
510500,南方中证500ETF,2025-03-21,1623056.86,-520.0,-0.032,9685429.506364,5.967399999999999,-3103.0479999999993
510500,南方中证500ETF,2025-03-20,1623576.86,-3800.0,-0.2335,9831569.675730001,6.0555,-23010.9
510500,南方中证500ETF,2025-03-19,1627376.86,-680.0,-0.0418,9922442.190792,6.0972,-4146.096
510500,南方中证500ETF,2025-03-18,1628056.86,280.0,0.0172,9978360.49494,6.129,1716.12
510500,南方中证500ETF,2025-03-17,1627776.86,-28320.0,-1.71,9935949.95344,6.103999999999999,-172865.27999999997
510500,南方中证500ETF,2025-03-14,1656096.86,30720.0,1.89,10095732.068246001,6.096100000000001,187272.192
510500,南方中证500ETF,2025-03-13,1625376.86,-80.0,-0.0049,9734219.476854,5.9889,-479.112
510500,南方中证500ETF,2025-03-12,1625456.86,1320.0,0.0813,9811582.698332,6.0362,7967.784
510500,南方中证500ETF,2025-03-11,1624136.86,4080.0,0.2518,9809786.6344,6.04,24643.2
510500,南方中证500ETF,2025-03-10,1620056.86,-24760.0,-1.5053,9734759.666054,6.008899999999999,-148780.36399999997
510500,南方中证500ETF,2025-03-07,1644816.86,-10680.0,-0.6451,9885349.3286,6.01,-64186.799999999996
510500,南方中证500ETF,2025-03-06,1655496.86,25120.0,1.5407,10005988.571526,6.044099999999999,151827.792
510500,南方中证500ETF,2025-03-05,1630376.86,-5560.0,-0.3399,9694709.922618,5.9463,-33061.428
510500,南方中证500ETF,2025-03-04,1635936.86,-4920.0,-0.2998,9706994.952496001,5.9336,-29193.312
510500,南方中证500ETF,2025-03-03,1640856.86,-4520.0,-0.2747,9651027.793461999,5.881699999999999,-26585.283999999992
510500,南方中证500ETF,2025-02-28,1645376.86,-2800.0,-0.1699,9635162.354474,5.8559,-16396.52
510500,南方中证500ETF,2025-02-27,1648176.86,-8000.0,-0.483,9929111.857698,6.024299999999999,-48194.399999999994
510500,南方中证500ETF,2025-02-26,1656176.86,-17920.0,-1.0704,10015729.56085,6.047499999999999,-108371.19999999998
510500,南方中证500ETF,2025-02-25,1674096.86,-6760.0,-0.4022,10006411.751592,5.977199999999999,-40405.871999999996
510500,南方中证500ETF,2025-02-24,1680856.86,-24200.0,-1.4193,10154728.634003999,6.0413999999999985,-146201.87999999998
510500,南方中证500ETF,2025-02-21,1705056.86,11640.0,0.6874,10323266.75887,6.0545,70474.38
510500,南方中证500ETF,2025-02-20,1693416.86,-26320.0,-1.5305,10083789.376242,5.9547,-156727.704
510500,南方中证500ETF,2025-02-19,1719736.86,-2880.0,-0.1672,10216784.711574001,5.9409,-17109.792
510500,南方中证500ETF,2025-02-18,1722616.86,-1720.0,-0.0997,10056637.22868,5.837999999999999,-10041.359999999999
510500,南方中证500ETF,2025-02-17,1724336.86,-19560.0,-1.1216,10252044.80113,5.9455,-116293.98
510500,南方中证500ETF,2025-02-14,1743896.86,6800.0,0.3915,10367641.222386,5.9451,40426.68
510500,南方中证500ETF,2025-02-13,1737096.86,-9440.0,-0.5405,10242096.796246001,5.896100000000001,-55659.18400000001
510500,南方中证500ETF,2025-02-12,1746536.86,-6360.0,-0.3628,10370062.60625,5.937499999999999,-37762.49999999999
510500,南方中证500ETF,2025-02-11,1752896.86,-12400.0,-0.7024,10264438.143102,5.8557,-72610.68
510500,南方中证500ETF,2025-02-10,1765296.86,-22320.0,-1.2486,10390537.317960002,5.886,-131375.52
510500,南方中证500ETF,2025-02-07,1787616.86,11520.0,0.6486,10423593.91066,5.8309999999999995,67173.12
510500,南方中证500ETF,2025-02-06,1776096.86,14480.0,0.822,10204386.899444,5.7454,83193.392
510500,南方中证500ETF,2025-02-05,1761616.86,-7800.0,-0.4408,9885665.333262,5.6117,-43771.26
510500,南方中证500ETF,2025-01-27,1769416.86,-33080.0,-1.8352,9886439.763564,5.5874,-184831.19199999998
510500,南方中证500ETF,2025-01-24,1802496.86,33800.0,1.911,10181043.014338,5.6483,190912.54
510500,南方中证500ETF,2025-01-23,1768696.86,14120.0,0.8048,9872689.002834,5.581899999999999,78816.42799999999
510500,南方中证500ETF,2025-01-22,1754576.86,-7880.0,-0.4471,9832473.265754,5.603899999999999,-44158.731999999996
510500,南方中证500ETF,2025-01-21,1762456.86,-14280.0,-0.8037,9923689.595916001,5.6306,-80404.96800000001
510500,南方中证500ETF,2025-01-20,1776736.86,10920.0,0.6184,9969448.195146,5.6110999999999995,61273.21199999999
510500,南方中证500ETF,2025-01-17,1765816.86,3440.0,0.1952,9859791.601182,5.5837,19207.928
510500,南方中证500ETF,2025-01-16,1762376.86,1600.0,0.0909,9765858.894318,5.5413,8866.08
510500,南方中证500ETF,2025-01-15,1760776.86,-4000.0,-0.2267,9877077.79617,5.6095,-22438.0
510500,南方中证500ETF,2025-01-14,1764776.86,4840.0,0.275,9988989.982972,5.6602,27395.368
510500,南方中证500ETF,2025-01-13,1759936.86,18840.0,1.0821,9620518.851504,5.466399999999999,102986.97599999998
510500,南方中证500ETF,2025-01-10,1741096.86,4480.0,0.258,9496812.82287,5.4544999999999995,24436.159999999996
510500,南方中证500ETF,2025-01-09,1736616.86,-12560.0,-0.7181,9625198.94655,5.5424999999999995,-69613.79999999999
510500,南方中证500ETF,2025-01-08,1749176.86,-7840.0,-0.4462,9704433.21928,5.548,-43496.32
510500,南方中证500ETF,2025-01-07,1757016.86,-21640.0,-1.2166,9788165.225374,5.5709,-120554.276
510500,南方中证500ETF,2025-01-06,1778656.86,6800.0,0.3838,9805201.672122,5.5127,37486.36
510500,南方中证500ETF,2025-01-03,1771856.86,16200.0,0.9227,9769841.540353999,5.513899999999999,89325.17999999998
510500,南方中证500ETF,2025-01-02,1755656.86,6400.0,0.3659,9889615.09238,5.633,36051.2
510500,南方中证500ETF,2024-12-31,1749256.86,-50560.0,-2.8092,10174902.377562,5.816699999999999,-294092.35199999996
510500,南方中证500ETF,2024-12-30,1799816.86,200.0,0.0111,10785762.496922,5.992699999999999,1198.54
510500,南方中证500ETF,2024-12-27,1799616.86,360.0,0.02,10785103.841980001,5.993,2157.48
510500,南方中证500ETF,2024-12-26,1799256.86,-1640.0,-0.0911,10760095.799858,5.9803,-9807.692
510500,南方中证500ETF,2024-12-25,1800896.86,-22600.0,-1.2394,10684540.980694,5.932899999999999,-134083.53999999998
510500,南方中证500ETF,2024-12-24,1823496.86,-3840.0,-0.2101,10920557.995167999,5.988799999999999,-22996.991999999995
510500,南方中证500ETF,2024-12-23,1827336.86,-3520.0,-0.1923,10801570.913146,5.9111,-20807.072
510500,南方中证500ETF,2024-12-20,1830856.86,-9880.0,-0.5367,11005646.756832,6.0112,-59390.655999999995
510500,南方中证500ETF,2024-12-19,1840736.86,5680.0,0.3095,11035769.696758,5.995299999999999,34053.304
510500,南方中证500ETF,2024-12-18,1835056.86,-5280.0,-0.2869,10976576.113776,5.981599999999999,-31582.847999999998
510500,南方中证500ETF,2024-12-17,1840336.86,16280.0,0.8925,10932889.184202,5.9407,96714.59599999999
510500,南方中证500ETF,2024-12-16,1824056.86,1880.0,0.1032,10954373.47273,6.0055,11290.34
510500,南方中证500ETF,2024-12-13,1822176.86,-22680.0,-1.2294,11085941.798554,6.083899999999999,-137982.85199999998
510500,南方中证500ETF,2024-12-12,1844856.86,17200.0,0.9411,11436636.646512,6.199199999999999,106626.23999999999
510500,南方中证500ETF,2024-12-11,1827656.86,32440.0,1.807,11231316.936072,6.145199999999999,199350.28799999997
510500,南方中证500ETF,2024-12-10,1795216.86,29480.0,1.6696,10932332.112342,6.0897,179524.356
510500,南方中证500ETF,2024-12-09,1765736.86,-24560.0,-1.3718,10669994.697608,6.0428,-148411.168
510500,南方中证500ETF,2024-12-06,1790296.86,9400.0,0.5278,10878559.840103999,6.076399999999999,57118.15999999999
510500,南方中证500ETF,2024-12-05,1780896.86,240.0,0.0135,10680750.828164,5.9974,1439.376
510500,南方中证500ETF,2024-12-04,1780656.86,-2080.0,-0.1167,10637466.015953999,5.9738999999999995,-12425.712
510500,南方中证500ETF,2024-12-03,1782736.86,-6320.0,-0.3533,10746872.613138001,6.028300000000001,-38098.85600000001
510500,南方中证500ETF,2024-12-02,1789056.86,-6280.0,-0.3498,10806261.245772,6.0402,-37932.456
510500,南方中证500ETF,2024-11-29,1795336.86,14600.0,0.8199,10677047.840106,5.947099999999999,86827.65999999999
510500,南方中证500ETF,2024-11-28,1780736.86,-9920.0,-0.554,10419269.441546,5.8511,-58042.912
510500,南方中证500ETF,2024-11-27,1790656.86,12920.0,0.7268,10561294.16028,5.898,76202.15999999999
510500,南方中证500ETF,2024-11-26,1777736.86,-360.0,-0.0202,10280118.940322,5.7827,-2081.772
510500,南方中证500ETF,2024-11-25,1778096.86,-400.0,-0.0225,10362392.880708,5.8278,-2331.12
510500,南方中证500ETF,2024-11-22,1778496.86,6320.0,0.3566,10393179.950468,5.8438,36932.816
510500,南方中证500ETF,2024-11-21,1772176.86,-7840.0,-0.4404,10777670.791776,6.081599999999999,-47679.74399999999
510500,南方中证500ETF,2024-11-20,1780016.86,-35600.0,-1.9608,10838166.657168,6.088799999999999,-216761.27999999997
510500,南方中证500ETF,2024-11-19,1815616.86,-22680.0,-1.2338,10952164.022892,6.0322,-136810.296
510500,南方中证500ETF,2024-11-18,1838296.86,-6880.0,-0.3729,10896136.978278,5.9273,-40779.824
510500,南方中证500ETF,2024-11-15,1845176.86,37080.0,2.0508,11108887.28563,6.0205,223240.14
510500,南方中证500ETF,2024-11-14,1808096.86,4960.0,0.2751,11166625.397674,6.1758999999999995,30632.463999999996
510500,南方中证500ETF,2024-11-13,1803136.86,-2600.0,-0.144,11468311.056972,6.3602,-16536.52
510500,南方中证500ETF,2024-11-12,1805736.86,-14760.0,-0.8108,11491709.377039999,6.363999999999999,-93932.63999999998
510500,南方中证500ETF,2024-11-11,1820496.86,-32440.0,-1.7507,11709799.902892,6.432199999999999,-208660.56799999997
510500,南方中证500ETF,2024-11-08,1852936.86,-23720.0,-1.2639,11716305.059466,6.3231,-149983.932
510500,南方中证500ETF,2024-11-07,1876656.86,-3560.0,-0.1893,11898755.155144,6.3404,-22571.824
510500,南方中证500ETF,2024-11-06,1880216.86,-8760.0,-0.4637,11704914.018558,6.225299999999999,-54533.62799999999
510500,南方中证500ETF,2024-11-05,1888976.86,5800.0,0.308,11733379.765889999,6.211499999999999,36026.7
510500,南方中证500ETF,2024-11-04,1883176.86,2200.0,0.117,11346893.852244,6.0254,13255.880000000001
510500,南方中证500ETF,2024-11-01,1880976.86,-5280.0,-0.2799,11149678.435336,5.927599999999999,-31297.727999999996
510500,南方中证500ETF,2024-10-31,1886256.86,-10760.0,-0.5672,11314334.523338001,5.9983,-64541.708000000006
510500,南方中证500ETF,2024-10-30,1897016.86,-25800.0,-1.3418,11257087.748925999,5.934099999999999,-153099.77999999997
510500,南方中证500ETF,2024-10-29,1922816.86,-28920.0,-1.4818,11361347.980682,5.9087,-170879.604
510500,南方中证500ETF,2024-10-28,1951736.86,-31720.0,-1.5992,11673533.333346,5.9811,-189720.492
510500,南方中证500ETF,2024-10-25,1983456.86,-1720.0,-0.0866,11714891.252217999,5.906299999999999,-10158.835999999998
510500,南方中证500ETF,2024-10-24,1985176.86,-5680.0,-0.2853,11556310.055118,5.8213,-33064.984
510500,南方中证500ETF,2024-10-23,1990856.86,-2840.0,-0.1424,11690510.567606,5.8721,-16676.764
510500,南方中证500ETF,2024-10-22,1993696.86,-7960.0,-0.3977,11660933.564453999,5.848899999999999,-46557.24399999999
510500,南方中证500ETF,2024-10-21,2001656.86,-28760.0,-1.4165,11607207.799767999,5.798799999999999,-166773.48799999998
510500,南方中证500ETF,2024-10-18,2030416.86,52240.0,2.6408,11644034.608727999,5.734799999999999,299585.95199999993
510500,南方中证500ETF,2024-10-17,1978176.86,-35360.0,-1.7561,10897578.504053999,5.508899999999999,-194794.70399999997
510500,南方中证500ETF,2024-10-16,2013536.86,-7520.0,-0.3721,11176337.695116,5.5506,-41740.512
510500,南方中证500ETF,2024-10-15,2021056.86,-42480.0,-2.0586,11241522.466692,5.5622,-236282.256
510500,南方中证500ETF,2024-10-14,2063536.86,-28040.0,-1.3406,11759890.211453998,5.698899999999999,-159797.156
510500,南方中证500ETF,2024-10-11,2091576.86,-13440.0,-0.6385,11628749.026228,5.559799999999999,-74723.71199999998
510500,南方中证500ETF,2024-10-10,2105016.86,6600.0,0.3145,12174575.511496,5.783600000000001,38171.76
510500,南方中证500ETF,2024-10-09,2098416.86,13440.0,0.6446,12232511.243684,5.8294,78347.136
510500,南方中证500ETF,2024-10-08,2084976.86,-36520.0,-1.7214,13039445.28244,6.254,-228396.08
510500,南方中证500ETF,2024-09-30,2121496.86,121920.0,6.0973,12391238.859888,5.840800000000001,712110.3360000001
510500,南方中证500ETF,2024-09-27,1999576.86,11840.0,0.5957,10580161.081632001,5.291200000000001,62647.80800000001
510500,南方中证500ETF,2024-09-26,1987736.86,74880.0,3.9146,9978240.263513999,5.019899999999999,375890.1119999999
510500,南方中证500ETF,2024-09-25,1912856.86,1720.0,0.09,9199885.06817,4.8095,8272.34
510500,南方中证500ETF,2024-09-24,1911136.86,49440.0,2.6556,9108478.27476,4.766,235631.04
510500,南方中证500ETF,2024-09-23,1861696.86,2160.0,0.1162,8503858.917108,4.567799999999999,9866.447999999999
510500,南方中证500ETF,2024-09-20,1859536.86,-840.0,-0.0452,8500500.848118,4.5713,-3839.892
510500,南方中证500ETF,2024-09-19,1860376.86,20760.0,1.1285,8545455.068724,4.5934,95358.984
510500,南方中证500ETF,2024-09-18,1839616.86,-1200.0,-0.0652,8341926.613356,4.534599999999999,-5441.5199999999995
510500,南方中证500ETF,2024-09-13,1840816.86,2080.0,0.1131,8326566.902838,4.5233,9408.464
510500,南方中证500ETF,2024-09-12,1838736.86,2400.0,0.1307,8401740.334398,4.569299999999999,10966.319999999998
510500,南方中证500ETF,2024-09-11,1836336.86,0.0,0.0,8424562.612622,4.5877,0.0
510500,南方中证500ETF,2024-09-10,1836336.86,-3120.0,-0.1696,8411524.620916,4.5806,-14291.471999999998
510500,南方中证500ETF,2024-09-09,1839456.86,4400.0,0.2398,8424160.581742,4.5797,20150.68
510500,南方中证500ETF,2024-09-06,1835056.86,-5440.0,-0.2956,8460713.158716,4.6106,-25081.664
510500,南方中证500ETF,2024-09-05,1840496.86,2360.0,0.1284,8604690.919872,4.6752,11033.472
510500,南方中证500ETF,2024-09-04,1838136.86,3080.0,0.1678,8556894.710672,4.6552,14338.016
510500,南方中证500ETF,2024-09-03,1835056.86,-11960.0,-0.6475,8569532.030514,4.6699,-55852.004
510500,南方中证500ETF,2024-09-02,1847016.86,-23280.0,-1.2447,8532663.788142,4.619699999999999,-107546.61599999998
510500,南方中证500ETF,2024-08-30,1870296.86,27880.0,1.5132,8816205.338668,4.7138,131420.744
510500,南方中证500ETF,2024-08-29,1842416.86,19120.0,1.0486,8532416.720346,4.6311,88546.632
510500,南方中证500ETF,2024-08-28,1823296.86,13720.0,0.7582,8336295.573605999,4.5721,62729.212
510500,南方中证500ETF,2024-08-27,1809576.86,3680.0,0.2038,8264880.392678,4.5672999999999995,16807.663999999997
510500,南方中证500ETF,2024-08-26,1805896.86,-800.0,-0.0443,8338186.981992,4.6171999999999995,-3693.7599999999998
510500,南方中证500ETF,2024-08-23,1806696.86,7040.0,0.3912,8329053.194286,4.6101,32455.104
510500,南方中证500ETF,2024-08-22,1799656.86,18360.0,1.0307,8289219.497160001,4.606,84566.16
510500,南方中证500ETF,2024-08-21,1781296.86,3600.0,0.2025,8302446.534774001,4.6609,16779.239999999998
510500,南方中证500ETF,2024-08-20,1777696.86,-17520.0,-0.9759,8312510.517360001,4.676,-81923.52
510500,南方中证500ETF,2024-08-19,1795216.86,12720.0,0.7136,8542539.428310001,4.758500000000001,60528.12000000001
510500,南方中证500ETF,2024-08-16,1782496.86,47840.0,2.7579,8459373.598188,4.7458,227039.07200000001
510500,南方中证500ETF,2024-08-15,1734656.86,26640.0,1.5597,8279864.124152,4.7732,127158.04800000001
510500,南方中证500ETF,2024-08-14,1708016.86,-8800.0,-0.5126,8098220.338318,4.7413,-41723.439999999995
510500,南方中证500ETF,2024-08-13,1716816.86,640.0,0.0373,8252223.600962,4.806699999999999,3076.2879999999996
510500,南方中证500ETF,2024-08-12,1716176.86,6600.0,0.3861,8219285.835597999,4.789299999999999,31609.379999999994
510500,南方中证500ETF,2024-08-09,1709576.86,-6840.0,-0.3985,8198617.747502,4.7957,-32802.588
510500,南方中证500ETF,2024-08-08,1716416.86,4960.0,0.2898,8293039.700776,4.8316,23964.736
510500,南方中证500ETF,2024-08-07,1711456.86,-5200.0,-0.3029,8260859.971848,4.8267999999999995,-25099.359999999997
510500,南方中证500ETF,2024-08-06,1716656.86,-5640.0,-0.3275,8283384.346558,4.8252999999999995,-27214.691999999995
510500,南方中证500ETF,2024-08-05,1722296.86,-2200.0,-0.1276,8211739.198794,4.7679,-10489.38
510500,南方中证500ETF,2024-08-02,1724496.86,600.0,0.0348,8388297.626412,4.864199999999999,2918.5199999999995
510500,南方中证500ETF,2024-08-01,1723896.86,5200.0,0.3026,8498294.350742,4.9296999999999995,25634.44
510500,南方中证500ETF,2024-07-31,1718696.86,35440.0,2.1054,8530923.734296001,4.9636000000000005,175909.98400000003
510500,南方中证500ETF,2024-07-30,1683256.86,7240.0,0.432,8032838.3872919995,4.7722,34550.727999999996
510500,南方中证500ETF,2024-07-29,1676016.86,-4000.0,-0.2381,8012701.404288,4.7808,-19123.2
510500,南方中证500ETF,2024-07-26,1680016.86,-1320.0,-0.0785,8078025.067938001,4.8083,-6346.956
510500,南方中证500ETF,2024-07-25,1681336.86,2880.0,0.1716,7961130.0321,4.735,13636.800000000001
510500,南方中证500ETF,2024-07-24,1678456.86,16320.0,0.9819,7952528.6026800005,4.738,77324.16
510500,南方中证500ETF,2024-07-23,1662136.86,6240.0,0.3768,7967785.465782001,4.7937,29912.688000000002
510500,南方中证500ETF,2024-07-22,1655896.86,9640.0,0.5856,8177315.463738001,4.9383,47605.212
510500,南方中证500ETF,2024-07-19,1646256.86,42920.0,2.6769,8140740.1727,4.944999999999999,212239.39999999997
510500,南方中证500ETF,2024-07-18,1603336.86,24720.0,1.5659,7937319.12543,4.9505,122376.36
510500,南方中证500ETF,2024-07-17,1578616.86,44320.0,2.8886,7779581.747766,4.9281,218413.392
510500,南方中证500ETF,2024-07-16,1534296.86,7200.0,0.4715,7624688.24577,4.9695,35780.4
510500,南方中证500ETF,2024-07-15,1527096.86,16360.0,1.0829,7564932.425067999,4.953799999999999,81044.16799999999
510500,南方中证500ETF,2024-07-12,1510736.86,720.0,0.0477,7539030.152458,4.9902999999999995,3593.0159999999996
510500,南方中证500ETF,2024-07-11,1510016.86,4040.0,0.2683,7562768.441624001,5.0084,20233.936
510500,南方中证500ETF,2024-07-10,1505976.86,4800.0,0.3197,7394798.175658001,4.9103,23569.440000000002
510500,南方中证500ETF,2024-07-09,1501176.86,14120.0,0.9495,7418966.159806,4.9421,69782.452
510500,南方中证500ETF,2024-07-08,1487056.86,8200.0,0.5545,7205831.426502001,4.8457,39734.74
510500,南方中证500ETF,2024-07-05,1478856.86,1880.0,0.1273,7289581.234312,4.9292,9266.895999999999
510500,南方中证500ETF,2024-07-04,1476976.86,21840.0,1.5009,7228177.0551539995,4.8938999999999995,106882.77599999998
510500,南方中证500ETF,2024-07-03,1455136.86,-1640.0,-0.1126,7232612.248944,4.9704,-8151.455999999999
510500,南方中证500ETF,2024-07-02,1456776.86,-4640.0,-0.3175,7296849.614053999,5.008899999999999,-23241.295999999995
510500,南方中证500ETF,2024-07-01,1461416.86,-15960.0,-1.0803,7398422.85375,5.062499999999999,-80797.49999999999
510500,南方中证500ETF,2024-06-28,1477376.86,400.0,0.0271,7389395.840662,5.0017,2000.6799999999998
510500,南方中证500ETF,2024-06-27,1476976.86,24640.0,1.6966,7362286.554041999,4.984699999999999,122823.00799999999
510500,南方中证500ETF,2024-06-26,1452336.86,-4800.0,-0.3294,7373078.537161999,5.076699999999999,-24368.159999999996
510500,南方中证500ETF,2024-06-25,1457136.86,15400.0,1.0682,7286558.582116,5.0005999999999995,77009.23999999999
510500,南方中证500ETF,2024-06-24,1441736.86,58360.0,4.2187,7274139.1534440005,5.0454,294449.544
510500,南方中证500ETF,2024-06-21,1383376.86,5440.0,0.3948,7131031.037928,5.1548,28042.111999999997
510500,南方中证500ETF,2024-06-20,1377936.86,720.0,0.0523,7089898.525758,5.1453,3704.616
510500,南方中证500ETF,2024-06-19,1377216.86,440.0,0.032,7188658.844142,5.2197,2296.6679999999997
510500,南方中证500ETF,2024-06-18,1376776.86,9200.0,0.6727,7269244.143114,5.2799,48575.079999999994
510500,南方中证500ETF,2024-06-17,1367576.86,2160.0,0.1582,7185659.095497999,5.254299999999999,11349.287999999997
510500,南方中证500ETF,2024-06-14,1365416.86,18360.0,1.363,7183185.017088001,5.2608,96588.288
510500,南方中证500ETF,2024-06-13,1347056.86,1640.0,0.1219,7058173.829342,5.2397,8593.108
510500,南方中证500ETF,2024-06-12,1345416.86,-3600.0,-0.2669,7097881.186616001,5.2756,-18992.16
510500,南方中证500ETF,2024-06-11,1349016.86,4040.0,0.3004,7092860.846508,5.2578,21241.512
510500,南方中证500ETF,2024-06-07,1344976.86,640.0,0.0476,7058573.058966001,5.2481,3358.784
510500,南方中证500ETF,2024-06-06,1344336.86,3200.0,0.2386,7076051.496296001,5.2636,16843.52
510500,南方中证500ETF,2024-06-05,1341136.86,-6760.0,-0.5015,7119425.021310001,5.3085,-35885.46000000001
510500,南方中证500ETF,2024-06-04,1347896.86,120.0,0.0089,7237532.18977,5.3694999999999995,644.3399999999999
510500,南方中证500ETF,2024-06-03,1347776.86,-11160.0,-0.8212,7143486.913372,5.300199999999999,-59150.231999999996
510500,南方中证500ETF,2024-05-31,1358936.86,3080.0,0.2272,7249112.785983999,5.334399999999999,16429.951999999997
510500,南方中证500ETF,2024-05-30,1355856.86,9160.0,0.6802,7230106.70595,5.3325,48845.7
510500,南方中证500ETF,2024-05-29,1346696.86,10760.0,0.8054,7201865.467908001,5.3478,57542.328
510500,南方中证500ETF,2024-05-28,1335936.86,-10560.0,-0.7843,7124551.27438,5.333,-56316.48
510500,南方中证500ETF,2024-05-27,1346496.86,-10240.0,-0.7548,7254386.482936,5.3876,-55169.024
510500,南方中证500ETF,2024-05-24,1356736.86,1120.0,0.0826,7230457.747997999,5.329299999999999,5968.815999999999
510500,南方中证500ETF,2024-05-23,1355616.86,-22560.0,-1.6369,7287931.801046001,5.3761,-121284.816
510500,南方中证500ETF,2024-05-22,1378176.86,-8280.0,-0.5972,7553925.187346,5.4811,-45383.507999999994
510500,南方中证500ETF,2024-05-21,1386456.86,-13680.0,-0.977,7608875.24768,5.4879999999999995,-75075.84
510500,南方中证500ETF,2024-05-20,1400136.86,-17200.0,-1.2135,7743876.945288001,5.5308,-95129.76000000001
510500,南方中证500ETF,2024-05-17,1417336.86,30680.0,2.2125,7792801.523652,5.4982,168684.77599999998
510500,南方中证500ETF,2024-05-16,1386656.86,1880.0,0.1358,7650601.893678,5.5173,10372.524
510500,南方中证500ETF,2024-05-15,1384776.86,-8760.0,-0.6286,7666817.08539,5.536499999999999,-48499.73999999999
510500,南方中证500ETF,2024-05-14,1393536.86,-13400.0,-0.9524,7790149.754772,5.590199999999999,-74908.68
510500,南方中证500ETF,2024-05-13,1406936.86,-16320.0,-1.1467,7870826.875898,5.5943,-91298.976
510500,南方中证500ETF,2024-05-10,1423256.86,-33600.0,-2.3063,8005819.8375,5.625,-189000.0
510500,南方中证500ETF,2024-05-09,1456856.86,4720.0,0.325,8223519.917642,5.644699999999999,26642.983999999997
510500,南方中证500ETF,2024-05-08,1452136.86,-25560.0,-1.7297,8052389.316072,5.5451999999999995,-141735.31199999998
510500,南方中证500ETF,2024-05-07,1477696.86,-7760.0,-0.5224,8296972.329528,5.6148,-43570.848
510500,南方中证500ETF,2024-05-06,1485456.86,11160.0,0.757,8342919.908503999,5.616399999999999,62679.02399999998
510500,南方中证500ETF,2024-04-30,1474296.86,3440.0,0.2339,8150502.760824,5.5283999999999995,19017.696
510500,南方中证500ETF,2024-04-29,1470856.86,27760.0,1.9236,8187377.625503999,5.566399999999999,154523.26399999997
510500,南方中证500ETF,2024-04-26,1443096.86,60000.0,4.3381,7876999.9006240005,5.4584,327504.0
510500,南方中证500ETF,2024-04-25,1383096.86,2120.0,0.1535,7389471.593922,5.3427,11326.524
510500,南方中证500ETF,2024-04-24,1380976.86,-600.0,-0.0434,7383116.586618,5.346299999999999,-3207.7799999999997
510500,南方中证500ETF,2024-04-23,1381576.86,2000.0,0.145,7309923.16626,5.2909999999999995,10581.999999999998
510500,南方中证500ETF,2024-04-22,1379576.86,-1800.0,-0.1303,7382391.693232001,5.3512,-9632.16
510500,南方中证500ETF,2024-04-19,1381376.86,-17680.0,-1.2637,7457501.116396001,5.3986,-95447.248
510500,南方中证500ETF,2024-04-18,1399056.86,2120.0,0.1518,7602894.694297999,5.434299999999999,11520.715999999997
510500,南方中证500ETF,2024-04-17,1396936.86,2280.0,0.1635,7576706.141267999,5.423799999999999,12366.263999999997
510500,南方中证500ETF,2024-04-16,1394656.86,1080.0,0.0775,7355001.882582,5.2737,5695.596
510500,南方中证500ETF,2024-04-15,1393576.86,8080.0,0.5832,7557785.384838001,5.4233,43820.264
510500,南方中证500ETF,2024-04-12,1385496.86,-15400.0,-1.0993,7426955.91803,5.3605,-82551.7
510500,南方中证500ETF,2024-04-11,1400896.86,13360.0,0.9629,7544389.949844,5.3854,71948.944
510500,南方中证500ETF,2024-04-10,1387536.86,-8720.0,-0.6245,7434561.249566,5.358099999999999,-46722.632
510500,南方中证500ETF,2024-04-09,1396256.86,-7120.0,-0.5073,7576648.2251039995,5.426399999999999,-38635.96799999999
510500,南方中证500ETF,2024-04-08,1403376.86,-20440.0,-1.4356,7553675.94895,5.382499999999999,-110018.29999999999
510500,南方中证500ETF,2024-04-03,1423816.86,-29240.0,-2.0123,7774040.0556,5.459999999999999,-159650.39999999997
510500,南方中证500ETF,2024-04-02,1453056.86,-19440.0,-1.3202,7943135.325189999,5.466499999999999,-106268.75999999998
510500,南方中证500ETF,2024-04-01,1472496.86,15680.0,1.0763,8079443.021133999,5.4868999999999994,86034.59199999999
510500,南方中证500ETF,2024-03-29,1456816.86,-7160.0,-0.4891,7822669.4931419995,5.369699999999999,-38447.051999999996
510500,南方中证500ETF,2024-03-28,1463976.86,-8680.0,-0.5894,7768446.809904,5.306399999999999,-46059.55199999999
510500,南方中证500ETF,2024-03-27,1472656.86,-3520.0,-0.2385,7715691.086598,5.239299999999999,-18442.335999999996
510500,南方中证500ETF,2024-03-26,1476176.86,21960.0,1.5101,7924560.237538001,5.3683,117887.86799999999
510500,南方中证500ETF,2024-03-25,1454216.86,-4600.0,-0.3153,7822377.911625999,5.379099999999999,-24743.859999999997
510500,南方中证500ETF,2024-03-22,1458816.86,-6160.0,-0.4205,7979874.105886,5.4700999999999995,-33695.816
510500,南方中证500ETF,2024-03-21,1464976.86,-4600.0,-0.313,8134284.01515,5.5525,-25541.5
510500,南方中证500ETF,2024-03-20,1469576.86,3960.0,0.2702,8200679.751858001,5.5803,22097.988
510500,南方中证500ETF,2024-03-19,1465616.86,-1240.0,-0.0845,8156597.510958,5.5653,-6900.972
510500,南方中证500ETF,2024-03-18,1466856.86,-3360.0,-0.2285,8237868.12576,5.616,-18869.76
510500,南方中证500ETF,2024-03-15,1470216.86,-19920.0,-1.3368,8145736.51283,5.5405,-110366.76
510500,南方中证500ETF,2024-03-14,1490136.86,-5160.0,-0.3451,8163416.760138,5.4783,-28268.028
510500,南方中证500ETF,2024-03-13,1495296.86,-6400.0,-0.4262,8226226.1456039995,5.501399999999999,-35208.96
510500,南方中证500ETF,2024-03-12,1501696.86,15480.0,1.0416,8274349.6986,5.51,85294.8
510500,南方中证500ETF,2024-03-11,1486216.86,4640.0,0.3132,8215360.937022001,5.5277,25648.528000000002
510500,南方中证500ETF,2024-03-08,1481576.86,7680.0,0.5211,8053999.968646001,5.436100000000001,41749.24800000001
510500,南方中证500ETF,2024-03-07,1473896.86,-1200.0,-0.0814,7904951.0292380005,5.3633,-6435.96
510500,南方中证500ETF,2024-03-06,1475096.86,10840.0,0.7403,8019511.589075999,5.436599999999999,58932.74399999999
510500,南方中证500ETF,2024-03-05,1464256.86,77200.0,5.5657,7963068.081738001,5.4383,419836.76
510500,南方中证500ETF,2024-03-04,1387056.86,-25040.0,-1.7732,7594552.425558,5.4753,-137101.512
510500,南方中证500ETF,2024-03-01,1412096.86,-1600.0,-0.1132,7718380.227074001,5.4659,-8745.44
510500,南方中证500ETF,2024-02-29,1413696.86,32560.0,2.3575,7680049.561636,5.4326,176885.456
510500,南方中证500ETF,2024-02-28,1381136.86,17120.0,1.2551,7277900.68377,5.2695,90213.84
510500,南方中证500ETF,2024-02-27,1364016.86,12400.0,0.9174,7356142.925980001,5.393,66873.2
510500,南方中证500ETF,2024-02-26,1351616.86,-1480.0,-0.1094,7135861.21237,5.2795,-7813.66
510500,南方中证500ETF,2024-02-23,1353096.86,-7440.0,-0.5468,7147057.614519999,5.281999999999999,-39298.079999999994
510500,南方中证500ETF,2024-02-22,1360536.86,-5920.0,-0.4332,7157240.205716,5.260599999999999,-31142.751999999997
510500,南方中证500ETF,2024-02-21,1366456.86,-480.0,-0.0351,7137550.762524,5.2234,-2507.232
510500,南方中证500ETF,2024-02-20,1366936.86,-29280.0,-2.0971,7141835.012442,5.2246999999999995,-152979.216
510500,南方中证500ETF,2024-02-19,1396216.86,22840.0,1.6631,7294534.9850699995,5.224499999999999,119327.57999999997
510500,南方中证500ETF,2024-02-08,1373376.86,96720.0,7.576,7189215.849042,5.2347,506300.184
510500,南方中证500ETF,2024-02-07,1276656.86,73040.0,6.0684,6629168.411236,5.1926,379267.50399999996
510500,南方中证500ETF,2024-02-06,1203616.86,63720.0,5.59,5879186.914356,4.8846,311246.712
510500,南方中证500ETF,2024-02-05,1139896.86,307400.0,36.9251,5168976.301356,4.534599999999999,1393936.0399999998
510500,南方中证500ETF,2024-02-02,832496.86,960.0,0.1154,3860537.688878,4.6373,4451.808
510500,南方中证500ETF,2024-02-01,831536.86,11400.0,1.39,3955953.457764,4.7574000000000005,54234.36000000001
510500,南方中证500ETF,2024-01-31,820136.86,21480.0,2.6895,3917465.725476,4.7766,102601.368
510500,南方中证500ETF,2024-01-30,798656.86,2600.0,0.3266,3910862.9120480004,4.896800000000001,12731.680000000002
510500,南方中证500ETF,2024-01-29,796056.86,80.0,0.0101,3989598.165262,5.0117,400.93600000000004
510500,南方中证500ETF,2024-01-26,795976.86,-15200.0,-1.8738,4069431.69675,5.1125,-77710.0
510500,南方中证500ETF,2024-01-25,811176.86,2360.0,0.2918,4185429.244542,5.1597,12176.892
510500,南方中证500ETF,2024-01-24,808816.86,-3680.0,-0.4529,4056135.671214,5.0149,-18454.832
510500,南方中证500ETF,2024-01-23,812496.86,12440.0,1.5549,4019421.9664199995,4.946999999999999,61540.67999999999
510500,南方中证500ETF,2024-01-22,800056.86,10520.0,1.3324,3886596.2201940003,4.857900000000001,51105.10800000001
510500,南方中证500ETF,2024-01-19,789536.86,-11720.0,-1.4627,4028927.6428940003,5.102900000000001,-59805.98800000001
510500,南方中证500ETF,2024-01-18,801256.86,7320.0,0.922,4124950.4409660003,5.1481,37684.092000000004
510500,南方中证500ETF,2024-01-17,793936.86,-6440.0,-0.8046,4086789.98685,5.1475,-33149.9
510500,南方中证500ETF,2024-01-16,800376.86,-1160.0,-0.1447,4224148.954022001,5.277700000000001,-6122.132000000001
510500,南方中证500ETF,2024-01-15,801536.86,1640.0,0.205,4233637.540833999,5.281899999999999,8662.315999999999
510500,南方中证500ETF,2024-01-12,799896.86,-5400.0,-0.6706,4235693.842758,5.2953,-28594.62
510500,南方中证500ETF,2024-01-11,805296.86,5120.0,0.6399,4278622.746866001,5.313100000000001,27203.072000000007
510500,南方中证500ETF,2024-01-10,800176.86,640.0,0.08,4198127.89599,5.2465,3357.76
510500,南方中证500ETF,2024-01-09,799536.86,-3000.0,-0.3738,4212279.993224,5.2684,-15805.199999999999
510500,南方中证500ETF,2024-01-08,802536.86,-8320.0,-1.0261,4217892.975102,5.2557,-43727.424
510500,南方中证500ETF,2024-01-05,810856.86,360.0,0.0444,4356896.080151999,5.3732,1934.3519999999999
510500,南方中证500ETF,2024-01-04,810496.86,-12600.0,-1.5308,4415343.744222,5.4477,-68641.02
510500,南方中证500ETF,2024-01-03,823096.86,-7000.0,-0.8433,4522917.2457,5.495,-38465.0
510500,南方中证500ETF,2024-01-02,830096.86,-16160.0,-1.9096,4568936.127126,5.5041,-88946.25600000001
510500,南方中证500ETF,2023-12-29,846256.86,3520.0,0.4177,4674892.146012001,5.524200000000001,19445.184000000005
510500,南方中证500ETF,2023-12-28,842736.86,9000.0,1.0795,4615501.234848,5.4768,49291.2
510500,南方中证500ETF,2023-12-27,833736.86,-9160.0,-1.0867,4483586.712022,5.3777,-49259.731999999996
510500,南方中证500ETF,2023-12-26,842896.86,920.0,0.1093,4509919.64943,5.3505,4922.46
510500,南方中证500ETF,2023-12-25,841976.86,9080.0,1.0902,4553747.649623999,5.408399999999999,49108.272
510500,南方中证500ETF,2023-12-22,832896.86,9640.0,1.171,4501807.5283,5.405,52104.200000000004
510500,南方中证500ETF,2023-12-21,823256.86,13520.0,1.6697,4472342.89195,5.4325,73447.4
510500,南方中证500ETF,2023-12-20,809736.86,4360.0,0.5414,4375170.201951999,5.403199999999999,23557.951999999997
510500,南方中证500ETF,2023-12-19,805376.86,9520.0,1.1962,4408471.856268,5.4738,52110.576
510500,南方中证500ETF,2023-12-18,795856.86,7560.0,0.959,4361216.007114,5.4799,41428.044
510500,南方中证500ETF,2023-12-15,788296.86,-7280.0,-0.9151,4370633.110583999,5.544399999999999,-40363.23199999999
510500,南方中证500ETF,2023-12-14,795576.86,5600.0,0.7089,4442978.532356,5.584599999999999,31273.759999999995
510500,南方中证500ETF,2023-12-13,789976.86,-960.0,-0.1214,4426319.344266,5.6031,-5378.976000000001
510500,南方中证500ETF,2023-12-12,790936.86,-80.0,-0.0101,4479075.4381800005,5.663000000000001,-453.0400000000001
510500,南方中证500ETF,2023-12-11,791016.86,17680.0,2.2862,4478421.054576,5.6616,100097.088
510500,南方中证500ETF,2023-12-08,773336.86,10080.0,1.3207,4326046.39484,5.594,56387.520000000004
510500,南方中证500ETF,2023-12-07,763256.86,6480.0,0.8563,4257370.439394,5.5779000000000005,36144.792
510500,南方中证500ETF,2023-12-06,756776.86,10720.0,1.4369,4222209.457312,5.5792,59809.024000000005
510500,南方中证500ETF,2023-12-05,746056.86,7080.0,0.9581,4146136.393764,5.5574,39346.392
510500,南方中证500ETF,2023-12-04,738976.86,-4720.0,-0.6347,4180613.7900779997,5.657299999999999,-26702.456
510500,南方中证500ETF,2023-12-01,743696.86,-4960.0,-0.6625,4213191.451272001,5.6652000000000005,-28099.392000000003
510500,南方中证500ETF,2023-11-30,748656.86,-5840.0,-0.774,4224595.795294,5.6429,-32954.536
510500,南方中证500ETF,2023-11-29,754496.86,-3480.0,-0.4591,4263586.306174,5.6509,-19665.132
510500,南方中证500ETF,2023-11-28,757976.86,-8960.0,-1.1683,4311902.963482,5.6887,-50970.752
510500,南方中证500ETF,2023-11-27,766936.86,-4280.0,-0.555,4343776.987668,5.6638,-24241.064000000002
510500,南方中证500ETF,2023-11-24,771216.86,-21480.0,-2.7097,4370485.945619999,5.666999999999999,-121727.15999999997
510500,南方中证500ETF,2023-11-23,792696.86,2680.0,0.3392,4535335.814804,5.7214,15333.352
510500,南方中证500ETF,2023-11-22,790016.86,6560.0,0.8373,4479632.601258,5.6703,37197.168
510500,南方中证500ETF,2023-11-21,783456.86,-760.0,-0.0969,4497512.450516,5.740600000000001,-4362.856000000001
510500,南方中证500ETF,2023-11-20,784216.86,-6040.0,-0.7643,4517089.1136,5.76,-34790.4
510500,南方中证500ETF,2023-11-17,790256.86,-9880.0,-1.2348,4529120.116032,5.731199999999999,-56624.255999999994
510500,南方中证500ETF,2023-11-16,800136.86,5040.0,0.6339,4568061.347426,5.7091,28773.864
510500,南方中证500ETF,2023-11-15,795096.86,-4520.0,-0.5653,4583733.3979,5.765000000000001,-26057.800000000003
510500,南方中证500ETF,2023-11-14,799616.86,-10360.0,-1.279,4582684.186346,5.7311000000000005,-59374.196
510500,南方中证500ETF,2023-11-13,809976.86,-10720.0,-1.3062,4621484.970102,5.7057,-61165.104
510500,南方中证500ETF,2023-11-10,820696.86,-8760.0,-1.0561,4656141.565524,5.6734,-49698.984
510500,南方中证500ETF,2023-11-09,829456.86,-7800.0,-0.9316,4721932.012608,5.6928,-44403.840000000004
510500,南方中证500ETF,2023-11-08,837256.86,-8360.0,-0.9886,4779899.41374,5.709,-47727.24
510500,南方中证500ETF,2023-11-07,845616.86,-9560.0,-1.1179,4830586.31275,5.7124999999999995,-54611.49999999999
510500,南方中证500ETF,2023-11-06,855176.86,-14840.0,-1.7057,4879895.716218,5.706300000000001,-84681.49200000001
510500,南方中证500ETF,2023-11-03,870016.86,10240.0,1.191,4880881.586286,5.6101,57447.424
510500,南方中证500ETF,2023-11-02,859776.86,3840.0,0.4486,4778295.877136,5.557600000000001,21341.184
510500,南方中证500ETF,2023-11-01,855936.86,-1800.0,-0.2099,4801035.441426001,5.609100000000001,-10096.380000000001
510500,南方中证500ETF,2023-10-31,857736.86,-3960.0,-0.4596,4827171.500708,5.6278,-22286.088
510500,南方中证500ETF,2023-10-30,861696.86,-18480.0,-2.0996,4865829.829048,5.646800000000001,-104352.86400000002
510500,南方中证500ETF,2023-10-27,880176.86,-7720.0,-0.8695,4921420.8950040005,5.591400000000001,-43165.60800000001
510500,南方中证500ETF,2023-10-26,887896.86,-6520.0,-0.729,4879259.614758,5.495299999999999,-35829.356
510500,南方中证500ETF,2023-10-25,894416.86,-10080.0,-1.1144,4894964.591408,5.4728,-55165.824
510500,南方中证500ETF,2023-10-24,904496.86,-28600.0,-3.0651,4928422.4907680005,5.4488,-155835.68000000002
510500,南方中证500ETF,2023-10-23,933096.86,-21680.0,-2.2707,5025846.307332,5.3862,-116772.81599999999
510500,南方中证500ETF,2023-10-20,954776.86,-880.0,-0.0921,5273041.642408,5.5228,-4860.064
510500,南方中证500ETF,2023-10-19,955656.86,1240.0,0.1299,5317465.900412001,5.5642000000000005,6899.608
510500,南方中证500ETF,2023-10-18,954416.86,4640.0,0.4885,5368976.604244,5.6254,26101.856
510500,南方中证500ETF,2023-10-17,949776.86,-7480.0,-0.7814,5411163.704478,5.6973,-42615.804000000004
510500,南方中证500ETF,2023-10-16,957256.86,-2800.0,-0.2916,5439803.558322,5.6827000000000005,-15911.560000000001
510500,南方中证500ETF,2023-10-13,960056.86,440.0,0.0459,5507654.194448001,5.736800000000001,2524.1920000000005
510500,南方中证500ETF,2023-10-12,959616.86,-10280.0,-1.0599,5542746.98336,5.776,-59377.28
510500,南方中证500ETF,2023-10-11,969896.86,-20960.0,-2.1153,5561000.636496,5.7336,-120176.256
510500,南方中证500ETF,2023-10-10,990856.86,200.0,0.0202,5681672.320926,5.734100000000001,1146.8200000000002
510500,南方中证500ETF,2023-10-09,990656.86,-4680.0,-0.4702,5708561.090064,5.7624,-26968.032000000003
510500,南方中证500ETF,2023-09-28,995336.86,-10280.0,-1.0223,5769370.575304,5.7964,-59586.992000000006
510500,南方中证500ETF,2023-09-27,1005616.86,19160.0,1.9423,5812968.25923,5.7805,110754.38
510500,南方中证500ETF,2023-09-26,986456.86,11400.0,1.1692,5673902.567348001,5.7518,65570.52
510500,南方中证500ETF,2023-09-25,975056.86,-13800.0,-1.3956,5627540.66749,5.7715,-79646.7
510500,南方中证500ETF,2023-09-22,988856.86,14120.0,1.4486,5739621.872498,5.8043000000000005,81956.716
510500,南方中证500ETF,2023-09-21,974736.86,3800.0,0.3914,5571400.944387999,5.7158,21720.04
510500,南方中证500ETF,2023-09-20,970936.86,17800.0,1.8675,5588324.191416,5.7556,102449.68000000001
510500,南方中证500ETF,2023-09-19,953136.86,6080.0,0.642,5521426.516294001,5.7929,35220.832
510500,南方中证500ETF,2023-09-18,947056.86,46360.0,5.1471,5517079.737930001,5.825500000000001,270070.18000000005
510500,南方中证500ETF,2023-09-15,900696.86,5680.0,0.6346,5232418.268798,5.8093,32996.824
510500,南方中证500ETF,2023-09-14,895016.86,-6040.0,-0.6703,5197452.407706,5.8071,-35074.884
510500,南方中证500ETF,2023-09-13,901056.86,-12400.0,-1.3575,5244871.770688,5.8208,-72177.92
510500,南方中证500ETF,2023-09-12,913456.86,-6320.0,-0.6871,5369390.768766,5.8781,-37149.592
510500,南方中证500ETF,2023-09-11,919776.86,-11920.0,-1.2794,5409943.535148,5.8818,-70111.056
510500,南方中证500ETF,2023-09-08,931696.86,-19760.0,-2.0768,5418189.919644,5.8154,-114912.304
510500,南方中证500ETF,2023-09-07,951456.86,-18480.0,-1.9053,5527488.628169999,5.8095,-107359.56
510500,南方中证500ETF,2023-09-06,969936.86,-800.0,-0.0824,5721754.5308260005,5.899100000000001,-4719.280000000001
510500,南方中证500ETF,2023-09-05,970736.86,-18600.0,-1.88,5724532.337106,5.8971,-109686.06
510500,南方中证500ETF,2023-09-04,989336.86,6960.0,0.7085,5875473.744168,5.9388000000000005,41334.048
510500,南方中证500ETF,2023-09-01,982376.86,-5240.0,-0.5306,5754567.170508,5.8578,-30694.872
510500,南方中证500ETF,2023-08-31,987616.86,1640.0,0.1663,5773805.686932,5.8462000000000005,9587.768
510500,南方中证500ETF,2023-08-30,985976.86,-10800.0,-1.0835,5800600.465066001,5.883100000000001,-63537.48000000001
510500,南方中证500ETF,2023-08-29,996776.86,82400.0,9.0116,5859752.126882,5.8787,484404.88
510500,南方中证500ETF,2023-08-28,914376.86,5000.0,0.5498,5257301.194256,5.7496,28748.0
510500,南方中证500ETF,2023-08-25,909376.86,4680.0,0.5173,5170171.199844,5.6854000000000005,26607.672000000002
510500,南方中证500ETF,2023-08-24,904696.86,-1240.0,-0.1369,5209425.459252,5.7581999999999995,-7140.168
510500,南方中证500ETF,2023-08-23,905936.86,-2240.0,-0.2466,5195547.8921,5.735,-12846.400000000001
510500,南方中证500ETF,2023-08-22,908176.86,-5960.0,-0.652,5310927.459594,5.8479,-34853.484000000004
510500,南方中证500ETF,2023-08-21,914136.86,15840.0,1.7633,5318174.010422,5.817699999999999,92152.36799999999
510500,南方中证500ETF,2023-08-18,898296.86,9280.0,1.0438,5287554.977332,5.8862,54623.935999999994
510500,南方中证500ETF,2023-08-17,889016.86,14960.0,1.7116,5319165.676752,5.9832,89508.672
510500,南方中证500ETF,2023-08-16,874056.86,8680.0,1.003,5193121.428004,5.941400000000001,51571.352000000006
510500,南方中证500ETF,2023-08-15,865376.86,-2280.0,-0.2628,5181963.175366,5.9881,-13652.868
510500,南方中证500ETF,2023-08-14,867656.86,10080.0,1.1754,5228326.706987999,6.025799999999999,60740.06399999999
510500,南方中证500ETF,2023-08-11,857576.86,-4200.0,-0.4874,5165099.670094,6.0229,-25296.18
510500,南方中证500ETF,2023-08-10,861776.86,3320.0,0.3867,5293550.540236,6.1426,20393.432
510500,南方中证500ETF,2023-08-09,858456.86,29920.0,3.6112,5264315.002578,6.1323,183478.416
510500,南方中证500ETF,2023-08-08,828536.86,13720.0,1.6838,5118203.598964,6.1774000000000004,84753.928
510500,南方中证500ETF,2023-08-07,814816.86,28600.0,3.6377,5053738.610778,6.2023,177385.78
510500,南方中证500ETF,2023-08-04,786216.86,1800.0,0.2295,4905993.2064,6.239999999999999,11231.999999999998
510500,南方中证500ETF,2023-08-03,784416.86,-12920.0,-1.6204,4869659.866880001,6.208000000000001,-80207.36000000002
510500,南方中证500ETF,2023-08-02,797336.86,-1960.0,-0.2452,4932804.218076,6.1866,-12125.736
510500,南方中证500ETF,2023-08-01,799296.86,3080.0,0.3868,4962514.484996,6.208600000000001,19122.488
510500,南方中证500ETF,2023-07-31,796216.86,7800.0,0.9893,4934792.854908,6.1978,48342.84
510500,南方中证500ETF,2023-07-28,788416.86,4800.0,0.6125,4849709.789232,6.1512,29525.760000000002
512100,南方中证1000ETF,2026-07-27,941321.76,103200.0,12.3132,2755907.716752,2.9277,302138.64
512100,南方中证1000ETF,2026-07-24,838121.76,-24400.0,-2.8289,2374063.6973759998,2.8326,-69115.43999999999
512100,南方中证1000ETF,2026-07-23,862521.76,-4600.0,-0.5305,2512784.643408,2.9133,-13401.18
512100,南方中证1000ETF,2026-07-22,867121.76,-202200.0,-18.9092,2513265.709184,2.8983999999999996,-586056.48
512100,南方中证1000ETF,2026-07-21,1069321.76,24600.0,2.3547,3142629.720464,2.9389,72296.94
512100,南方中证1000ETF,2026-07-20,1044721.76,70600.0,7.2476,2945906.418848,2.8198,199077.88
512100,南方中证1000ETF,2026-07-17,974121.76,103600.0,11.9009,2827388.4084,2.9025,300699.0
512100,南方中证1000ETF,2026-07-16,870521.76,116000.0,15.374,2689215.820992,3.0892,358347.2
512100,南方中证1000ETF,2026-07-15,754521.76,-8400.0,-1.101,2387231.396464,3.1639,-26576.76
512100,南方中证1000ETF,2026-07-14,762921.76,50800.0,7.1336,2446003.454736,3.2060999999999997,162869.87999999998
512100,南方中证1000ETF,2026-07-13,712121.76,186200.0,35.4045,2244394.150992,3.1517,586846.54
512100,南方中证1000ETF,2026-07-10,525921.76,-64600.0,-10.9395,1745008.39968,3.318,-214342.80000000002
512100,南方中证1000ETF,2026-07-09,590521.76,11600.0,2.0037,1982853.9657279998,3.3577999999999997,38950.479999999996
512100,南方中证1000ETF,2026-07-08,578921.76,105000.0,22.1556,1901815.8737759998,3.2850999999999995,344935.49999999994
512100,南方中证1000ETF,2026-07-07,473921.76,77800.0,19.6404,1591761.0153120002,3.3587000000000002,261306.86000000002
512100,南方中证1000ETF,2026-07-06,396121.76,50800.0,14.7109,1357826.1689280001,3.4278000000000004,174132.24000000002
512100,南方中证1000ETF,2026-07-03,345321.76,5800.0,1.7083,1204344.170176,3.4876,20228.08
512100,南方中证1000ETF,2026-07-02,339521.76,38400.0,12.7523,1184625.372816,3.4890999999999996,133981.43999999997
512100,南方中证1000ETF,2026-07-01,301121.76,-6600.0,-2.1448,1080575.43576,3.5885,-23684.1
512100,南方中证1000ETF,2026-06-30,307721.76,-29200.0,-8.6667,1096135.681296,3.5621,-104013.32
512100,南方中证1000ETF,2026-06-29,336921.76,33200.0,10.9311,1171173.729936,3.4760999999999997,115406.51999999999
512100,南方中证1000ETF,2026-06-26,303721.76,7000.0,2.3591,1056344.28128,3.4779999999999998,24346.0
512100,南方中证1000ETF,2026-06-25,296721.76,-6800.0,-2.2404,1058406.51792,3.5669999999999997,-24255.6
512100,南方中证1000ETF,2026-06-24,303521.76,-17400.0,-5.4219,1078473.517632,3.5531999999999995,-61825.67999999999
512100,南方中证1000ETF,2026-06-23,320921.76,3000.0,0.9436,1125312.15144,3.5064999999999995,10519.499999999998
512100,南方中证1000ETF,2026-06-22,317921.76,-5400.0,-1.6702,1138350.653856,3.5805999999999996,-19335.239999999998
512100,南方中证1000ETF,2026-06-18,323321.76,-1000.0,-0.3083,1145658.324384,3.5433999999999997,-3543.3999999999996
512100,南方中证1000ETF,2026-06-17,324321.76,5200.0,1.6295,1139958.554224,3.5149000000000004,18277.480000000003
512100,南方中证1000ETF,2026-06-16,319121.76,-38600.0,-10.7905,1113862.591104,3.4904,-134729.44
512100,南方中证1000ETF,2026-06-15,357721.76,7000.0,1.9959,1230169.360464,3.4389,24072.3
512100,南方中证1000ETF,2026-06-12,350721.76,20800.0,6.3045,1160818.8812479998,3.3097999999999996,68843.84
512100,南方中证1000ETF,2026-06-11,329921.76,14200.0,4.4976,1083694.005072,3.2847,46642.74
512100,南方中证1000ETF,2026-06-10,315721.76,-6600.0,-2.0476,1041723.94712,3.2995,-21776.7
512100,南方中证1000ETF,2026-06-09,322321.76,-100000.0,-23.6786,1079133.25248,3.348,-334800.0
512100,南方中证1000ETF,2026-06-08,422321.76,86400.0,25.7203,1373559.292224,3.2523999999999997,281007.36
512100,南方中证1000ETF,2026-06-05,335921.76,-9000.0,-2.6093,1127387.0187360002,3.3561000000000005,-30204.900000000005
512100,南方中证1000ETF,2026-06-04,344921.76,-27800.0,-7.4586,1168318.985472,3.3872,-94164.16
512100,南方中证1000ETF,2026-06-03,372721.76,-78600.0,-17.4155,1264234.937744,3.3918999999999997,-266603.33999999997
512100,南方中证1000ETF,2026-06-02,451321.76,7800.0,1.7587,1521495.9173120002,3.3712000000000004,26295.360000000004
512100,南方中证1000ETF,2026-06-01,443521.76,81400.0,22.4786,1487971.1526239999,3.3548999999999998,273088.86
512100,南方中证1000ETF,2026-05-29,362121.76,67800.0,23.036,1224080.185328,3.3803,229184.34
512100,南方中证1000ETF,2026-05-28,294321.76,-11000.0,-3.6028,1022444.362064,3.4739,-38212.9
512100,南方中证1000ETF,2026-05-27,305321.76,-6000.0,-1.9273,1049024.503008,3.4358,-20614.8
512100,南方中证1000ETF,2026-05-26,311321.76,10400.0,3.456,1088038.419024,3.4949,36346.96
512100,南方中证1000ETF,2026-05-25,300921.76,-51400.0,-14.5889,1065654.228688,3.5413,-182022.82
512100,南方中证1000ETF,2026-05-22,352321.76,10800.0,3.1623,1232491.980832,3.4982,37780.560000000005
512100,南方中证1000ETF,2026-05-21,341521.76,37400.0,12.2977,1169609.5714719999,3.4246999999999996,128083.77999999998
512100,南方中证1000ETF,2026-05-20,304121.76,-33400.0,-9.8957,1077047.21304,3.5415,-118286.1
512100,南方中证1000ETF,2026-05-19,337521.76,0.0,0.0,1194759.526048,3.5397999999999996,0.0
512100,南方中证1000ETF,2026-05-18,337521.76,-8800.0,-2.541,1183115.025328,3.5053,-30846.64
512100,南方中证1000ETF,2026-05-15,346321.76,14000.0,4.2128,1208039.563232,3.4882,48834.8
512100,南方中证1000ETF,2026-05-14,332321.76,-27400.0,-7.617,1172331.472752,3.5277,-96658.98
512100,南方中证1000ETF,2026-05-13,359721.76,12200.0,3.5106,1294099.0316,3.5975,43889.5
512100,南方中证1000ETF,2026-05-12,347521.76,-20000.0,-5.4419,1231234.843504,3.5429,-70858.0
512100,南方中证1000ETF,2026-05-11,367521.76,-56600.0,-13.3452,1308340.713424,3.5599,-201490.34
512100,南方中证1000ETF,2026-05-08,424121.76,-39000.0,-8.4211,1488243.25584,3.509,-136851.0
512100,南方中证1000ETF,2026-05-07,463121.76,-11600.0,-2.4435,1619675.731248,3.4972999999999996,-40568.67999999999
512100,南方中证1000ETF,2026-05-06,474721.76,42600.0,9.8583,1633042.8544,3.44,146544.0
512100,南方中证1000ETF,2026-04-30,432121.76,-123800.0,-22.2693,1452836.5692959998,3.3620999999999994,-416227.9799999999
512100,南方中证1000ETF,2026-04-29,555921.76,2200.0,0.3973,1860058.616784,3.3459,7360.98
512100,南方中证1000ETF,2026-04-28,553721.76,-47800.0,-7.9465,1826395.8531840001,3.2984,-157663.52
512100,南方中证1000ETF,2026-04-27,601521.76,-74000.0,-10.9545,2010766.939328,3.3428,-247367.2
512100,南方中证1000ETF,2026-04-24,675521.76,-9800.0,-1.43,2248744.386864,3.3289,-32623.22
512100,南方中证1000ETF,2026-04-23,685321.76,12400.0,1.8427,2296718.814288,3.3513,41556.12
512100,南方中证1000ETF,2026-04-22,672921.76,-20200.0,-2.9144,2287126.477888,3.3988,-68655.76
512100,南方中证1000ETF,2026-04-21,693121.76,-23800.0,-3.3197,2319393.345488,3.3463000000000003,-79641.94
512100,南方中证1000ETF,2026-04-20,716921.76,-25600.0,-3.4477,2400684.205536,3.3486,-85724.15999999999
512100,南方中证1000ETF,2026-04-17,742521.76,-10000.0,-1.3289,2471632.1825119997,3.3286999999999995,-33286.99999999999
512100,南方中证1000ETF,2026-04-16,752521.76,1400.0,0.1864,2482193.02536,3.2984999999999998,4617.9
512100,南方中证1000ETF,2026-04-15,751121.76,7000.0,0.9407,2439192.8034240003,3.2474000000000003,22731.800000000003
512100,南方中证1000ETF,2026-04-14,744121.76,-19400.0,-2.5409,2427325.18112,3.2619999999999996,-63282.79999999999
512100,南方中证1000ETF,2026-04-13,763521.76,-28600.0,-3.6106,2454417.049696,3.2146,-91937.56
512100,南方中证1000ETF,2026-04-10,792121.76,-21400.0,-2.6305,2537878.906864,3.2039,-68563.46
512100,南方中证1000ETF,2026-04-09,813521.76,-64000.0,-7.2933,2581060.487952,3.1727,-203052.8
512100,南方中证1000ETF,2026-04-08,877521.76,95200.0,12.1689,2796398.592592,3.1867,303373.84
512100,南方中证1000ETF,2026-04-07,782321.76,26600.0,3.5198,2383030.313136,3.0461,81026.26
512100,南方中证1000ETF,2026-04-03,755721.76,13800.0,1.86,2280994.988208,3.0183,41652.54
512100,南方中证1000ETF,2026-04-02,741921.76,-23200.0,-3.0322,2264419.403696,3.0521000000000003,-70808.72
512100,南方中证1000ETF,2026-04-01,765121.76,8600.0,1.1368,2378763.5518400003,3.1090000000000004,26737.400000000005
512100,南方中证1000ETF,2026-03-31,756521.76,3800.0,0.5048,2308147.8897599997,3.0509999999999997,11593.8
512100,南方中证1000ETF,2026-03-30,752721.76,-21000.0,-2.7142,2341115.217952,3.1102,-65314.2
512100,南方中证1000ETF,2026-03-27,773721.76,9800.0,1.2829,2399852.7829919998,3.1016999999999997,30396.659999999996
512100,南方中证1000ETF,2026-03-26,763921.76,-18200.0,-2.327,2336531.095136,3.0585999999999998,-55666.52
512100,南方中证1000ETF,2026-03-25,782121.76,-42200.0,-5.1194,2427080.245632,3.1031999999999997,-130955.04
512100,南方中证1000ETF,2026-03-24,824321.76,11200.0,1.3774,2508411.11568,3.0429999999999997,34081.6
512100,南方中证1000ETF,2026-03-23,813121.76,43800.0,5.6933,2411963.076688,2.9663,129923.94
512100,南方中证1000ETF,2026-03-20,769321.76,27400.0,3.6931,2398206.7224479998,3.1172999999999997,85414.01999999999
512100,南方中证1000ETF,2026-03-19,741921.76,-9000.0,-1.1985,2349221.060864,3.1664000000000003,-28497.600000000002
512100,南方中证1000ETF,2026-03-18,750921.76,10000.0,1.3497,2434112.88504,3.2415000000000003,32415.000000000004
512100,南方中证1000ETF,2026-03-17,740921.76,9600.0,1.3127,2378803.402656,3.2106,30821.76
512100,南方中证1000ETF,2026-03-16,731321.76,2600.0,0.3568,2403927.7572959997,3.2870999999999997,8546.46
512100,南方中证1000ETF,2026-03-13,728721.76,5600.0,0.7744,2396401.50776,3.2885,18415.6
512100,南方中证1000ETF,2026-03-12,723121.76,-24400.0,-3.2641,2412912.688768,3.3367999999999998,-81417.92
512100,南方中证1000ETF,2026-03-11,747521.76,-26000.0,-3.3612,2503001.861184,3.3484,-87058.4
512100,南方中证1000ETF,2026-03-10,773521.76,1400.0,0.1813,2586037.948032,3.3432,4680.48
512100,南方中证1000ETF,2026-03-09,772121.76,-6000.0,-0.7711,2535802.2841919996,3.2841999999999993,-19705.199999999997
512100,南方中证1000ETF,2026-03-06,778121.76,-6200.0,-0.7905,2569513.675872,3.3022,-20473.64
512100,南方中证1000ETF,2026-03-05,784321.76,-51200.0,-6.1279,2565202.748256,3.2706000000000004,-167454.72000000003
512100,南方中证1000ETF,2026-03-04,835521.76,9600.0,1.1623,2707675.367632,3.2407,31110.719999999998
512100,南方中证1000ETF,2026-03-03,825921.76,3200.0,0.389,2692835.3063040003,3.2604,10433.28
512100,南方中证1000ETF,2026-03-02,822721.76,-71200.0,-7.9649,2792482.1977919997,3.3941999999999997,-241667.03999999998
512100,南方中证1000ETF,2026-02-27,893921.76,-17600.0,-1.9308,3063916.8324,3.4275,-60324.00000000001
512100,南方中证1000ETF,2026-02-26,911521.76,-94800.0,-9.4204,3098900.527472,3.3997,-322291.56
512100,南方中证1000ETF,2026-02-25,1006321.76,4400.0,0.4392,3395128.353888,3.3737999999999997,14844.72
512100,南方中证1000ETF,2026-02-24,1001921.76,-13200.0,-1.3003,3329786.7771840002,3.3234000000000004,-43868.880000000005
512100,南方中证1000ETF,2026-02-13,1015121.76,-68600.0,-6.33,3335385.566832,3.2857,-225399.02
512100,南方中证1000ETF,2026-02-12,1083721.76,24600.0,2.3227,3608576.716448,3.3298,81913.08
512100,南方中证1000ETF,2026-02-11,1059121.76,15400.0,1.4755,3494678.159296,3.2996,50813.84
512100,南方中证1000ETF,2026-02-10,1043721.76,-10800.0,-1.0242,3448247.950688,3.3038,-35681.04
512100,南方中证1000ETF,2026-02-09,1054521.76,49400.0,4.9148,3476863.694896,3.2971,162876.74
512100,南方中证1000ETF,2026-02-06,1005121.76,16400.0,1.6587,3240713.5785919996,3.2241999999999997,52876.88
512100,南方中证1000ETF,2026-02-05,988721.76,-9600.0,-0.9616,3194164.517856,3.2306,-31013.76
512100,南方中证1000ETF,2026-02-04,998321.76,-44800.0,-4.2948,3279786.4781279997,3.2853,-147181.44
512100,南方中证1000ETF,2026-02-03,1043121.76,20800.0,2.0346,3428219.6642400003,3.2865,68359.2
512100,南方中证1000ETF,2026-02-02,1022321.76,-48800.0,-4.556,3264682.308384,3.1934,-155837.92
512100,南方中证1000ETF,2026-01-30,1071121.76,6000.0,0.5633,3540592.9776800005,3.3055000000000003,19833.000000000004
512100,南方中证1000ETF,2026-01-29,1065121.76,-40800.0,-3.6892,3553459.215712,3.3362000000000003,-136116.96000000002
512100,南方中证1000ETF,2026-01-28,1105921.76,-169400.0,-13.2829,3719436.063232,3.3632,-569726.08
512100,南方中证1000ETF,2026-01-27,1275321.76,-74800.0,-5.5402,4280234.890912,3.3562,-251043.75999999998
512100,南方中证1000ETF,2026-01-26,1350121.76,-244800.0,-15.3487,4521422.762064,3.3488999999999995,-819810.7199999999
512100,南方中证1000ETF,2026-01-23,1594921.76,-96000.0,-5.6774,5410134.102096,3.3920999999999997,-325641.6
512100,南方中证1000ETF,2026-01-22,1690921.76,-151400.0,-8.2179,5625865.787696,3.3271,-503722.94
512100,南方中证1000ETF,2026-01-21,1842321.76,-420400.0,-18.5794,6085925.701983999,3.3034,-1388749.3599999999
512100,南方中证1000ETF,2026-01-20,2262721.76,-112000.0,-4.7163,7414712.935344,3.2769000000000004,-367012.80000000005
512100,南方中证1000ETF,2026-01-19,2374721.76,-158200.0,-6.2458,7861516.38648,3.3105,-523721.10000000003
512100,南方中证1000ETF,2026-01-16,2532921.76,-123000.0,-4.6312,8456159.29576,3.3385000000000002,-410635.50000000006
512100,南方中证1000ETF,2026-01-15,2655921.76,-33600.0,-1.2493,8875028.153216,3.3416000000000006,-112277.76000000002
512100,南方中证1000ETF,2026-01-14,2689521.76,-6400.0,-0.2374,9004787.804655999,3.3481,-21427.84
512100,南方中证1000ETF,2026-01-13,2695921.76,26400.0,0.9889,8968522.918992,3.3267,87824.88
512100,南方中证1000ETF,2026-01-12,2669521.76,40800.0,1.5521,9047276.196816001,3.389100000000001,138275.28000000003
512100,南方中证1000ETF,2026-01-09,2628721.76,58800.0,2.288,8665844.154016001,3.2966000000000006,193840.08000000005
512100,南方中证1000ETF,2026-01-08,2569921.76,-1400.0,-0.0544,8306501.112672,3.2322,-4525.08
512100,南方中证1000ETF,2026-01-07,2571321.76,-30400.0,-1.1685,8243657.56256,3.2060000000000004,-97462.40000000001
512100,南方中证1000ETF,2026-01-06,2601721.76,15000.0,0.5799,8297150.864816001,3.1891000000000007,47836.50000000001
512100,南方中证1000ETF,2026-01-05,2586721.76,21600.0,0.8421,8133170.557792,3.1442,67914.72
512100,南方中证1000ETF,2025-12-31,2565121.76,-18400.0,-0.7122,7899548.972096001,3.0796000000000006,-56664.64000000001
512100,南方中证1000ETF,2025-12-30,2583521.76,9600.0,0.373,7958280.429504,3.0804,29571.84
512100,南方中证1000ETF,2025-12-29,2573921.76,-16800.0,-0.6485,7924847.706864,3.0789000000000004,-51725.520000000004
512100,南方中证1000ETF,2025-12-26,2590721.76,54800.0,2.1609,7989267.763488,3.0838000000000005,168992.24000000002
512100,南方中证1000ETF,2025-12-25,2535921.76,17400.0,0.6909,7793141.160656,3.0731,53471.94
512100,南方中证1000ETF,2025-12-24,2518521.76,10000.0,0.3986,7664365.420032001,3.0432000000000006,30432.000000000007
512100,南方中证1000ETF,2025-12-23,2508521.76,-5200.0,-0.2069,7517538.010367999,2.9968,-15583.359999999999
512100,南方中证1000ETF,2025-12-22,2513721.76,-12400.0,-0.4909,7549460.561808,3.0033000000000003,-37240.920000000006
512100,南方中证1000ETF,2025-12-19,2526121.76,8600.0,0.3416,7506623.422016,2.9716000000000005,25555.760000000006
512100,南方中证1000ETF,2025-12-18,2517521.76,-7000.0,-0.2773,7422157.6528320005,2.9482000000000004,-20637.4
512100,南方中证1000ETF,2025-12-17,2524521.76,11000.0,0.4376,7459204.444272,2.9547000000000003,32501.700000000004
512100,南方中证1000ETF,2025-12-16,2513521.76,5200.0,0.2073,7317364.547711999,2.9112,15138.24
512100,南方中证1000ETF,2025-12-15,2508321.76,-600.0,-0.0239,7432157.37488,2.963,-1777.8
512100,南方中证1000ETF,2025-12-12,2508921.76,30800.0,1.2429,7499919.817167999,2.9893,92070.44
512100,南方中证1000ETF,2025-12-11,2478121.76,-10000.0,-0.4019,7342922.587056,2.9631000000000003,-29631.000000000004
512100,南方中证1000ETF,2025-12-10,2488121.76,-23200.0,-0.9238,7468097.46264,3.0015,-69634.8
512100,南方中证1000ETF,2025-12-09,2511321.76,-3400.0,-0.1352,7507094.1371679995,2.9893,-10163.62
512100,南方中证1000ETF,2025-12-08,2514721.76,-3200.0,-0.1271,7560259.499264,3.0064,-9620.480000000001
512100,南方中证1000ETF,2025-12-05,2517921.76,27200.0,1.0921,7487292.145536,2.9736000000000002,80881.92000000001
512100,南方中证1000ETF,2025-12-04,2490721.76,10200.0,0.4112,7311015.5821279995,2.9353000000000002,29940.06
512100,南方中证1000ETF,2025-12-03,2480521.76,15000.0,0.6084,7280083.3134240005,2.9349000000000003,44023.50000000001
512100,南方中证1000ETF,2025-12-02,2465521.76,-7200.0,-0.2912,7300163.379183999,2.9609,-21318.48
512100,南方中证1000ETF,2025-12-01,2472721.76,-15000.0,-0.603,7394427.1511039995,2.9904,-44856.0
512100,南方中证1000ETF,2025-11-28,2487721.76,-2800.0,-0.1124,7386792.221967999,2.9692999999999996,-8314.039999999999
512100,南方中证1000ETF,2025-11-27,2490521.76,-13600.0,-0.5431,7317900.087408001,2.9383000000000004,-39960.880000000005
512100,南方中证1000ETF,2025-11-26,2504121.76,-18200.0,-0.7216,7348846.129072,2.9347000000000003,-53411.54000000001
512100,南方中证1000ETF,2025-11-25,2522321.76,-52200.0,-2.0276,7403771.062128,2.9353000000000002,-153222.66
512100,南方中证1000ETF,2025-11-24,2574521.76,4200.0,0.1634,7459676.7996,2.8975,12169.5
512100,南方中证1000ETF,2025-11-21,2570321.76,70800.0,2.8325,7355489.780592,2.8617000000000004,202608.36000000002
512100,南方中证1000ETF,2025-11-20,2499521.76,14000.0,0.5633,7427828.814192,2.9717000000000002,41603.8
512100,南方中证1000ETF,2025-11-19,2485521.76,18000.0,0.7295,7432952.82328,2.9905000000000004,53829.00000000001
512100,南方中证1000ETF,2025-11-18,2467521.76,-200.0,-0.0081,7439084.602047999,3.0148,-602.96
512100,南方中证1000ETF,2025-11-17,2467721.76,-11000.0,-0.4438,7514212.7592,3.0450000000000004,-33495.00000000001
512100,南方中证1000ETF,2025-11-14,2478721.76,-10600.0,-0.4258,7528125.857296,3.0371000000000006,-32193.260000000006
512100,南方中证1000ETF,2025-11-13,2489321.76,10600.0,0.4276,7647445.378896001,3.0721000000000007,32564.26000000001
512100,南方中证1000ETF,2025-11-12,2478721.76,12200.0,0.4946,7510279.060624001,3.0299000000000005,36964.780000000006
512100,南方中证1000ETF,2025-11-11,2466521.76,-3400.0,-0.1377,7527331.107167999,3.0518,-10376.12
512100,南方中证1000ETF,2025-11-10,2469921.76,-2400.0,-0.0971,7559936.523008,3.0608000000000004,-7345.920000000001
512100,南方中证1000ETF,2025-11-07,2472321.76,800.0,0.0324,7546267.708048,3.0523000000000002,2441.84
512100,南方中证1000ETF,2025-11-06,2471521.76,-3000.0,-0.1212,7553217.650736,3.0561000000000003,-9168.300000000001
512100,南方中证1000ETF,2025-11-05,2474521.76,5800.0,0.2349,7475530.23696,3.0210000000000004,17521.800000000003
512100,南方中证1000ETF,2025-11-04,2468721.76,-8600.0,-0.3471,7427890.031488,3.0088000000000004,-25875.680000000004
512100,南方中证1000ETF,2025-11-03,2477321.76,-13800.0,-0.554,7557317.761055999,3.0506,-42098.280000000006
512100,南方中证1000ETF,2025-10-31,2491121.76,30600.0,1.2436,7568526.131232001,3.0382000000000007,92968.92000000003
512100,南方中证1000ETF,2025-10-30,2460521.76,-24200.0,-0.974,7453658.5675679995,3.0293,-73309.06
512100,南方中证1000ETF,2025-10-29,2484721.76,15600.0,0.6318,7610951.223056,3.0631000000000004,47784.36000000001
512100,南方中证1000ETF,2025-10-28,2469121.76,2600.0,0.1054,7473290.830992,3.0267000000000004,7869.420000000001
512100,南方中证1000ETF,2025-10-27,2466521.76,-11400.0,-0.4601,7480713.845903999,3.0329,-34575.060000000005
512100,南方中证1000ETF,2025-10-24,2477921.76,5200.0,0.2103,7439216.7078720005,3.0022000000000006,15611.440000000004
512100,南方中证1000ETF,2025-10-23,2472721.76,-6000.0,-0.2421,7311096.427792,2.9567,-17740.2
512100,南方中证1000ETF,2025-10-22,2478721.76,-14200.0,-0.5696,7333794.071311999,2.9587,-42013.54
512100,南方中证1000ETF,2025-10-21,2492921.76,12000.0,0.4837,7407218.425488001,2.9713000000000007,35655.600000000006
512100,南方中证1000ETF,2025-10-20,2480921.76,2800.0,0.113,7265379.374160001,2.9285000000000005,8199.800000000001
512100,南方中证1000ETF,2025-10-17,2478121.76,14800.0,0.6008,7203652.1441440005,2.9069000000000003,43022.12
512100,南方中证1000ETF,2025-10-16,2463321.76,-11200.0,-0.4526,7374692.685088,2.9938000000000002,-33530.560000000005
512100,南方中证1000ETF,2025-10-15,2474521.76,20600.0,0.8395,7489635.010992,3.0267000000000004,62350.02000000001
512100,南方中证1000ETF,2025-10-14,2453921.76,-14400.0,-0.5834,7317103.903967999,2.9818,-42937.92
512100,南方中证1000ETF,2025-10-13,2468321.76,-9600.0,-0.3874,7506660.136511999,3.0412,-29195.52
512100,南方中证1000ETF,2025-10-10,2477921.76,-21800.0,-0.8721,7550723.1870720005,3.0472000000000006,-66428.96
512100,南方中证1000ETF,2025-10-09,2499721.76,-1200.0,-0.048,7732639.292384,3.0934,-3712.08
512100,南方中证1000ETF,2025-09-30,2500921.76,-5400.0,-0.2155,7663074.364816001,3.0641000000000007,-16546.140000000003
512100,南方中证1000ETF,2025-09-29,2506321.76,44000.0,1.7869,7600922.001552001,3.0327000000000006,133438.80000000002
512100,南方中证1000ETF,2025-09-26,2462321.76,-2600.0,-0.1055,7367266.70592,2.992,-7779.2
512100,南方中证1000ETF,2025-09-25,2464921.76,-18000.0,-0.725,7482762.986832,3.0357000000000003,-54642.600000000006
512100,南方中证1000ETF,2025-09-24,2482921.76,17200.0,0.6976,7564221.14184,3.0465,52399.8
512100,南方中证1000ETF,2025-09-23,2465721.76,3400.0,0.1381,7383850.382496,2.9946000000000006,10181.640000000001
512100,南方中证1000ETF,2025-09-22,2462321.76,-8400.0,-0.34,7455417.824928,3.0278,-25433.52
512100,南方中证1000ETF,2025-09-19,2470721.76,-1600.0,-0.0647,7430201.548847999,3.0073,-4811.679999999999
512100,南方中证1000ETF,2025-09-18,2472321.76,-24600.0,-0.9852,7472098.055248,3.0223,-74348.58
512100,南方中证1000ETF,2025-09-17,2496921.76,13400.0,0.5396,7626348.131568,3.0543,40927.62
512100,南方中证1000ETF,2025-09-16,2483521.76,6800.0,0.2746,7513150.028352001,3.0252000000000008,20571.360000000004
512100,南方中证1000ETF,2025-09-15,2476721.76,-24800.0,-0.9914,7424221.147775999,2.9976,-74340.48
512100,南方中证1000ETF,2025-09-12,2501521.76,-16600.0,-0.6592,7506066.193055999,3.0006,-49809.96
512100,南方中证1000ETF,2025-09-11,2518121.76,37800.0,1.524,7532205.808511999,2.9912,113067.36
512100,南方中证1000ETF,2025-09-10,2480321.76,-6000.0,-0.2413,7248492.311424,2.9224000000000006,-17534.400000000005
512100,南方中证1000ETF,2025-09-09,2486321.76,-15400.0,-0.6156,7261054.067903999,2.9204,-44974.159999999996
512100,南方中证1000ETF,2025-09-08,2501721.76,-98600.0,-3.7918,7392337.628624001,2.9549000000000003,-291353.14
512100,南方中证1000ETF,2025-09-05,2600321.76,1200.0,0.0462,7615302.306336,2.9286000000000003,3514.32
512100,南方中证1000ETF,2025-09-04,2599121.76,92600.0,3.6944,7395800.96808,2.8455000000000004,263493.30000000005
512100,南方中证1000ETF,2025-09-03,2506521.76,-6800.0,-0.2706,7300745.9303520005,2.9127000000000005,-19806.360000000004
512100,南方中证1000ETF,2025-09-02,2513321.76,4400.0,0.1754,7428373.793856,2.9556,13004.64
512100,南方中证1000ETF,2025-09-01,2508921.76,-7200.0,-0.2862,7604792.746736,3.0311000000000003,-21823.920000000002
512100,南方中证1000ETF,2025-08-29,2516121.76,-6000.0,-0.2379,7563713.622736,3.0061000000000004,-18036.600000000002
512100,南方中证1000ETF,2025-08-28,2522121.76,-26400.0,-1.0359,7589568.800191999,3.0092,-79442.87999999999
512100,南方中证1000ETF,2025-08-27,2548521.76,-17800.0,-0.6936,7558150.983632001,2.965700000000001,-52789.460000000014
512100,南方中证1000ETF,2025-08-26,2566321.76,-14000.0,-0.5426,7754911.094368,3.0218000000000003,-42305.200000000004
512100,南方中证1000ETF,2025-08-25,2580321.76,-20400.0,-0.7844,7798248.423072,3.0222,-61652.880000000005
512100,南方中证1000ETF,2025-08-22,2600721.76,30000.0,1.167,7739487.885584,2.9759,89277.0
512100,南方中证1000ETF,2025-08-21,2570721.76,-24200.0,-0.9326,7535813.767264,2.9314000000000004,-70939.88
512100,南方中证1000ETF,2025-08-20,2594921.76,14800.0,0.5736,7661247.0042240005,2.9524000000000004,43695.520000000004
512100,南方中证1000ETF,2025-08-19,2580121.76,-22600.0,-0.8683,7552532.415872,2.9272000000000005,-66154.72000000002
512100,南方中证1000ETF,2025-08-18,2602721.76,-600.0,-0.023,7612961.148,2.9250000000000003,-1755.0000000000002
512100,南方中证1000ETF,2025-08-15,2603321.76,21200.0,0.821,7488455.04264,2.8765,60981.8
512100,南方中证1000ETF,2025-08-14,2582121.76,-11200.0,-0.4319,7280292.30232,2.8195,-31578.4
512100,南方中证1000ETF,2025-08-13,2593321.76,28600.0,1.1151,7403414.960448,2.8548,81647.28
512100,南方中证1000ETF,2025-08-12,2564721.76,3800.0,0.1484,7216870.560464,2.8139000000000003,10692.820000000002
512100,南方中证1000ETF,2025-08-11,2560921.76,45200.0,1.7967,7185946.45856,2.8060000000000005,126831.20000000003
512100,南方中证1000ETF,2025-08-08,2515721.76,-7400.0,-0.2933,6951190.795055999,2.7631,-20446.940000000002
512100,南方中证1000ETF,2025-08-07,2523121.76,-26600.0,-1.0433,6995355.0796,2.7725,-73748.5
512100,南方中证1000ETF,2025-08-06,2549721.76,43600.0,1.7397,7068593.635248,2.7723,120872.28
512100,南方中证1000ETF,2025-08-05,2506121.76,-9200.0,-0.3658,6871785.86592,2.742,-25226.4
512100,南方中证1000ETF,2025-08-04,2515321.76,15600.0,0.6241,6848215.023776,2.7226000000000004,42472.560000000005
512100,南方中证1000ETF,2025-08-01,2499721.76,11800.0,0.4743,6735750.254496,2.6946000000000003,31796.280000000002
512100,南方中证1000ETF,2025-07-31,2487921.76,-16000.0,-0.639,6694499.871808,2.6908000000000003,-43052.8
512100,南方中证1000ETF,2025-07-30,2503921.76,5200.0,0.2081,6795643.65664,2.714,14112.8
512100,南方中证1000ETF,2025-07-29,2498721.76,-12800.0,-0.5097,6836252.863183999,2.7359,-35019.52
512100,南方中证1000ETF,2025-07-28,2511521.76,-42600.0,-1.6679,6827320.7523839995,2.7184,-115803.84
512100,南方中证1000ETF,2025-07-25,2554121.76,-16200.0,-0.6303,6919115.847839999,2.7089999999999996,-43885.799999999996
512100,南方中证1000ETF,2025-07-24,2570321.76,44400.0,1.7578,6957346.939967999,2.7068,120181.92
512100,南方中证1000ETF,2025-07-23,2525921.76,18000.0,0.7177,6741179.9930879995,2.6688,48038.4
512100,南方中证1000ETF,2025-07-22,2507921.76,-9400.0,-0.3734,6721982.693328,2.6803,-25194.82
512100,南方中证1000ETF,2025-07-21,2517321.76,-16200.0,-0.6394,6721752.563552,2.6702,-43257.24
512100,南方中证1000ETF,2025-07-18,2533521.76,8000.0,0.3168,6703191.872608,2.6458000000000004,21166.4
512100,南方中证1000ETF,2025-07-17,2525521.76,4000.0,0.1586,6664346.820288,2.6388000000000003,10555.2
512100,南方中证1000ETF,2025-07-16,2521521.76,-8600.0,-0.3399,6578145.967488,2.6088000000000005,-22435.680000000004
512100,南方中证1000ETF,2025-07-15,2530121.76,-16800.0,-0.6596,6580087.661232,2.6007000000000002,-43691.76
512100,南方中证1000ETF,2025-07-14,2546921.76,-32800.0,-1.2715,6643645.41096,2.6085000000000003,-85558.8
512100,南方中证1000ETF,2025-07-11,2579721.76,40600.0,1.599,6727914.35008,2.608,105884.8
512100,南方中证1000ETF,2025-07-10,2539121.76,-8800.0,-0.3454,6564391.486128,2.5853,-22750.640000000003
512100,南方中证1000ETF,2025-07-09,2547921.76,9600.0,0.3782,6570071.0503360005,2.5786000000000002,24754.56
512100,南方中证1000ETF,2025-07-08,2538321.76,30200.0,1.2041,6562323.246128,2.5853,78076.06
512100,南方中证1000ETF,2025-07-07,2508121.76,-2600.0,-0.1036,6401729.980223999,2.5524,-6636.24
512100,南方中证1000ETF,2025-07-04,2510721.76,-2200.0,-0.0875,6393050.817488,2.5463,-5601.86
512100,南方中证1000ETF,2025-07-03,2512921.76,-13200.0,-0.5225,6427551.277728,2.5578000000000003,-33762.96000000001
512100,南方中证1000ETF,2025-07-02,2526121.76,18200.0,0.7257,6426706.369616,2.5441000000000003,46302.62
512100,南方中证1000ETF,2025-07-01,2507921.76,-26400.0,-1.0417,6444857.338848,2.5698000000000003,-67842.72
512100,南方中证1000ETF,2025-06-30,2534321.76,-36200.0,-1.4083,6495213.238704,2.5629,-92776.98
512100,南方中证1000ETF,2025-06-27,2570521.76,-25000.0,-0.9632,6505990.57456,2.531,-63275.0
512100,南方中证1000ETF,2025-06-26,2595521.76,12200.0,0.4723,6537859.761264,2.5189000000000004,30730.580000000005
512100,南方中证1000ETF,2025-06-25,2583321.76,18200.0,0.7095,6534770.724096,2.5296000000000003,46038.72000000001
512100,南方中证1000ETF,2025-06-24,2565121.76,18400.0,0.7225,6402287.400784,2.4959000000000002,45924.560000000005
512100,南方中证1000ETF,2025-06-23,2546721.76,-23400.0,-0.9105,6236157.573712001,2.4487000000000005,-57299.580000000016
512100,南方中证1000ETF,2025-06-20,2570121.76,37400.0,1.4767,6211470.269568,2.4168000000000003,90388.32
512100,南方中证1000ETF,2025-06-19,2532721.76,11600.0,0.4601,6167430.757776001,2.4351000000000003,28247.160000000003
512100,南方中证1000ETF,2025-06-18,2521121.76,-7200.0,-0.2848,6225910.186319999,2.4695,-17780.4
512100,南方中证1000ETF,2025-06-17,2528321.76,-10000.0,-0.394,6248241.5654879995,2.4713,-24713.0
512100,南方中证1000ETF,2025-06-16,2538321.76,11600.0,0.4591,6278031.209008,2.4733,28690.28
512100,南方中证1000ETF,2025-06-13,2526721.76,-9800.0,-0.3864,6207144.675616001,2.4566000000000003,-24074.680000000004
512100,南方中证1000ETF,2025-06-12,2536521.76,-4400.0,-0.1732,6321773.182448001,2.4923000000000006,-10966.120000000003
512100,南方中证1000ETF,2025-06-11,2540921.76,-1600.0,-0.0629,6321813.338880001,2.4880000000000004,-3980.8000000000006
512100,南方中证1000ETF,2025-06-10,2542521.76,-11600.0,-0.4542,6298080.651696,2.4771000000000005,-28734.360000000008
512100,南方中证1000ETF,2025-06-09,2554121.76,17800.0,0.7018,6384538.1634720005,2.4997000000000003,44494.66
512100,南方中证1000ETF,2025-06-06,2536321.76,-7600.0,-0.2988,6272323.71248,2.4730000000000003,-18794.800000000003
512100,南方中证1000ETF,2025-06-05,2543921.76,-11600.0,-0.4539,6302820.552576,2.4776000000000002,-28740.160000000003
512100,南方中证1000ETF,2025-06-04,2555521.76,-11000.0,-0.4286,6284539.112192,2.4592000000000005,-27051.200000000004
512100,南方中证1000ETF,2025-06-03,2566521.76,-7600.0,-0.2952,6255640.137824,2.4374000000000002,-18524.24
512100,南方中证1000ETF,2025-05-30,2574121.76,-53200.0,-2.0249,6228602.422672,2.4197,-128728.04000000001
512100,南方中证1000ETF,2025-05-29,2627321.76,50600.0,1.9637,6421962.577968,2.4443000000000006,123681.58000000003
512100,南方中证1000ETF,2025-05-28,2576721.76,-16600.0,-0.6401,6186708.94576,2.4010000000000002,-39856.600000000006
512100,南方中证1000ETF,2025-05-27,2593321.76,400.0,0.0154,6249905.4416,2.41,964.0
512100,南方中证1000ETF,2025-05-26,2592921.76,5800.0,0.2242,6268388.3548,2.4175,14021.5
512100,南方中证1000ETF,2025-05-23,2587121.76,9600.0,0.3725,6212972.90664,2.4015,23054.4
512100,南方中证1000ETF,2025-05-22,2577521.76,-3000.0,-0.1163,6267501.911616,2.4316000000000004,-7294.800000000001
512100,南方中证1000ETF,2025-05-21,2580521.76,-8600.0,-0.3322,6341116.120848,2.4573,-21132.78
512100,南方中证1000ETF,2025-05-20,2589121.76,-10200.0,-0.3924,6375971.246176,2.4626,-25118.52
512100,南方中证1000ETF,2025-05-19,2599321.76,-12000.0,-0.4595,6347543.737919999,2.4419999999999997,-29303.999999999996
512100,南方中证1000ETF,2025-05-16,2611321.76,-14800.0,-0.5636,6348123.1985599995,2.431,-35978.8
512100,南方中证1000ETF,2025-05-15,2626121.76,-5800.0,-0.2204,6371759.226288,2.4263000000000003,-14072.540000000003
512100,南方中证1000ETF,2025-05-14,2631921.76,3000.0,0.1141,6493477.366272,2.4672,7401.6
512100,南方中证1000ETF,2025-05-13,2628921.76,-34200.0,-1.2842,6475560.079232,2.4632,-84241.44
512100,南方中证1000ETF,2025-05-12,2663121.76,10600.0,0.3996,6576845.498496,2.4696000000000002,26177.760000000002
512100,南方中证1000ETF,2025-05-09,2652521.76,-3800.0,-0.1431,6459951.494304,2.4354000000000005,-9254.520000000002
512100,南方中证1000ETF,2025-05-08,2656321.76,2800.0,0.1055,6549426.931456,2.4656000000000002,6903.68
512100,南方中证1000ETF,2025-05-07,2653521.76,18200.0,0.6906,6491840.98584,2.4465000000000003,44526.3
512100,南方中证1000ETF,2025-05-06,2635321.76,8600.0,0.3274,6438618.124032,2.4432,21011.52
512100,南方中证1000ETF,2025-04-30,2626721.76,-26800.0,-1.01,6257376.576672,2.3822,-63842.96
512100,南方中证1000ETF,2025-04-29,2653521.76,7600.0,0.2872,6270537.271056,2.3631,17959.56
512100,南方中证1000ETF,2025-04-28,2645921.76,-19000.0,-0.713,6223737.163872,2.3522000000000003,-44691.8
512100,南方中证1000ETF,2025-04-25,2664921.76,11600.0,0.4372,6334252.531344,2.3769000000000005,27572.040000000005
512100,南方中证1000ETF,2025-04-24,2653321.76,-14000.0,-0.5249,6286249.913792,2.3692,-33168.8
512100,南方中证1000ETF,2025-04-23,2667321.76,32000.0,1.2143,6387702.150848,2.3948000000000005,76633.60000000002
512100,南方中证1000ETF,2025-04-22,2635321.76,-17200.0,-0.6484,6273646.981856,2.3806000000000003,-40946.32000000001
512100,南方中证1000ETF,2025-04-21,2652521.76,10600.0,0.4012,6317511.075792,2.3817,25246.02
512100,南方中证1000ETF,2025-04-18,2641921.76,-14600.0,-0.5496,6164924.42696,2.3335000000000004,-34069.100000000006
512100,南方中证1000ETF,2025-04-17,2656521.76,23400.0,0.8887,6206963.09224,2.3365000000000005,54674.10000000001
512100,南方中证1000ETF,2025-04-16,2633121.76,50200.0,1.9435,6146759.436544,2.3344000000000005,117186.88000000002
512100,南方中证1000ETF,2025-04-15,2582921.76,16600.0,0.6468,6110934.591984,2.3659000000000003,39273.94
512100,南方中证1000ETF,2025-04-14,2566321.76,-36800.0,-1.4137,6096553.973056,2.3756,-87422.08
512100,南方中证1000ETF,2025-04-11,2603121.76,-8400.0,-0.3217,6105361.775904,2.3454,-19701.36
512100,南方中证1000ETF,2025-04-10,2611521.76,-29400.0,-1.1132,6043844.809168,2.3143000000000002,-68040.42000000001
512100,南方中证1000ETF,2025-04-09,2640921.76,2600.0,0.0985,5971652.283712001,2.2612000000000005,5879.120000000002
512100,南方中证1000ETF,2025-04-08,2638321.76,506400.0,23.7532,5835440.068768,2.2118,1120055.52
512100,南方中证1000ETF,2025-04-07,2131921.76,99400.0,4.8905,4690227.872,2.2000000000000006,218680.00000000006
512100,南方中证1000ETF,2025-04-03,2032521.76,7200.0,0.3555,5045532.017024,2.4824,17873.280000000002
512100,南方中证1000ETF,2025-04-02,2025321.76,5400.0,0.2673,5087405.728944,2.5119,13564.259999999998
512100,南方中证1000ETF,2025-04-01,2019921.76,-44600.0,-2.1603,5059298.032272,2.5046999999999997,-111709.61999999998
512100,南方中证1000ETF,2025-03-31,2064521.76,28600.0,1.4048,5143755.96504,2.4915000000000003,71256.90000000001
512100,南方中证1000ETF,2025-03-28,2035921.76,-13800.0,-0.6733,5106702.550608,2.5082999999999998,-34614.53999999999
512100,南方中证1000ETF,2025-03-27,2049721.76,3200.0,0.1564,5190920.3572,2.5325,8104.000000000001
512100,南方中证1000ETF,2025-03-26,2046521.76,10000.0,0.491,5187523.357248001,2.5348,25348.0
512100,南方中证1000ETF,2025-03-25,2036521.76,-25000.0,-1.2127,5142217.444,2.525,-63125.0
512100,南方中证1000ETF,2025-03-24,2061521.76,14200.0,0.6936,5245335.966144,2.5444,36130.48
512100,南方中证1000ETF,2025-03-21,2047321.76,2200.0,0.1076,5246671.474351999,2.5626999999999995,5637.939999999999
512100,南方中证1000ETF,2025-03-20,2045121.76,-14800.0,-0.7185,5347379.865872,2.6147,-38697.56
512100,南方中证1000ETF,2025-03-19,2059921.76,-12000.0,-0.5792,5410178.510464,2.6264,-31516.8
512100,南方中证1000ETF,2025-03-18,2071921.76,1000.0,0.0483,5480854.631728,2.6453,2645.3
512100,南方中证1000ETF,2025-03-17,2070921.76,-57000.0,-2.6787,5459571.035887999,2.6363,-150269.1
512100,南方中证1000ETF,2025-03-14,2127921.76,42200.0,2.0233,5594731.891392,2.6292000000000004,110952.24000000002
512100,南方中证1000ETF,2025-03-13,2085721.76,14200.0,0.6855,5395762.19312,2.5869999999999997,36735.399999999994
512100,南方中证1000ETF,2025-03-12,2071521.76,1200.0,0.058,5442509.1200480005,2.6273000000000004,3152.7600000000007
512100,南方中证1000ETF,2025-03-11,2070321.76,9200.0,0.4464,5425485.204256,2.6206,24109.52
512100,南方中证1000ETF,2025-03-10,2061121.76,-42400.0,-2.0157,5375611.662256,2.6081,-110583.43999999999
512100,南方中证1000ETF,2025-03-07,2103521.76,-12600.0,-0.5954,5475887.845632,2.6032,-32800.32
512100,南方中证1000ETF,2025-03-06,2116121.76,23400.0,1.1182,5532177.117168,2.6143,61174.62
512100,南方中证1000ETF,2025-03-05,2092721.76,-31000.0,-1.4597,5355484.256016,2.5591,-79332.09999999999
512100,南方中证1000ETF,2025-03-04,2123721.76,-18600.0,-0.8682,5400836.807856,2.5431000000000004,-47301.66
512100,南方中证1000ETF,2025-03-03,2142321.76,-13200.0,-0.6124,5376799.153248,2.5098000000000003,-33129.36
512100,南方中证1000ETF,2025-02-28,2155521.76,97400.0,4.7325,5407341.887136,2.5086000000000004,244337.64000000004
512100,南方中证1000ETF,2025-02-27,2058121.76,6600.0,0.3217,5349881.702944,2.5994,17156.04
512100,南方中证1000ETF,2025-02-26,2051521.76,-5800.0,-0.2819,5353446.03272,2.6094999999999997,-15135.099999999999
512100,南方中证1000ETF,2025-02-25,2057321.76,-13400.0,-0.6471,5296163.406768,2.5743,-34495.62
512100,南方中证1000ETF,2025-02-24,2070721.76,-48000.0,-2.2655,5353644.038304,2.5854,-124099.2
512100,南方中证1000ETF,2025-02-21,2118721.76,20400.0,0.9722,5466725.885152,2.5802000000000005,52636.08000000001
512100,南方中证1000ETF,2025-02-20,2098321.76,-52200.0,-2.4273,5317357.172016,2.5341000000000005,-132280.02000000002
512100,南方中证1000ETF,2025-02-19,2150521.76,-18000.0,-0.8301,5410282.643808,2.5158,-45284.4
512100,南方中证1000ETF,2025-02-18,2168521.76,38600.0,1.8123,5328925.373024,2.4574000000000003,94855.64000000001
512100,南方中证1000ETF,2025-02-17,2129921.76,-126000.0,-5.5853,5352280.390704,2.5129000000000006,-316625.4000000001
512100,南方中证1000ETF,2025-02-14,2255921.76,23000.0,1.03,5640029.992176,2.5001,57502.3
512100,南方中证1000ETF,2025-02-13,2232921.76,2200.0,0.0986,5550373.618832,2.4857,5468.54
512100,南方中证1000ETF,2025-02-12,2230721.76,-4600.0,-0.2058,5608480.648992,2.5142,-11565.320000000002
512100,南方中证1000ETF,2025-02-11,2235321.76,-24600.0,-1.0885,5535997.870816001,2.4766000000000004,-60924.36000000001
512100,南方中证1000ETF,2025-02-10,2259921.76,-91000.0,-3.8708,5615453.589248001,2.4848000000000003,-226116.80000000002
512100,南方中证1000ETF,2025-02-07,2350921.76,61400.0,2.6818,5769397.091216001,2.4541000000000004,150681.74000000002
512100,南方中证1000ETF,2025-02-06,2289521.76,6200.0,0.2715,5534460.950448,2.4173,14987.26
512100,南方中证1000ETF,2025-02-05,2283321.76,400.0,0.0175,5372884.433456,2.3531000000000004,941.2400000000001
512100,南方中证1000ETF,2025-01-27,2282921.76,-37800.0,-1.6288,5340210.580992,2.3392000000000004,-88421.76000000001
512100,南方中证1000ETF,2025-01-24,2320721.76,86400.0,3.8669,5513802.829584,2.3759,205277.76
512100,南方中证1000ETF,2025-01-23,2234321.76,27000.0,1.2232,5210661.776496,2.3321,62966.700000000004
512100,南方中证1000ETF,2025-01-22,2207321.76,-4800.0,-0.217,5170871.954976,2.3426,-11244.48
512100,南方中证1000ETF,2025-01-21,2212121.76,-31600.0,-1.4084,5227464.931055999,2.3630999999999998,-74673.95999999999
512100,南方中证1000ETF,2025-01-20,2243721.76,6600.0,0.295,5276560.462991999,2.3517,15521.220000000001
512100,南方中证1000ETF,2025-01-17,2237121.76,10800.0,0.4851,5227482.416592,2.3367000000000004,25236.360000000004
512100,南方中证1000ETF,2025-01-16,2226321.76,-1200.0,-0.0539,5165957.011904,2.3204000000000002,-2784.4800000000005
512100,南方中证1000ETF,2025-01-15,2227521.76,-57200.0,-2.5036,5145798.017776,2.3101000000000003,-132137.72
512100,南方中证1000ETF,2025-01-14,2284721.76,88000.0,4.006,5394456.547536,2.3611,207776.8
512100,南方中证1000ETF,2025-01-13,2196721.76,49000.0,2.2815,4962174.783664,2.2589,110686.1
512100,南方中证1000ETF,2025-01-10,2147721.76,400.0,0.0186,4839676.213984,2.2534,901.36
512100,南方中证1000ETF,2025-01-09,2147321.76,-64400.0,-2.9118,4949147.192448,2.3048000000000006,-148429.12000000005
512100,南方中证1000ETF,2025-01-08,2211721.76,-81200.0,-3.5413,5088065.90888,2.3005000000000004,-186800.60000000003
512100,南方中证1000ETF,2025-01-07,2292921.76,-81600.0,-3.4365,5302610.862176,2.3126,-188708.16
512100,南方中证1000ETF,2025-01-06,2374521.76,13600.0,0.576,5410585.282336,2.2786000000000004,30988.960000000006
512100,南方中证1000ETF,2025-01-03,2360921.76,115800.0,5.1578,5396594.959008,2.2858,264695.64
512100,南方中证1000ETF,2025-01-02,2245121.76,19800.0,0.8898,5288159.793504,2.3554,46636.92
512100,南方中证1000ETF,2024-12-31,2225321.76,-42400.0,-1.8697,5387281.448783999,2.4209,-102646.16
512100,南方中证1000ETF,2024-12-30,2267721.76,-8200.0,-0.3603,5663181.551248,2.4973,-20477.86
512100,南方中证1000ETF,2024-12-27,2275921.76,12200.0,0.5389,5707328.997552,2.5077000000000003,30593.940000000002
512100,南方中证1000ETF,2024-12-26,2263721.76,-13800.0,-0.6059,5666548.309632,2.5032,-34544.16
512100,南方中证1000ETF,2024-12-25,2277521.76,58000.0,2.6132,5640054.886464,2.4764,143631.19999999998
512100,南方中证1000ETF,2024-12-24,2219521.76,11800.0,0.5345,5558792.24792,2.5045,29553.100000000002
512100,南方中证1000ETF,2024-12-23,2207721.76,36000.0,1.6577,5468747.571696,2.4771000000000005,89175.60000000002
512100,南方中证1000ETF,2024-12-20,2171721.76,-6000.0,-0.2755,5534198.561008,2.5483000000000002,-15289.800000000001
512100,南方中证1000ETF,2024-12-19,2177721.76,-9200.0,-0.4207,5492649.823072,2.5222000000000007,-23204.240000000005
512100,南方中证1000ETF,2024-12-18,2186921.76,-18000.0,-0.8164,5506012.915151999,2.5177,-45318.6
512100,南方中证1000ETF,2024-12-17,2204921.76,50200.0,2.3298,5505248.650368,2.4968000000000004,125339.36000000002
512100,南方中证1000ETF,2024-12-16,2154721.76,-23000.0,-1.0561,5496479.7375839995,2.5509,-58670.7
512100,南方中证1000ETF,2024-12-13,2177721.76,-100800.0,-4.4239,5625055.3060800005,2.5830000000000006,-260366.40000000005
512100,南方中证1000ETF,2024-12-12,2278521.76,-24000.0,-1.0423,6005727.655008,2.6358000000000006,-63259.20000000001
512100,南方中证1000ETF,2024-12-11,2302521.76,-31200.0,-1.3369,6027541.463328,2.6178000000000003,-81675.36000000002
512100,南方中证1000ETF,2024-12-10,2333721.76,136600.0,6.2172,6028470.050432,2.5832,352865.12
512100,南方中证1000ETF,2024-12-09,2197121.76,-57600.0,-2.5546,5622214.871664,2.5589,-147392.63999999998
512100,南方中证1000ETF,2024-12-06,2254721.76,47600.0,2.1567,5812447.225104,2.5779000000000005,122708.04000000002
512100,南方中证1000ETF,2024-12-05,2207121.76,42000.0,1.9398,5632354.019344,2.5519000000000003,107179.80000000002
512100,南方中证1000ETF,2024-12-04,2165121.76,-68400.0,-3.0624,5454158.225616001,2.5191000000000003,-172306.44000000003
512100,南方中证1000ETF,2024-12-03,2233521.76,-31800.0,-1.4038,5715805.536016,2.5591000000000004,-81379.38
512100,南方中证1000ETF,2024-12-02,2265321.76,-15600.0,-0.6839,5807605.396112001,2.5637000000000003,-39993.72000000001
512100,南方中证1000ETF,2024-11-29,2280921.76,99600.0,4.566,5733096.84376,2.5135,250344.6
512100,南方中证1000ETF,2024-11-28,2181321.76,-48400.0,-2.1707,5390918.597664,2.4714,-119615.76
512100,南方中证1000ETF,2024-11-27,2229721.76,88200.0,4.1186,5539297.768368,2.4843,219115.26
512100,南方中证1000ETF,2024-11-26,2141521.76,-13000.0,-0.6034,5201970.507216,2.4291,-31578.3
512100,南方中证1000ETF,2024-11-25,2154521.76,-3400.0,-0.1576,5293444.512144,2.4569000000000005,-8353.460000000001
512100,南方中证1000ETF,2024-11-22,2157921.76,-27800.0,-1.2719,5284534.598064,2.4489,-68079.42
512100,南方中证1000ETF,2024-11-21,2185721.76,-17200.0,-0.7808,5556541.858272,2.5422000000000002,-43725.840000000004
512100,南方中证1000ETF,2024-11-20,2202921.76,-105200.0,-4.5578,5590134.258176,2.5376000000000003,-266955.52
512100,南方中证1000ETF,2024-11-19,2308121.76,-10600.0,-0.4571,5744684.2484639995,2.4889,-26382.34
512100,南方中证1000ETF,2024-11-18,2318721.76,-800.0,-0.0345,5624987.117583999,2.4259,-1940.72
512100,南方中证1000ETF,2024-11-15,2319521.76,48600.0,2.1401,5771665.995408,2.4883000000000006,120931.38000000003
512100,南方中证1000ETF,2024-11-14,2270921.76,30000.0,1.3387,5785173.1836,2.5475000000000003,76425.00000000001
512100,南方中证1000ETF,2024-11-13,2240921.76,-18400.0,-0.8144,5890935.122688,2.6288000000000005,-48369.920000000006
512100,南方中证1000ETF,2024-11-12,2259321.76,-32400.0,-1.4138,5953538.769776001,2.6351000000000004,-85377.24000000002
512100,南方中证1000ETF,2024-11-11,2291721.76,-125000.0,-5.1723,6120730.476608,2.6708000000000003,-333850.00000000006
512100,南方中证1000ETF,2024-11-08,2416721.76,-49000.0,-1.9872,6301118.644848,2.6073000000000004,-127757.70000000003
512100,南方中证1000ETF,2024-11-07,2465721.76,-5400.0,-0.2185,6409643.71512,2.5995000000000004,-14037.300000000001
512100,南方中证1000ETF,2024-11-06,2471121.76,-51200.0,-2.0299,6314210.321152,2.5552,-130826.24
512100,南方中证1000ETF,2024-11-05,2522321.76,141600.0,5.9478,6419308.8792,2.5450000000000004,360372.00000000006
512100,南方中证1000ETF,2024-11-04,2380721.76,-2600.0,-0.1091,5851814.086080001,2.4580000000000006,-6390.800000000002
512100,南方中证1000ETF,2024-11-01,2383321.76,-23800.0,-0.9887,5739515.462432,2.4082000000000003,-57315.16000000001
512100,南方中证1000ETF,2024-10-31,2407121.76,-24400.0,-1.0035,5979531.164016,2.4841,-60612.04000000001
512100,南方中证1000ETF,2024-10-30,2431521.76,-45200.0,-1.825,5943611.790144,2.4444000000000004,-110486.88000000002
512100,南方中证1000ETF,2024-10-29,2476721.76,-137800.0,-5.2706,6020415.254208,2.4308000000000005,-334964.24000000005
512100,南方中证1000ETF,2024-10-28,2614521.76,-32600.0,-1.2315,6460483.26896,2.471,-80554.6
512100,南方中证1000ETF,2024-10-25,2647121.76,81400.0,3.1726,6427211.633280001,2.4280000000000004,197639.20000000004
512100,南方中证1000ETF,2024-10-24,2565721.76,-28600.0,-1.1024,6111549.2323199995,2.382,-68125.2
512100,南方中证1000ETF,2024-10-23,2594321.76,3000.0,0.1158,6224556.198768,2.3993,7197.900000000001
512100,南方中证1000ETF,2024-10-22,2591321.76,-112800.0,-4.1714,6202069.500383999,2.3933999999999997,-269975.51999999996
512100,南方中证1000ETF,2024-10-21,2704121.76,-97200.0,-3.4698,6442029.268848,2.3823000000000003,-231559.56000000003
512100,南方中证1000ETF,2024-10-18,2801321.76,262000.0,10.3177,6548930.010528,2.3378,612503.6
512100,南方中证1000ETF,2024-10-17,2539321.76,-104400.0,-3.949,5682240.302352,2.2377000000000002,-233615.88000000003
512100,南方中证1000ETF,2024-10-16,2643721.76,6200.0,0.2351,5934890.979024,2.2449,13918.38
512100,南方中证1000ETF,2024-10-15,2637521.76,-195600.0,-6.904,5904092.45976,2.2385,-437850.60000000003
512100,南方中证1000ETF,2024-10-14,2833121.76,-96000.0,-3.2774,6466317.105024,2.2824,-219110.4
512100,南方中证1000ETF,2024-10-11,2929121.76,-128600.0,-4.2057,6449633.2033440005,2.2019,-283164.34
512100,南方中证1000ETF,2024-10-10,3057721.76,-63400.0,-2.0313,7029702.326239999,2.299,-145756.6
512100,南方中证1000ETF,2024-10-09,3121121.76,-24400.0,-0.7757,7266595.681632001,2.3282000000000003,-56808.08000000001
512100,南方中证1000ETF,2024-10-08,3145521.76,124600.0,4.1246,7930804.013488,2.5213,314153.98000000004
512100,南方中证1000ETF,2024-09-30,3020921.76,489800.0,19.3511,7015788.695424001,2.3224000000000005,1137511.5200000003
512100,南方中证1000ETF,2024-09-27,2531121.76,50000.0,2.0152,5290297.5905760005,2.0901000000000005,104505.00000000003
512100,南方中证1000ETF,2024-09-26,2481121.76,164200.0,7.087,4917831.4404959995,1.9821,325460.82
512100,南方中证1000ETF,2024-09-25,2316921.76,-13400.0,-0.575,4415357.798032,1.9057000000000002,-25536.38
512100,南方中证1000ETF,2024-09-24,2330321.76,153400.0,7.0466,4398948.386352,1.8877000000000002,289573.18000000005
512100,南方中证1000ETF,2024-09-23,2176921.76,3400.0,0.1564,3955684.530096,1.8171000000000002,6178.14
512100,南方中证1000ETF,2024-09-20,2173521.76,21600.0,1.0038,3944507.2900480004,1.8148000000000004,39199.68000000001
512100,南方中证1000ETF,2024-09-19,2151921.76,41800.0,1.9809,3922092.5997760003,1.8226000000000002,76184.68000000001
512100,南方中证1000ETF,2024-09-18,2110121.76,3400.0,0.1614,3774585.804288,1.7888000000000002,6081.920000000001
512100,南方中证1000ETF,2024-09-13,2106721.76,38800.0,1.8763,3781354.887024,1.7949000000000002,69642.12000000001
512100,南方中证1000ETF,2024-09-12,2067921.76,22000.0,1.0753,3758241.0066239997,1.8174,39982.799999999996
512100,南方中证1000ETF,2024-09-11,2045921.76,37200.0,1.8519,3731965.8824160006,1.8241000000000003,67856.52
512100,南方中证1000ETF,2024-09-10,2008721.76,200.0,0.01,3665515.4676480005,1.8248000000000002,364.96000000000004
512100,南方中证1000ETF,2024-09-09,2008521.76,6800.0,0.3397,3655107.8988480004,1.8198000000000003,12374.640000000001
512100,南方中证1000ETF,2024-09-06,2001721.76,-28600.0,-1.4086,3669356.158256,1.8331,-52426.659999999996
512100,南方中证1000ETF,2024-09-05,2030321.76,800.0,0.0394,3786550.0824,1.865,1492.0
512100,南方中证1000ETF,2024-09-04,2029521.76,-2800.0,-0.1378,3755427.064704,1.8504,-5181.12
512100,南方中证1000ETF,2024-09-03,2032321.76,-46000.0,-2.2133,3777882.919664,1.8589,-85509.4
512100,南方中证1000ETF,2024-09-02,2078321.76,-46600.0,-2.193,3830347.00368,1.843,-85883.8
512100,南方中证1000ETF,2024-08-30,2124921.76,84400.0,4.1362,4000165.2132,1.8825000000000003,158883.00000000003
512100,南方中证1000ETF,2024-08-29,2040521.76,31000.0,1.5427,3768843.69072,1.847,57257.0
512100,南方中证1000ETF,2024-08-28,2009521.76,51800.0,2.6459,3652707.7031519995,1.8176999999999996,94156.85999999999
512100,南方中证1000ETF,2024-08-27,1957721.76,53200.0,2.7934,3549936.8674080004,1.8133000000000001,96467.56000000001
512100,南方中证1000ETF,2024-08-26,1904521.76,16400.0,0.8686,3494226.073072,1.8347,30089.08
512100,南方中证1000ETF,2024-08-23,1888121.76,26200.0,1.4071,3449220.831168,1.8268,47862.159999999996
512100,南方中证1000ETF,2024-08-22,1861921.76,20800.0,1.1297,3398751.980704,1.8254000000000001,37968.32
512100,南方中证1000ETF,2024-08-21,1841121.76,13600.0,0.7442,3402577.124656,1.8481,25134.16
512100,南方中证1000ETF,2024-08-20,1827521.76,8000.0,0.4397,3400286.986656,1.8606,14884.800000000001
512100,南方中证1000ETF,2024-08-19,1819521.76,4200.0,0.2314,3447811.783024,1.8949,7958.58
512100,南方中证1000ETF,2024-08-16,1815321.76,-9600.0,-0.526,3434044.1733919997,1.8916999999999997,-18160.319999999996
512100,南方中证1000ETF,2024-08-15,1824921.76,36200.0,2.0238,3478483.366736,1.9061,69000.81999999999
512100,南方中证1000ETF,2024-08-14,1788721.76,-4800.0,-0.2676,3378716.532464,1.8889,-9066.72
512100,南方中证1000ETF,2024-08-13,1793521.76,19000.0,1.0707,3422218.870256,1.9081000000000001,36253.9
512100,南方中证1000ETF,2024-08-12,1774521.76,-1200.0,-0.0676,3368752.109184,1.8984,-2278.08
512100,南方中证1000ETF,2024-08-09,1775721.76,-13000.0,-0.7268,3391983.705952,1.9102,-24832.6
512100,南方中证1000ETF,2024-08-08,1788721.76,12600.0,0.7094,3443647.1323519996,1.9251999999999998,24257.519999999997
512100,南方中证1000ETF,2024-08-07,1776121.76,-35000.0,-1.9325,3422231.407168,1.9268,-67438.0
512100,南方中证1000ETF,2024-08-06,1811121.76,-8200.0,-0.4507,3493834.9872160004,1.9291000000000003,-15818.620000000003
512100,南方中证1000ETF,2024-08-05,1819321.76,-12400.0,-0.677,3457439.072704,1.9003999999999999,-23564.96
512100,南方中证1000ETF,2024-08-02,1831721.76,-5200.0,-0.2831,3578817.9746879996,1.9537999999999998,-10159.759999999998
512100,南方中证1000ETF,2024-08-01,1836921.76,20200.0,1.1119,3640227.851792,1.9816999999999998,40030.34
512100,南方中证1000ETF,2024-07-31,1816721.76,129200.0,7.6562,3608191.087536,1.9861000000000002,256604.12000000002
512100,南方中证1000ETF,2024-07-30,1687521.76,-2400.0,-0.142,3222829.057248,1.9098,-4583.5199999999995
512100,南方中证1000ETF,2024-07-29,1689921.76,-5400.0,-0.3185,3215752.117104,1.9029,-10275.66
512100,南方中证1000ETF,2024-07-26,1695321.76,9000.0,0.5337,3237725.497248,1.9098,17188.2
512100,南方中证1000ETF,2024-07-25,1686321.76,22200.0,1.334,3172477.127088,1.8813,41764.86
512100,南方中证1000ETF,2024-07-24,1664121.76,17400.0,1.0566,3129214.557504,1.8804,32718.960000000003
512100,南方中证1000ETF,2024-07-23,1646721.76,-8600.0,-0.5195,3139310.363264,1.9064,-16395.04
512100,南方中证1000ETF,2024-07-22,1655321.76,4800.0,0.2908,3244265.117424,1.9599,9407.52
512100,南方中证1000ETF,2024-07-19,1650521.76,31800.0,1.9645,3231226.449552,1.9577,62254.86
512100,南方中证1000ETF,2024-07-18,1618721.76,111800.0,7.4191,3162011.085984,1.9534,218390.12
512100,南方中证1000ETF,2024-07-17,1506921.76,129800.0,9.4255,2932921.821488,1.9463,252629.74
512100,南方中证1000ETF,2024-07-16,1377121.76,32200.0,2.3942,2702463.741824,1.9624000000000001,63189.280000000006
512100,南方中证1000ETF,2024-07-15,1344921.76,43000.0,3.3028,2634029.2669599997,1.9584999999999997,84215.49999999999
512100,南方中证1000ETF,2024-07-12,1301921.76,1000.0,0.0769,2576503.16304,1.979,1979.0
512100,南方中证1000ETF,2024-07-11,1300921.76,15600.0,1.2137,2582459.785776,1.9851,30967.56
512100,南方中证1000ETF,2024-07-10,1285321.76,-600.0,-0.0467,2490825.038704,1.9379,-1162.74
512100,南方中证1000ETF,2024-07-09,1285921.76,72600.0,5.9836,2501503.599728,1.9452999999999998,141228.78
512100,南方中证1000ETF,2024-07-08,1213321.76,-10000.0,-0.8174,2309072.641456,1.9031,-19031.0
512100,南方中证1000ETF,2024-07-05,1223321.76,27600.0,2.3082,2386578.421584,1.9508999999999999,53844.84
512100,南方中证1000ETF,2024-07-04,1195721.76,12800.0,1.0821,2308221.2855040003,1.9304000000000001,24709.120000000003
512100,南方中证1000ETF,2024-07-03,1182921.76,4800.0,0.4074,2333904.63248,1.973,9470.4
512100,南方中证1000ETF,2024-07-02,1178121.76,-20000.0,-1.6693,2342577.307584,1.9883999999999997,-39767.99999999999
512100,南方中证1000ETF,2024-07-01,1198121.76,-17600.0,-1.4477,2399598.260928,2.0027999999999997,-35249.27999999999
512100,南方中证1000ETF,2024-06-28,1215721.76,26800.0,2.2541,2413086.1214240002,1.9849,53195.32
512100,南方中证1000ETF,2024-06-27,1188921.76,-11400.0,-0.9497,2343840.357664,1.9713999999999998,-22473.96
512100,南方中证1000ETF,2024-06-26,1200321.76,19200.0,1.6256,2424529.923024,2.0199000000000003,38782.08
512100,南方中证1000ETF,2024-06-25,1181121.76,12800.0,1.0956,2318896.351408,1.9633,25130.24
512100,南方中证1000ETF,2024-06-24,1168321.76,4800.0,0.4125,2312692.92392,1.9795,9501.6
512100,南方中证1000ETF,2024-06-21,1163521.76,-1600.0,-0.1373,2381729.0427200003,2.047,-3275.2000000000003
512100,南方中证1000ETF,2024-06-20,1165121.76,-17600.0,-1.4881,2384538.194016,2.0465999999999998,-36020.159999999996
512100,南方中证1000ETF,2024-06-19,1182721.76,-26000.0,-2.151,2468931.674,2.0875,-54275.0
512100,南方中证1000ETF,2024-06-18,1208721.76,46800.0,4.0278,2555237.80064,2.114,98935.2
512100,南方中证1000ETF,2024-06-17,1161921.76,15000.0,1.3078,2435620.3933119997,2.0961999999999996,31442.999999999993
512100,南方中证1000ETF,2024-06-14,1146921.76,19200.0,1.7025,2403259.855904,2.0953999999999997,40231.67999999999
512100,南方中证1000ETF,2024-06-13,1127721.76,-4200.0,-0.3711,2361223.821088,2.0938000000000003,-8793.960000000001
512100,南方中证1000ETF,2024-06-12,1131921.76,-18400.0,-1.5996,2386204.262256,2.1081000000000003,-38789.04000000001
512100,南方中证1000ETF,2024-06-11,1150321.76,7000.0,0.6123,2416595.953408,2.1008,14705.6
512100,南方中证1000ETF,2024-06-07,1143321.76,4400.0,0.3863,2380624.568672,2.0822,9161.679999999998
512100,南方中证1000ETF,2024-06-06,1138921.76,9600.0,0.8501,2359276.42584,2.0715000000000003,19886.4
512100,南方中证1000ETF,2024-06-05,1129321.76,-2000.0,-0.1768,2389757.776336,2.1161,-4232.2
512100,南方中证1000ETF,2024-06-04,1131321.76,10000.0,0.8918,2424648.796032,2.1431999999999998,21431.999999999996
512100,南方中证1000ETF,2024-06-03,1121321.76,-10400.0,-0.919,2389424.538384,2.1309,-22161.36
512100,南方中证1000ETF,2024-05-31,1131721.76,10800.0,0.9635,2443726.796368,2.1593,23320.44
512100,南方中证1000ETF,2024-05-30,1120921.76,2400.0,0.2146,2409645.507472,2.1497,5159.280000000001
512100,南方中证1000ETF,2024-05-29,1118521.76,5000.0,0.449,2410749.9493279997,2.1552999999999995,10776.499999999998
512100,南方中证1000ETF,2024-05-28,1113521.76,-8000.0,-0.7133,2397857.757984,2.1534,-17227.2
512100,南方中证1000ETF,2024-05-27,1121521.76,-800.0,-0.0713,2439982.7410560003,2.1756,-1740.4800000000002
512100,南方中证1000ETF,2024-05-24,1122321.76,5600.0,0.5015,2417368.838864,2.1539,12061.84
512100,南方中证1000ETF,2024-05-23,1116721.76,-9200.0,-0.8171,2432666.681984,2.1784,-20041.28
512100,南方中证1000ETF,2024-05-22,1125921.76,-8400.0,-0.7405,2509679.60304,2.229,-18723.600000000002
512100,南方中证1000ETF,2024-05-21,1134321.76,-49400.0,-4.1733,2526361.423872,2.2272,-110023.68
512100,南方中证1000ETF,2024-05-20,1183721.76,-1600.0,-0.135,2664794.426112,2.2512,-3601.9199999999996
512100,南方中证1000ETF,2024-05-17,1185321.76,30200.0,2.6144,2652275.9701759997,2.2375999999999996,67575.51999999999
512100,南方中证1000ETF,2024-05-16,1155121.76,5800.0,0.5046,2550046.797376,2.2076,12804.079999999998
512100,南方中证1000ETF,2024-05-15,1149321.76,-3000.0,-0.2603,2540575.75048,2.2105,-6631.5
512100,南方中证1000ETF,2024-05-14,1152321.76,-9400.0,-0.8091,2572327.864848,2.2323,-20983.62
512100,南方中证1000ETF,2024-05-13,1161721.76,-20800.0,-1.759,2578325.274144,2.2194,-46163.52
512100,南方中证1000ETF,2024-05-10,1182521.76,-55000.0,-4.4444,2650031.26416,2.2409999999999997,-123254.99999999999
512100,南方中证1000ETF,2024-05-09,1237521.76,6200.0,0.5035,2799645.477648,2.2622999999999998,14026.259999999998
512100,南方中证1000ETF,2024-05-08,1231321.76,-32800.0,-2.5947,2740552.841232,2.2257,-73002.95999999999
512100,南方中证1000ETF,2024-05-07,1264121.76,-28400.0,-2.1973,2858432.123712,2.2612,-64218.08
512100,南方中证1000ETF,2024-05-06,1292521.76,20000.0,1.5717,2912956.2905119997,2.2537,45073.99999999999
512100,南方中证1000ETF,2024-04-30,1272521.76,-4600.0,-0.3602,2812145.8374240003,2.2099,-10165.54
512100,南方中证1000ETF,2024-04-29,1277121.76,67000.0,5.5366,2846448.9786880002,2.2288,149329.6
512100,南方中证1000ETF,2024-04-26,1210121.76,59000.0,5.1254,2634314.0593439997,2.1769,128437.09999999999
512100,南方中证1000ETF,2024-04-25,1151121.76,10400.0,0.9117,2458105.406304,2.1353999999999997,22208.159999999996
512100,南方中证1000ETF,2024-04-24,1140721.76,31600.0,2.8491,2431904.720144,2.1319,67368.04
512100,南方中证1000ETF,2024-04-23,1109121.76,-8000.0,-0.7161,2325606.506368,2.0968,-16774.4
512100,南方中证1000ETF,2024-04-22,1117121.76,1000.0,0.0896,2354892.67008,2.108,2108.0
512100,南方中证1000ETF,2024-04-19,1116121.76,-34800.0,-3.0237,2360820.746752,2.1151999999999997,-73608.95999999999
512100,南方中证1000ETF,2024-04-18,1150921.76,11200.0,0.9827,2445018.186944,2.1244,23793.280000000002
512100,南方中证1000ETF,2024-04-17,1139721.76,4600.0,0.4052,2421224.9069439997,2.1243999999999996,9772.239999999998
512100,南方中证1000ETF,2024-04-16,1135121.76,17200.0,1.5386,2311107.90336,2.036,35019.2
512100,南方中证1000ETF,2024-04-15,1117921.76,-2600.0,-0.232,2374689.4025919996,2.1241999999999996,-5522.919999999999
512100,南方中证1000ETF,2024-04-12,1120521.76,-5200.0,-0.4619,2403855.3317279997,2.1452999999999998,-11155.56
512100,南方中证1000ETF,2024-04-11,1125721.76,12800.0,1.1501,2433697.8729439997,2.1618999999999997,27672.319999999996
512100,南方中证1000ETF,2024-04-10,1112921.76,-8400.0,-0.7491,2400015.77544,2.1565,-18114.6
512100,南方中证1000ETF,2024-04-09,1121321.76,-2800.0,-0.2491,2463992.435424,2.1974,-6152.72
512100,南方中证1000ETF,2024-04-08,1124121.76,-18400.0,-1.6105,2439119.394848,2.1698,-39924.32
512100,南方中证1000ETF,2024-04-03,1142521.76,-36200.0,-3.0711,2525772.854832,2.2107,-80027.34000000001
512100,南方中证1000ETF,2024-04-02,1178721.76,-34200.0,-2.8196,2620062.7281279997,2.2228,-76019.76
512100,南方中证1000ETF,2024-04-01,1212921.76,35400.0,3.0063,2709909.7961919997,2.2341999999999995,79090.67999999998
512100,南方中证1000ETF,2024-03-29,1177521.76,-2400.0,-0.2034,2575004.584768,2.1868,-5248.32
512100,南方中证1000ETF,2024-03-28,1179921.76,14200.0,1.2181,2552406.751232,2.1632000000000002,30717.440000000002
512100,南方中证1000ETF,2024-03-27,1165721.76,-19200.0,-1.6204,2467716.393744,2.1169,-40644.479999999996
512100,南方中证1000ETF,2024-03-26,1184921.76,-5600.0,-0.4704,2594623.1778720003,2.1897,-12262.320000000002
512100,南方中证1000ETF,2024-03-25,1190521.76,-28400.0,-2.3299,2615814.411072,2.1972,-62400.48
512100,南方中证1000ETF,2024-03-22,1218921.76,-20000.0,-1.6143,2741964.4991200003,2.2495000000000003,-44990.00000000001
512100,南方中证1000ETF,2024-03-21,1238921.76,-11600.0,-0.9276,2818051.435296,2.2746,-26385.36
512100,南方中证1000ETF,2024-03-20,1250521.76,-3800.0,-0.303,2844811.951824,2.2749,-8644.62
512100,南方中证1000ETF,2024-03-19,1254321.76,-8400.0,-0.6652,2827492.1113919998,2.2542,-18935.28
512100,南方中证1000ETF,2024-03-18,1262721.76,32600.0,2.6501,2866883.483904,2.2704,74015.04
512100,南方中证1000ETF,2024-03-15,1230121.76,16000.0,1.3178,2747230.926608,2.2333,35732.799999999996
512100,南方中证1000ETF,2024-03-14,1214121.76,-12400.0,-1.011,2677745.54168,2.2055,-27348.199999999997
512100,南方中证1000ETF,2024-03-13,1226521.76,-800.0,-0.0652,2722633.002848,2.2197999999999998,-1775.84
512100,南方中证1000ETF,2024-03-12,1227321.76,6200.0,0.5077,2711767.42872,2.2095000000000002,13698.900000000001
512100,南方中证1000ETF,2024-03-11,1221121.76,-3800.0,-0.3102,2683415.0676,2.1975000000000002,-8350.5
512100,南方中证1000ETF,2024-03-08,1224921.76,7000.0,0.5747,2644606.0798400003,2.1590000000000003,15113.000000000002
512100,南方中证1000ETF,2024-03-07,1217921.76,-3600.0,-0.2947,2596730.9844959998,2.1321,-7675.5599999999995
512100,南方中证1000ETF,2024-03-06,1221521.76,19400.0,1.6138,2642762.32776,2.1635,41971.9
512100,南方中证1000ETF,2024-03-05,1202121.76,134600.0,12.6086,2597544.699008,2.1608,290843.68
512100,南方中证1000ETF,2024-03-04,1067521.76,-32200.0,-2.928,2329652.736848,2.1823,-70270.06
512100,南方中证1000ETF,2024-03-01,1099721.76,-12600.0,-1.1328,2388485.690544,2.1719,-27365.94
512100,南方中证1000ETF,2024-02-29,1112321.76,8600.0,0.7792,2390156.997888,2.1488,18479.68
512100,南方中证1000ETF,2024-02-28,1103721.76,-16200.0,-1.4465,2286690.742368,2.0718,-33563.16
512100,南方中证1000ETF,2024-02-27,1119921.76,15400.0,1.3943,2428886.3130880003,2.1688,33399.520000000004
512100,南方中证1000ETF,2024-02-26,1104521.76,-15600.0,-1.3927,2333964.9310560003,2.1131,-32964.36
512100,南方中证1000ETF,2024-02-23,1120121.76,-10000.0,-0.8849,2353599.842112,2.1012,-21012.0
512100,南方中证1000ETF,2024-02-22,1130121.76,-11600.0,-1.016,2340821.201488,2.0713,-24027.079999999998
512100,南方中证1000ETF,2024-02-21,1141721.76,10800.0,0.955,2329226.5625759996,2.0401,22033.079999999998
512100,南方中证1000ETF,2024-02-20,1130921.76,-28600.0,-2.4665,2294527.158864,2.0288999999999997,-58026.53999999999
512100,南方中证1000ETF,2024-02-19,1159521.76,9100.0,0.791,2344784.903072,2.0221999999999998,18402.019999999997
512100,南方中证1000ETF,2024-02-08,1150421.76,67800.0,6.2626,2309816.809728,2.0078,136128.84
512100,南方中证1000ETF,2024-02-07,1082621.76,82200.0,8.2165,2088377.37504,1.929,158563.80000000002
512100,南方中证1000ETF,2024-02-06,1000421.76,231200.0,30.0564,1848379.2437759999,1.8476,427165.12
512100,南方中证1000ETF,2024-02-05,769221.76,438800.0,132.8,1329522.889984,1.7284,758421.9199999999
512100,南方中证1000ETF,2024-02-02,330421.76,6900.0,2.1328,608438.6288640001,1.8414000000000001,12705.660000000002
512100,南方中证1000ETF,2024-02-01,323521.76,23700.0,7.9047,618703.013824,1.9124,45323.880000000005
512100,南方中证1000ETF,2024-01-31,299821.76,14800.0,5.1926,577576.6384640001,1.9264000000000001,28510.72
512100,南方中证1000ETF,2024-01-30,285021.76,-5400.0,-1.8594,571924.663616,2.0065999999999997,-10835.639999999998
512100,南方中证1000ETF,2024-01-29,290421.76,-5200.0,-1.759,599953.271808,2.0658000000000003,-10742.160000000002
512100,南方中证1000ETF,2024-01-26,295621.76,-13000.0,-4.2123,627191.1260159999,2.1216,-27580.8
512100,南方中证1000ETF,2024-01-25,308621.76,13200.0,4.4682,660574.015104,2.1404,28253.280000000002
512100,南方中证1000ETF,2024-01-24,295421.76,-3900.0,-1.3029,611641.211904,2.0704000000000002,-8074.560000000001
512100,南方中证1000ETF,2024-01-23,299321.76,6700.0,2.2896,612172.863552,2.0452,13702.84
512100,南方中证1000ETF,2024-01-22,292621.76,5300.0,1.8446,588959.816352,2.0126999999999997,10667.309999999998
512100,南方中证1000ETF,2024-01-19,287321.76,-23500.0,-7.5606,613920.4045920001,2.1367000000000003,-50212.450000000004
512100,南方中证1000ETF,2024-01-18,310821.76,-100.0,-0.0322,672120.973824,2.1624,-216.23999999999998
512100,南方中证1000ETF,2024-01-17,310921.76,-2700.0,-0.8609,674606.942672,2.1697,-5858.1900000000005
512100,南方中证1000ETF,2024-01-16,313621.76,-2700.0,-0.8536,699345.162624,2.2298999999999998,-6020.73
512100,南方中证1000ETF,2024-01-15,316321.76,-5400.0,-1.6785,708054.627584,2.2384,-12087.36
512100,南方中证1000ETF,2024-01-12,321721.76,-5000.0,-1.5304,722136.662496,2.2445999999999997,-11222.999999999998
512100,南方中证1000ETF,2024-01-11,326721.76,8600.0,2.7034,738162.4723680001,2.2593,19429.98
512100,南方中证1000ETF,2024-01-10,318121.76,-400.0,-0.1256,706071.24632,2.2195,-887.8
512100,南方中证1000ETF,2024-01-09,318521.76,-4900.0,-1.515,712150.951008,2.2358,-10955.419999999998
512100,南方中证1000ETF,2024-01-08,323421.76,-4900.0,-1.4924,721877.36832,2.2319999999999998,-10936.8
512100,南方中证1000ETF,2024-01-05,328321.76,-6000.0,-1.7947,750412.214656,2.2856,-13713.6
512100,南方中证1000ETF,2024-01-04,334321.76,-15300.0,-4.3762,778568.514688,2.3287999999999998,-35630.64
512100,南方中证1000ETF,2024-01-03,349621.76,-16800.0,-4.5849,819967.913728,2.3453,-39401.04
512100,南方中证1000ETF,2024-01-02,366421.76,-20300.0,-5.2493,864022.5100799999,2.3579999999999997,-47867.399999999994
512100,南方中证1000ETF,2023-12-29,386721.76,13700.0,3.6727,916994.637312,2.3712,32485.44
512100,南方中证1000ETF,2023-12-28,373021.76,21500.0,6.1163,872236.781408,2.3383000000000003,50273.450000000004
512100,南方中证1000ETF,2023-12-27,351521.76,13200.0,3.9016,806461.221792,2.2942,30283.44
512100,南方中证1000ETF,2023-12-26,338321.76,12500.0,3.8365,770155.654464,2.2764,28455.000000000004
512100,南方中证1000ETF,2023-12-25,325821.76,2200.0,0.6798,752680.847776,2.3101000000000003,5082.22
512100,南方中证1000ETF,2023-12-22,323621.76,1100.0,0.3411,747404.45472,2.3095,2540.45
512100,南方中证1000ETF,2023-12-21,322521.76,-1400.0,-0.4322,753281.822656,2.3356,-3269.8399999999997
512100,南方中证1000ETF,2023-12-20,323921.76,-1700.0,-0.5221,751692.8362560001,2.3206,-3945.0200000000004
512100,南方中证1000ETF,2023-12-19,325621.76,4500.0,1.4013,768955.7862399999,2.3615,10626.75
512100,南方中证1000ETF,2023-12-18,321121.76,1500.0,0.4693,757526.2318399999,2.3589999999999995,3538.499999999999
512100,南方中证1000ETF,2023-12-15,319621.76,-9900.0,-3.0044,766133.35872,2.397,-23730.3
512100,南方中证1000ETF,2023-12-14,329521.76,5900.0,1.8231,795300.7677600001,2.4135,14239.65
512100,南方中证1000ETF,2023-12-13,323621.76,-4600.0,-1.4015,784685.6814720001,2.4247,-11153.62
512100,南方中证1000ETF,2023-12-12,328221.76,-8000.0,-2.3794,803650.97936,2.4485,-19588.0
512100,南方中证1000ETF,2023-12-11,336221.76,8600.0,2.625,822734.64672,2.4469999999999996,21044.199999999997
512100,南方中证1000ETF,2023-12-08,327621.76,7900.0,2.4709,792222.177856,2.4181,19102.989999999998
512100,南方中证1000ETF,2023-12-07,319721.76,6000.0,1.9125,774557.935776,2.4226,14535.6
512100,南方中证1000ETF,2023-12-06,313721.76,1500.0,0.4804,760336.0575359999,2.4235999999999995,3635.399999999999
512100,南方中证1000ETF,2023-12-05,312221.76,2200.0,0.7096,752797.885536,2.4111,5304.419999999999
512100,南方中证1000ETF,2023-12-04,310021.76,-4000.0,-1.2738,762653.5296,2.46,-9840.0
512100,南方中证1000ETF,2023-12-01,314021.76,1300.0,0.4157,774503.268864,2.4663999999999997,3206.3199999999997
512100,南方中证1000ETF,2023-11-30,312721.76,-7100.0,-2.22,765042.5136640001,2.4464,-17369.440000000002
512100,南方中证1000ETF,2023-11-29,319821.76,-6400.0,-1.9619,786665.5830720001,2.4597,-15742.080000000002
512100,南方中证1000ETF,2023-11-28,326221.76,-300.0,-0.0919,806322.324192,2.4717,-741.51
512100,南方中证1000ETF,2023-11-27,326521.76,-3100.0,-0.9405,802884.355664,2.4589,-7622.589999999999
512100,南方中证1000ETF,2023-11-24,329621.76,-12600.0,-3.6818,811001.378304,2.4604,-31001.039999999997
512100,南方中证1000ETF,2023-11-23,342221.76,3100.0,0.9141,853295.736384,2.4934000000000003,7729.540000000001
512100,南方中证1000ETF,2023-11-22,339121.76,3800.0,1.1332,836782.9428,2.4675,9376.5
512100,南方中证1000ETF,2023-11-21,335321.76,-1300.0,-0.3862,838036.142592,2.4991999999999996,-3248.9599999999996
512100,南方中证1000ETF,2023-11-20,336621.76,-1600.0,-0.4731,846873.023808,2.5158,-4025.28
512100,南方中证1000ETF,2023-11-17,338221.76,-6500.0,-1.8856,843558.891616,2.4941,-16211.65
512100,南方中证1000ETF,2023-11-16,344721.76,-2600.0,-0.7486,852290.079424,2.4724,-6428.24
512100,南方中证1000ETF,2023-11-15,347321.76,-1200.0,-0.3443,867366.631248,2.4972999999999996,-2996.7599999999998
512100,南方中证1000ETF,2023-11-14,348521.76,-2200.0,-0.6273,866808.469296,2.4871,-5471.62
512100,南方中证1000ETF,2023-11-13,350721.76,-5800.0,-1.6268,867019.262896,2.4720999999999997,-14338.179999999998
512100,南方中证1000ETF,2023-11-10,356521.76,-7800.0,-2.141,873335.7032959999,2.4495999999999998,-19106.879999999997
512100,南方中证1000ETF,2023-11-09,364321.76,-7900.0,-2.1224,894227.7599200001,2.4545000000000003,-19390.550000000003
512100,南方中证1000ETF,2023-11-08,372221.76,-5200.0,-1.3778,919276.080672,2.4697,-12842.44
512100,南方中证1000ETF,2023-11-07,377421.76,-16100.0,-4.0913,928872.6935360001,2.4611,-39623.71
512100,南方中证1000ETF,2023-11-06,393521.76,800.0,0.2037,965269.5251040001,2.4529,1962.3200000000002
512100,南方中证1000ETF,2023-11-03,392721.76,23600.0,6.3936,943946.0223360001,2.4036000000000004,56724.96000000001
512100,南方中证1000ETF,2023-11-02,369121.76,8100.0,2.2436,874154.152032,2.3682,19182.42
512100,南方中证1000ETF,2023-11-01,361021.76,-3900.0,-1.0687,865585.771776,2.3976,-9350.640000000001
512100,南方中证1000ETF,2023-10-31,364921.76,-3600.0,-0.9769,876505.575344,2.4019,-8646.84
512100,南方中证1000ETF,2023-10-30,368521.76,-3500.0,-0.9408,890717.0939200001,2.4170000000000003,-8459.5
512100,南方中证1000ETF,2023-10-27,372021.76,4300.0,1.1694,885783.81056,2.381,10238.3
512100,南方中证1000ETF,2023-10-26,367721.76,-7200.0,-1.9204,859880.563584,2.3384,-16836.48
512100,南方中证1000ETF,2023-10-25,374921.76,-16600.0,-4.2399,871843.0607040001,2.3254,-38601.64
512100,南方中证1000ETF,2023-10-24,391521.76,-10200.0,-2.5391,901126.482816,2.3016,-23476.32
512100,南方中证1000ETF,2023-10-23,401721.76,-8600.0,-2.0959,911466.501264,2.2689,-19512.54
512100,南方中证1000ETF,2023-10-20,410321.76,-2200.0,-0.5333,953546.7380639999,2.3238999999999996,-5112.579999999999
512100,南方中证1000ETF,2023-10-19,412521.76,-3500.0,-0.8413,970127.422992,2.3517,-8230.95
512100,南方中证1000ETF,2023-10-18,416021.76,-2800.0,-0.6685,989174.9387520001,2.3777000000000004,-6657.560000000001
512100,南方中证1000ETF,2023-10-17,418821.76,-2000.0,-0.4753,1013255.483968,2.4193000000000002,-4838.6
512100,南方中证1000ETF,2023-10-16,420821.76,-15200.0,-3.4861,1020324.4392959999,2.4246,-36853.92
512100,南方中证1000ETF,2023-10-13,436021.76,-3400.0,-0.7737,1067381.2684799999,2.4479999999999995,-8323.199999999999
512100,南方中证1000ETF,2023-10-12,439421.76,-12400.0,-2.7444,1079615.322144,2.4569,-30465.56
512100,南方中证1000ETF,2023-10-11,451821.76,-25200.0,-5.2828,1101902.908288,2.4387999999999996,-61457.75999999999
512100,南方中证1000ETF,2023-10-10,477021.76,-7200.0,-1.4869,1160307.729024,2.4324,-17513.28
512100,南方中证1000ETF,2023-10-09,484221.76,-10800.0,-2.1817,1181065.294816,2.4391,-26342.28
512100,南方中证1000ETF,2023-09-28,495021.76,-2200.0,-0.4425,1211318.2467200002,2.4470000000000005,-5383.4000000000015
512100,南方中证1000ETF,2023-09-27,497221.76,12300.0,2.5365,1207751.6550399999,2.429,29876.699999999997
512100,南方中证1000ETF,2023-09-26,484921.76,2300.0,0.4766,1170407.1599360001,2.4136,5551.280000000001
512100,南方中证1000ETF,2023-09-25,482621.76,-9700.0,-1.9703,1170888.651936,2.4261,-23533.17
512100,南方中证1000ETF,2023-09-22,492321.76,14000.0,2.9269,1199886.593472,2.4372,34120.799999999996
512100,南方中证1000ETF,2023-09-21,478321.76,1400.0,0.2935,1143523.831632,2.3907,3346.9799999999996
512100,南方中证1000ETF,2023-09-20,476921.76,10500.0,2.2512,1148427.59808,2.408,25284.0
512100,南方中证1000ETF,2023-09-19,466421.76,1800.0,0.3874,1132192.180224,2.4274,4369.32
512100,南方中证1000ETF,2023-09-18,464621.76,7900.0,1.7297,1137765.765888,2.4488,19345.52
512100,南方中证1000ETF,2023-09-15,456721.76,-2300.0,-0.5011,1117415.458016,2.4466,-5627.18
512100,南方中证1000ETF,2023-09-14,459021.76,1900.0,0.4156,1121160.6488,2.4425000000000003,4640.750000000001
512100,南方中证1000ETF,2023-09-13,457121.76,-6100.0,-1.3169,1122828.179088,2.4562999999999997,-14983.429999999998
512100,南方中证1000ETF,2023-09-12,463221.76,-1100.0,-0.2369,1153097.927168,2.4893,-2738.23
512100,南方中证1000ETF,2023-09-11,464321.76,-3600.0,-0.7694,1155418.267584,2.4884,-8958.24
512100,南方中证1000ETF,2023-09-08,467921.76,-6100.0,-1.2869,1149356.219088,2.4563,-14983.43
512100,南方中证1000ETF,2023-09-07,474021.76,-12600.0,-2.5893,1160642.27936,2.4485,-30851.100000000002
512100,南方中证1000ETF,2023-09-06,486621.76,-8000.0,-1.6174,1213440.020736,2.4936,-19948.8
512100,南方中证1000ETF,2023-09-05,494621.76,-23900.0,-4.6093,1227849.057024,2.4823999999999997,-59329.35999999999
512100,南方中证1000ETF,2023-09-04,518521.76,4000.0,0.7774,1293659.939024,2.4949,9979.6
512100,南方中证1000ETF,2023-09-01,514521.76,300.0,0.0583,1264745.938256,2.4581,737.43
512100,南方中证1000ETF,2023-08-31,514221.76,-1900.0,-0.3681,1263442.8643200002,2.4570000000000003,-4668.3
512100,南方中证1000ETF,2023-08-30,516121.76,-900.0,-0.1741,1275388.481136,2.4711,-2223.99
512100,南方中证1000ETF,2023-08-29,517021.76,67900.0,15.1184,1271408.210016,2.4591000000000003,166972.89
512100,南方中证1000ETF,2023-08-28,449121.76,300.0,0.0668,1070661.3636639998,2.3838999999999997,715.17
512100,南方中证1000ETF,2023-08-25,448821.76,10400.0,2.3721,1062181.577216,2.3666,24612.64
512100,南方中证1000ETF,2023-08-24,438421.76,-3400.0,-0.7695,1056815.65248,2.4105,-8195.699999999999
512100,南方中证1000ETF,2023-08-23,441821.76,-12300.0,-2.7085,1062492.968448,2.4048,-29579.039999999997
512100,南方中证1000ETF,2023-08-22,454121.76,-10900.0,-2.344,1115005.157328,2.4553000000000003,-26762.770000000004
512100,南方中证1000ETF,2023-08-21,465021.76,-5500.0,-1.1689,1133955.56176,2.4385,-13411.75
512100,南方中证1000ETF,2023-08-18,470521.76,-1400.0,-0.2967,1158753.938352,2.4627,-3447.7799999999997
512100,南方中证1000ETF,2023-08-17,471921.76,7600.0,1.6368,1186930.418576,2.5151,19114.76
512100,南方中证1000ETF,2023-08-16,464321.76,4200.0,0.9128,1156393.34328,2.4905,10460.1
512100,南方中证1000ETF,2023-08-15,460121.76,1700.0,0.3708,1159782.908256,2.5206,4285.0199999999995
512100,南方中证1000ETF,2023-08-14,458421.76,300.0,0.0655,1166087.4309120001,2.5437000000000003,763.1100000000001
512100,南方中证1000ETF,2023-08-11,458121.76,-1300.0,-0.283,1162621.402528,2.5378000000000003,-3299.1400000000003
512100,南方中证1000ETF,2023-08-10,459421.76,400.0,0.0871,1188478.150944,2.5869,1034.76
512100,南方中证1000ETF,2023-08-09,459021.76,7100.0,1.5711,1186249.9343680001,2.5843000000000003,18348.530000000002
512100,南方中证1000ETF,2023-08-08,451921.76,3800.0,0.848,1177030.22392,2.6045,9897.099999999999
512100,南方中证1000ETF,2023-08-07,448121.76,5000.0,1.1284,1173003.5189760001,2.6176000000000004,13088.000000000002
512100,南方中证1000ETF,2023-08-04,443121.76,2400.0,0.5446,1165543.165328,2.6303,6312.72
512100,南方中证1000ETF,2023-08-03,440721.76,-24700.0,-5.307,1152972.196336,2.6161,-64617.67
512100,南方中证1000ETF,2023-08-02,465421.76,-8400.0,-1.7728,1216938.275872,2.6147,-21963.48
512100,南方中证1000ETF,2023-08-01,473821.76,100.0,0.0211,1241081.335968,2.6193000000000004,261.93000000000006
512100,南方中证1000ETF,2023-07-31,473721.76,6900.0,1.4781,1242477.432128,2.6228000000000002,18097.320000000003
512100,南方中证1000ETF,2023-07-28,466821.76,21500.0,4.828,1214996.994752,2.6027,55958.05
159845,华夏中证1000ETF,2026-07-24,318042.5606,-9000.0,-2.7519,924422.5066399599,2.906599999999999,-26159.399999999994
159845,华夏中证1000ETF,2026-07-23,327042.5606,2400.0,0.7393,977399.39660916,2.9886,7172.639999999999
159845,华夏中证1000ETF,2026-07-22,324642.5606,-87900.0,-21.3069,965194.7969198601,2.9731,-261335.49000000002
159845,华夏中证1000ETF,2026-07-21,412542.5606,-2100.0,-0.5065,1243815.820209,3.0149999999999997,-6331.499999999999
159845,华夏中证1000ETF,2026-07-20,414642.5606,-5400.0,-1.2856,1199063.3567430798,2.8917999999999995,-15615.719999999998
159845,华夏中证1000ETF,2026-07-17,420042.5606,31000.0,7.9683,1250592.7156743798,2.9772999999999996,92296.29999999999
159845,华夏中证1000ETF,2026-07-16,389042.5606,66000.0,20.4307,1232836.97028534,3.1689,209147.4
159845,华夏中证1000ETF,2026-07-15,323042.5606,-38200.0,-10.5746,1048402.3261712401,3.2454,-123974.28
159845,华夏中证1000ETF,2026-07-14,361242.5606,-5800.0,-1.5802,1188524.14863006,3.2901,-19082.579999999998
159845,华夏中证1000ETF,2026-07-13,367042.5606,148200.0,67.7199,1186501.7813955601,3.2326,479071.32
159845,华夏中证1000ETF,2026-07-10,218842.5606,-64600.0,-22.7912,744830.6550021,3.4035,-219866.1
159845,华夏中证1000ETF,2026-07-09,283442.5606,4600.0,1.6497,976402.9327548799,3.4447999999999994,15846.079999999998
159845,华夏中证1000ETF,2026-07-08,278842.5606,57200.0,25.8073,939643.6607098801,3.3697999999999997,192752.55999999997
159845,华夏中证1000ETF,2026-07-07,221642.5606,62400.0,39.1855,763669.4425472999,3.4454999999999996,214999.19999999998
159845,华夏中证1000ETF,2026-07-06,159242.5606,25000.0,18.623,559849.07030142,3.5157000000000003,87892.5
159845,华夏中证1000ETF,2026-07-03,134242.5606,9600.0,7.702,480105.09372984,3.5764,34333.44
159845,华夏中证1000ETF,2026-07-02,124642.5606,21800.0,21.1974,445846.43926619994,3.5769999999999995,77978.59999999999
159845,华夏中证1000ETF,2026-07-01,102842.5606,-29800.0,-22.4664,378306.3591671,3.6785,-109619.3
159845,华夏中证1000ETF,2026-06-30,132642.5606,-12400.0,-8.5492,484609.59515209997,3.6534999999999997,-45303.399999999994
159845,华夏中证1000ETF,2026-06-29,145042.5606,20200.0,16.1804,516960.69449052,3.5642,71996.84
159845,华夏中证1000ETF,2026-06-26,124842.5606,10000.0,8.7076,445088.69705112,3.5652,35652.0
159845,华夏中证1000ETF,2026-06-25,114842.5606,-23800.0,-17.1664,419990.72837026,3.6571,-87038.98
159845,华夏中证1000ETF,2026-06-24,138642.5606,-4200.0,-2.9403,505158.03380216,3.6436,-15303.12
159845,华夏中证1000ETF,2026-06-23,142842.5606,13200.0,10.1818,513790.40622214,3.5969,47479.08
159845,华夏中证1000ETF,2026-06-22,129642.5606,1000.0,0.7773,476138.23231562006,3.6727000000000007,3672.7000000000007
159845,华夏中证1000ETF,2026-06-18,128642.5606,2400.0,1.9011,467602.84352494,3.6349000000000005,8723.76
159845,华夏中证1000ETF,2026-06-17,126242.5606,11600.0,10.1184,455255.92203571997,3.6062,41831.92
159845,华夏中证1000ETF,2026-06-16,114642.5606,-18800.0,-14.0885,410638.18781314,3.5819,-67339.72
159845,华夏中证1000ETF,2026-06-15,133442.5606,-2800.0,-2.0552,470972.17338163994,3.5293999999999994,-9882.319999999998
159845,华夏中证1000ETF,2026-06-12,136242.5606,2600.0,1.9455,463115.71199152,3.3992,8837.92
159845,华夏中证1000ETF,2026-06-11,133642.5606,9000.0,7.2206,451043.642025,3.375,30375.0
159845,华夏中证1000ETF,2026-06-10,124642.5606,-11200.0,-8.2448,422687.85150672,3.3912,-37981.44
159845,华夏中证1000ETF,2026-06-09,135842.5606,-54800.0,-28.7449,467651.59912156,3.4426,-188654.48
159845,华夏中证1000ETF,2026-06-08,190642.5606,42200.0,28.4285,637661.2366948801,3.3448,141150.56
159845,华夏中证1000ETF,2026-06-05,148442.5606,-4800.0,-3.1323,512453.40770332003,3.4522000000000004,-16570.56
159845,华夏中证1000ETF,2026-06-04,153242.5606,-17200.0,-10.0914,533866.43261828,3.4838000000000005,-59921.36000000001
159845,华夏中证1000ETF,2026-06-03,170442.5606,-41000.0,-19.3906,594674.0939334,3.489,-143049.0
159845,华夏中证1000ETF,2026-06-02,211442.5606,-1400.0,-0.6578,733451.95420928,3.4688,-4856.32
159845,华夏中证1000ETF,2026-06-01,212842.5606,67800.0,46.7449,734860.2247275601,3.4526000000000003,234086.28000000003
159845,华夏中证1000ETF,2026-05-29,145042.5606,24600.0,20.4247,504414.51299862005,3.4777000000000005,85551.42000000001
159845,华夏中证1000ETF,2026-05-28,120442.5606,800.0,0.6687,430136.51667077997,3.5713,2857.04
159845,华夏中证1000ETF,2026-05-27,119642.5606,-8400.0,-6.5603,422721.09511192003,3.5332000000000003,-29678.880000000005
159845,华夏中证1000ETF,2026-05-26,128042.5606,2600.0,2.0727,459736.81383430003,3.5905000000000005,9335.300000000001
159845,华夏中证1000ETF,2026-05-25,125442.5606,-24200.0,-16.1719,456259.68141432,3.6372000000000004,-88020.24
159845,华夏中证1000ETF,2026-05-22,149642.5606,-10600.0,-6.615,537770.47002822,3.5937,-38093.22
159845,华夏中证1000ETF,2026-05-21,160242.5606,41400.0,34.836,564053.813312,3.52,145728.0
159845,华夏中证1000ETF,2026-05-20,118842.5606,-26200.0,-18.0637,432527.4993037,3.6395,-95354.9
159845,华夏中证1000ETF,2026-05-19,145042.5606,-1800.0,-1.2258,527838.88653552,3.6391999999999998,-6550.5599999999995
159845,华夏中证1000ETF,2026-05-18,146842.5606,-2200.0,-1.4761,528912.21902514,3.6019000000000005,-7924.180000000001
159845,华夏中证1000ETF,2026-05-15,149042.5606,11200.0,8.1252,534436.81379948,3.5858,40160.96
159845,华夏中证1000ETF,2026-05-14,137842.5606,-19400.0,-12.3376,500106.59411286004,3.6281000000000003,-70385.14
159845,华夏中证1000ETF,2026-05-13,157242.5606,5800.0,3.8298,581718.8529397,3.6995,21457.1
159845,华夏中证1000ETF,2026-05-12,151442.5606,-7800.0,-4.8982,551811.25805822,3.6437000000000004,-28420.860000000004
159845,华夏中证1000ETF,2026-05-11,159242.5606,-49000.0,-23.5303,583098.48414902,3.6617,-179423.30000000002
159845,华夏中证1000ETF,2026-05-08,208242.5606,-12600.0,-5.7054,751859.7650463,3.6105,-45492.3
159845,华夏中证1000ETF,2026-05-07,220842.5606,-8800.0,-3.832,794900.71262364,3.5993999999999997,-31674.719999999998
159845,华夏中证1000ETF,2026-05-06,229642.5606,29200.0,14.5678,813302.0926209601,3.5416000000000003,103414.72000000002
159845,华夏中证1000ETF,2026-04-30,200442.5606,-25400.0,-11.2468,693791.83500478,3.4613,-87917.02
159845,华夏中证1000ETF,2026-04-29,225842.5606,30400.0,15.5544,778027.621267,3.445,104728.0
159845,华夏中证1000ETF,2026-04-28,195442.5606,9400.0,5.0526,663703.3915415399,3.3958999999999997,31921.459999999995
159845,华夏中证1000ETF,2026-04-27,186042.5606,3000.0,1.639,640358.4935852,3.442,10326.0
159845,华夏中证1000ETF,2026-04-24,183042.5606,15200.0,9.0561,627469.8977368,3.4280000000000004,52105.600000000006
159845,华夏中证1000ETF,2026-04-23,167842.5606,14200.0,9.2422,579056.83407,3.45,48990.0
159845,华夏中证1000ETF,2026-04-22,153642.5606,-17000.0,-9.9623,537518.4982591,3.4985000000000004,-59474.50000000001
159845,华夏中证1000ETF,2026-04-21,170642.5606,-17400.0,-9.2532,587795.36424276,3.4446,-59936.04
159845,华夏中证1000ETF,2026-04-20,188042.5606,-17000.0,-8.291,648051.07659578,3.4463,-58587.1
159845,华夏中证1000ETF,2026-04-17,205042.5606,-11600.0,-5.3544,702496.3168716601,3.4261000000000004,-39742.76
159845,华夏中证1000ETF,2026-04-16,216642.5606,-2800.0,-1.276,735566.4860051799,3.3952999999999998,-9506.84
159845,华夏中证1000ETF,2026-04-15,219442.5606,9400.0,4.4753,733464.81454944,3.3424000000000005,31418.560000000005
159845,华夏中证1000ETF,2026-04-14,210042.5606,-8800.0,-4.0212,705070.86742208,3.3568000000000002,-29539.840000000004
159845,华夏中证1000ETF,2026-04-13,218842.5606,-16600.0,-7.0506,724040.6117451,3.3085,-54921.1
159845,华夏中证1000ETF,2026-04-10,235442.5606,-2400.0,-1.0091,776466.02060274,3.2979,-7914.96
159845,华夏中证1000ETF,2026-04-09,237842.5606,-35000.0,-12.8279,776698.6658953599,3.2655999999999996,-114295.99999999999
159845,华夏中证1000ETF,2026-04-08,272842.5606,47200.0,20.918,894978.1672801201,3.2802,154825.44
159845,华夏中证1000ETF,2026-04-07,225642.5606,-4200.0,-1.8273,707389.4274810001,3.1350000000000002,-13167.000000000002
159845,华夏中证1000ETF,2026-04-03,229842.5606,10200.0,4.6439,714051.8830160201,3.1067000000000005,31688.340000000004
159845,华夏中证1000ETF,2026-04-02,219642.5606,-12200.0,-5.2622,689941.21135672,3.1412,-38322.64
159845,华夏中证1000ETF,2026-04-01,231842.5606,4200.0,1.845,741919.37817606,3.2001000000000004,13440.420000000002
159845,华夏中证1000ETF,2026-03-31,227642.5606,800.0,0.3527,714956.99007642,3.1407000000000003,2512.5600000000004
159845,华夏中证1000ETF,2026-03-30,226842.5606,-16800.0,-6.8953,726191.0892487799,3.2013,-53781.84
159845,华夏中证1000ETF,2026-03-27,243642.5606,1400.0,0.5779,777877.60322762,3.1927,4469.78
159845,华夏中证1000ETF,2026-03-26,242242.5606,-3600.0,-1.4644,762676.47779304,3.1484,-11334.24
159845,华夏中证1000ETF,2026-03-25,245842.5606,-20800.0,-7.8007,785344.0598367,3.1945,-66445.6
159845,华夏中证1000ETF,2026-03-24,266642.5606,-5600.0,-2.057,835284.48533556,3.1326,-17542.56
159845,华夏中证1000ETF,2026-03-23,272242.5606,-10600.0,-3.7477,831265.4345360401,3.0534,-32366.039999999997
159845,华夏中证1000ETF,2026-03-20,282842.5606,22400.0,8.6007,907726.62973358,3.2093,71888.31999999999
159845,华夏中证1000ETF,2026-03-19,260442.5606,-6800.0,-2.5445,848938.57053176,3.2596,-22165.28
159845,华夏中证1000ETF,2026-03-18,267242.5606,-3400.0,-1.2563,891841.8732343201,3.3372,-11346.480000000001
159845,华夏中证1000ETF,2026-03-17,270642.5606,7400.0,2.8111,894771.3695996599,3.3060999999999994,24465.139999999996
159845,华夏中证1000ETF,2026-03-16,263242.5606,600.0,0.2284,890944.4463507,3.3844999999999996,2030.6999999999998
159845,华夏中证1000ETF,2026-03-13,262642.5606,11200.0,4.4543,889281.44593554,3.3859,37922.08
159845,华夏中证1000ETF,2026-03-12,251442.5606,-4600.0,-1.7966,863780.62842918,3.4353000000000002,-15802.380000000001
159845,华夏中证1000ETF,2026-03-11,256042.5606,-11200.0,-4.1909,882604.31064426,3.4471000000000003,-38607.520000000004
159845,华夏中证1000ETF,2026-03-10,267242.5606,-2200.0,-0.8165,919768.72081702,3.4417,-7571.74
159845,华夏中证1000ETF,2026-03-09,269442.5606,-7600.0,-2.7433,911173.90718102,3.3817,-25700.92
159845,华夏中证1000ETF,2026-03-06,277042.5606,6000.0,2.2137,942000.11455212,3.4001999999999994,20401.199999999997
159845,华夏中证1000ETF,2026-03-05,271042.5606,-28800.0,-9.605,912708.7185644399,3.3673999999999995,-96981.11999999998
159845,华夏中证1000ETF,2026-03-04,299842.5606,8200.0,2.8117,1000424.7034419001,3.3365,27359.3
159845,华夏中证1000ETF,2026-03-03,291642.5606,4000.0,1.3906,979044.0759341998,3.3569999999999993,13427.999999999996
159845,华夏中证1000ETF,2026-03-02,287642.5606,-38400.0,-11.7776,1004965.5782242799,3.4937999999999994,-134161.91999999998
159845,华夏中证1000ETF,2026-02-27,326042.5606,-30000.0,-8.426,1150506.38358922,3.5286999999999997,-105860.99999999999
159845,华夏中证1000ETF,2026-02-26,356042.5606,-44800.0,-11.1765,1246077.75358788,3.4997999999999996,-156791.03999999998
159845,华夏中证1000ETF,2026-02-25,400842.5606,-2600.0,-0.6445,1392246.46573198,3.4733,-9030.58
159845,华夏中证1000ETF,2026-02-24,403442.5606,-11200.0,-2.7011,1380378.7210929,3.4215,-38320.8
159845,华夏中证1000ETF,2026-02-13,414642.5606,-35000.0,-7.784,1402735.7825098,3.383,-118405.0
159845,华夏中证1000ETF,2026-02-12,449642.5606,15000.0,3.4511,1541599.5190170999,3.4284999999999997,51427.49999999999
159845,华夏中证1000ETF,2026-02-11,434642.5606,3400.0,0.7884,1476611.1711263799,3.3972999999999995,11550.819999999998
159845,华夏中证1000ETF,2026-02-10,431242.5606,-4600.0,-1.0554,1466828.44562484,3.4013999999999998,-15646.439999999999
159845,华夏中证1000ETF,2026-02-09,435842.5606,15200.0,3.6135,1479380.40344458,3.3943,51593.36
159845,华夏中证1000ETF,2026-02-06,420642.5606,18000.0,4.4705,1396280.91565564,3.3193999999999995,59749.19999999999
159845,华夏中证1000ETF,2026-02-05,402642.5606,-7000.0,-1.7088,1339108.62804348,3.3257999999999996,-23280.6
159845,华夏中证1000ETF,2026-02-04,409642.5606,-46800.0,-10.2532,1385574.99697344,3.3824,-158296.32
159845,华夏中证1000ETF,2026-02-03,456442.5606,15200.0,3.4448,1544601.6250704,3.384,51436.799999999996
159845,华夏中证1000ETF,2026-02-02,441242.5606,-41800.0,-8.6535,1450673.1664846202,3.2877,-137425.86000000002
159845,华夏中证1000ETF,2026-01-30,483042.5606,2000.0,0.4158,1644131.96351422,3.4036999999999997,6807.4
159845,华夏中证1000ETF,2026-01-29,481042.5606,-14600.0,-2.9457,1652573.6126852399,3.4353999999999996,-50156.84
159845,华夏中证1000ETF,2026-01-28,495642.5606,-129200.0,-20.6772,1716558.88012598,3.4633,-447458.36
159845,华夏中证1000ETF,2026-01-27,624842.5606,-44200.0,-6.6065,2159643.34220178,3.4563,-152768.46000000002
159845,华夏中证1000ETF,2026-01-26,669042.5606,-197400.0,-22.7828,2307527.7915094,3.4490000000000003,-680832.6000000001
159845,华夏中证1000ETF,2026-01-23,866442.5606,-74200.0,-7.8882,3027350.3067364,3.494,-259254.80000000002
159845,华夏中证1000ETF,2026-01-22,940642.5606,-148400.0,-13.6266,3223864.24794438,3.4273000000000002,-508611.32
159845,华夏中证1000ETF,2026-01-21,1089042.5606,-196200.0,-15.2656,3705358.40818544,3.4024,-667550.88
159845,华夏中证1000ETF,2026-01-20,1285242.5606,-77800.0,-5.7078,4337565.11776894,3.3749,-262567.22
159845,华夏中证1000ETF,2026-01-19,1363042.5606,-101000.0,-6.8987,4647566.218877819,3.4096999999999995,-344379.69999999995
159845,华夏中证1000ETF,2026-01-16,1464042.5606,-126000.0,-7.9243,4972181.34430972,3.3962000000000003,-427921.20000000007
159845,华夏中证1000ETF,2026-01-15,1590042.5606,-5200.0,-0.326,5404872.67199152,3.3992,-17675.84
159845,华夏中证1000ETF,2026-01-14,1595242.5606,-39800.0,-2.4342,5433236.63714754,3.4059000000000004,-135554.82
159845,华夏中证1000ETF,2026-01-13,1635042.5606,6200.0,0.3806,5533147.52932646,3.3841,20981.420000000002
159845,华夏中证1000ETF,2026-01-12,1628842.5606,10400.0,0.6426,5615434.7276685,3.4475,35854.0
159845,华夏中证1000ETF,2026-01-09,1618442.5606,39200.0,2.4822,5427123.43845998,3.3533000000000004,131449.36000000002
159845,华夏中证1000ETF,2026-01-08,1579242.5606,-7200.0,-0.4538,5192233.69074068,3.2878000000000003,-23672.160000000003
159845,华夏中证1000ETF,2026-01-07,1586442.5606,-27200.0,-1.6856,5173547.83437266,3.2611000000000003,-88701.92000000001
159845,华夏中证1000ETF,2026-01-06,1613642.5606,5400.0,0.3358,5234656.4665864,3.2439999999999998,17517.6
159845,华夏中证1000ETF,2026-01-05,1608242.5606,15000.0,0.9415,5143481.35731092,3.1982,47973.0
159845,华夏中证1000ETF,2025-12-31,1593242.5606,-13600.0,-0.8464,4990832.3210795,3.1325000000000003,-42602.00000000001
159845,华夏中证1000ETF,2025-12-30,1606842.5606,3400.0,0.212,5034719.79512798,3.1333,10653.220000000001
159845,华夏中证1000ETF,2025-12-29,1603442.5606,9000.0,0.5645,5021501.06703102,3.1317000000000004,28185.300000000003
159845,华夏中证1000ETF,2025-12-26,1594442.5606,26800.0,1.7096,5001287.97983402,3.1367000000000003,84063.56000000001
159845,华夏中证1000ETF,2025-12-25,1567642.5606,10600.0,0.6808,4900137.11592348,3.1258000000000004,33133.48
159845,华夏中证1000ETF,2025-12-24,1557042.5606,19000.0,1.2353,4819669.54208124,3.0953999999999997,58812.59999999999
159845,华夏中证1000ETF,2025-12-23,1538042.5606,-1800.0,-0.1169,4688261.33322092,3.0482,-5486.76
159845,华夏中证1000ETF,2025-12-22,1539842.5606,-10800.0,-0.6965,4703911.054120881,3.0548000000000006,-32991.840000000004
159845,华夏中证1000ETF,2025-12-19,1550642.5606,15200.0,0.9899,4686817.1394135,3.0225000000000004,45942.00000000001
159845,华夏中证1000ETF,2025-12-18,1535442.5606,-7600.0,-0.4925,4604331.60647122,2.9987,-22790.12
159845,华夏中证1000ETF,2025-12-17,1543042.5606,18800.0,1.2334,4637305.80737118,3.0052999999999996,56499.63999999999
159845,华夏中证1000ETF,2025-12-16,1524242.5606,12000.0,0.7935,4512977.37342448,2.9608,35529.6
159845,华夏中证1000ETF,2025-12-15,1512242.5606,-200.0,-0.0132,4556991.73211204,3.0134,-602.68
159845,华夏中证1000ETF,2025-12-12,1512442.5606,25800.0,1.7355,4596615.4301755205,3.0392000000000006,78411.36000000002
159845,华夏中证1000ETF,2025-12-11,1486642.5606,-1600.0,-0.1075,4483713.9627696,3.016,-4825.6
159845,华夏中证1000ETF,2025-12-10,1488242.5606,-6000.0,-0.4015,4546729.84688906,3.0551,-18330.6
159845,华夏中证1000ETF,2025-12-09,1494242.5606,-600.0,-0.0401,4547577.80893004,3.0434,-1826.04
159845,华夏中证1000ETF,2025-12-08,1494842.5606,-9600.0,-0.6381,4575264.62522842,3.0607,-29382.72
159845,华夏中证1000ETF,2025-12-05,1504442.5606,19600.0,1.32,4553496.29816802,3.0267000000000004,59323.32000000001
159845,华夏中证1000ETF,2025-12-04,1484842.5606,5000.0,0.3379,4434482.3072319,2.9865000000000004,14932.500000000002
159845,华夏中证1000ETF,2025-12-03,1479842.5606,7200.0,0.4889,4420141.74425614,2.9869,21505.68
159845,华夏中证1000ETF,2025-12-02,1472642.5606,2200.0,0.1496,4437808.3563681,3.0135,6629.7
159845,华夏中证1000ETF,2025-12-01,1470442.5606,-4400.0,-0.2983,4475291.9331861,3.0435,-13391.4
159845,华夏中证1000ETF,2025-11-28,1474842.5606,-1800.0,-0.1219,4457121.70238926,3.0221,-5439.78
159845,华夏中证1000ETF,2025-11-27,1476642.5606,-8200.0,-0.5522,4416047.241730359,2.9905999999999997,-24522.92
159845,华夏中证1000ETF,2025-11-26,1484842.5606,-6400.0,-0.4292,4435076.24425614,2.9869,-19116.16
159845,华夏中证1000ETF,2025-11-25,1491242.5606,-24000.0,-1.5839,4454938.02553644,2.9874,-71697.6
159845,华夏中证1000ETF,2025-11-24,1515242.5606,5200.0,0.3444,4468298.78695334,2.9489,15334.28
159845,华夏中证1000ETF,2025-11-21,1510042.5606,35800.0,2.4284,4398149.96200356,2.9126,104271.08
159845,华夏中证1000ETF,2025-11-20,1474242.5606,12800.0,0.8758,4458846.6245347,3.0245,38713.600000000006
159845,华夏中证1000ETF,2025-11-19,1461442.5606,7400.0,0.5089,4448046.57744216,3.0436,22522.64
159845,华夏中证1000ETF,2025-11-18,1454042.5606,8400.0,0.5811,4461584.19294504,3.0684,25774.56
159845,华夏中证1000ETF,2025-11-17,1445642.5606,-600.0,-0.0415,4480190.8595554605,3.0991000000000004,-1859.4600000000003
159845,华夏中证1000ETF,2025-11-14,1446242.5606,1200.0,0.083,4470480.37907066,3.0911,3709.32
159845,华夏中证1000ETF,2025-11-13,1445042.5606,2200.0,0.1525,4518503.58274014,3.1269,6879.18
159845,华夏中证1000ETF,2025-11-12,1442842.5606,1200.0,0.0832,4449582.17263434,3.0839,3700.68
159845,华夏中证1000ETF,2025-11-11,1441642.5606,-1400.0,-0.097,4478030.12173572,3.1062,-4348.679999999999
159845,华夏中证1000ETF,2025-11-10,1443042.5606,1400.0,0.0971,4495510.48903718,3.1153000000000004,4361.420000000001
159845,华夏中证1000ETF,2025-11-07,1441642.5606,-600.0,-0.0416,4478750.943016021,3.1067000000000005,-1864.0200000000002
159845,华夏中证1000ETF,2025-11-06,1442242.5606,-400.0,-0.0277,4486239.70900236,3.1106,-1244.24
159845,华夏中证1000ETF,2025-11-05,1442642.5606,200.0,0.0139,4435981.60958894,3.0749,614.98
159845,华夏中证1000ETF,2025-11-04,1442442.5606,-2000.0,-0.1385,4417480.3418375,3.0625,-6125.0
159845,华夏中证1000ETF,2025-11-03,1444442.5606,-5000.0,-0.345,4485138.594919059,3.1050999999999997,-15525.499999999998
159845,华夏中证1000ETF,2025-10-31,1449442.5606,4000.0,0.2767,4482256.17439944,3.0924,12369.6
159845,华夏中证1000ETF,2025-10-30,1445442.5606,-4000.0,-0.276,4456877.5913540395,3.0833999999999997,-12333.599999999999
159845,华夏中证1000ETF,2025-10-29,1449442.5606,1400.0,0.0967,4518927.07118262,3.1177,4364.78
159845,华夏中证1000ETF,2025-10-28,1448042.5606,1800.0,0.1245,4460984.71644042,3.0806999999999998,5545.259999999999
159845,华夏中证1000ETF,2025-10-27,1446242.5606,-1400.0,-0.0967,4464406.16031614,3.0869000000000004,-4321.660000000001
159845,华夏中证1000ETF,2025-10-24,1447642.5606,3400.0,0.2354,4423416.60816936,3.0556,10389.04
159845,华夏中证1000ETF,2025-10-23,1444242.5606,-2800.0,-0.1935,4346303.56186964,3.0094,-8426.32
159845,华夏中证1000ETF,2025-10-22,1447042.5606,-6600.0,-0.454,4357623.96699084,3.0113999999999996,-19875.239999999998
159845,华夏中证1000ETF,2025-10-21,1453642.5606,-400.0,-0.0275,4396105.83176652,3.0242,-1209.68
159845,华夏中证1000ETF,2025-10-20,1454042.5606,2800.0,0.1929,4333919.25612436,2.9806,8345.68
159845,华夏中证1000ETF,2025-10-17,1451242.5606,6800.0,0.4708,4293791.36404722,2.9587,20119.16
159845,华夏中证1000ETF,2025-10-16,1444442.5606,-5600.0,-0.3862,4401360.92640426,3.0471,-17063.76
159845,华夏中证1000ETF,2025-10-15,1450042.5606,4600.0,0.3182,4467001.11218436,3.0806,14170.76
159845,华夏中证1000ETF,2025-10-14,1445442.5606,-5800.0,-0.3997,4386773.627164939,3.0348999999999995,-17602.42
159845,华夏中证1000ETF,2025-10-13,1451242.5606,-2400.0,-0.1651,4492031.09782518,3.0953,-7428.72
159845,华夏中证1000ETF,2025-10-10,1453642.5606,-1200.0,-0.0825,4508181.67318878,3.1013,-3721.5600000000004
159845,华夏中证1000ETF,2025-10-09,1454842.5606,-3200.0,-0.2195,4580426.31779304,3.1483999999999996,-10074.88
159845,华夏中证1000ETF,2025-09-30,1458042.5606,600.0,0.0412,4546905.7252311,3.1185,1871.1000000000001
159845,华夏中证1000ETF,2025-09-29,1457442.5606,8400.0,0.5797,4498542.20754796,3.0866,25927.44
159845,华夏中证1000ETF,2025-09-26,1449042.5606,-800.0,-0.0552,4412479.50128306,3.0451,-2436.08
159845,华夏中证1000ETF,2025-09-25,1449842.5606,-4400.0,-0.3026,4479288.5909737,3.0895,-13593.800000000001
159845,华夏中证1000ETF,2025-09-24,1454242.5606,2600.0,0.1791,4508879.0591403,3.1005000000000003,8061.300000000001
159845,华夏中证1000ETF,2025-09-23,1451642.5606,-3000.0,-0.2062,4424171.031940619,3.0477,-9143.1
159845,华夏中证1000ETF,2025-09-22,1454642.5606,-2800.0,-0.1921,4482481.0504889,3.0815,-8628.2
159845,华夏中证1000ETF,2025-09-19,1457442.5606,1800.0,0.1237,4460940.18948448,3.0608,5509.44
159845,华夏中证1000ETF,2025-09-18,1455642.5606,1000.0,0.0687,4477410.95214954,3.0759000000000003,3075.9
159845,华夏中证1000ETF,2025-09-17,1454642.5606,3800.0,0.2619,4522047.32813722,3.1087,11813.06
159845,华夏中证1000ETF,2025-09-16,1450842.5606,-800.0,-0.0551,4467579.49685558,3.0793000000000004,-2463.4400000000005
159845,华夏中证1000ETF,2025-09-15,1451642.5606,-3000.0,-0.2062,4429251.78090272,3.0512,-9153.6
159845,华夏中证1000ETF,2025-09-12,1454642.5606,-1000.0,-0.0687,4442914.77284058,3.0543,-3054.3
159845,华夏中证1000ETF,2025-09-11,1455642.5606,3400.0,0.2341,4431849.34000276,3.0446000000000004,10351.640000000001
159845,华夏中证1000ETF,2025-09-10,1452242.5606,1400.0,0.0965,4319840.72076076,2.9746,4164.4400000000005
159845,华夏中证1000ETF,2025-09-09,1450842.5606,-10400.0,-0.7117,4312774.59563956,2.9726000000000004,-30915.040000000005
159845,华夏中证1000ETF,2025-09-08,1461242.5606,-13000.0,-0.8818,4394833.12526056,3.0076,-39098.8
159845,华夏中证1000ETF,2025-09-05,1474242.5606,4200.0,0.2857,4394422.22463648,2.9808000000000003,12519.36
159845,华夏中证1000ETF,2025-09-04,1470042.5606,11000.0,0.7539,4257537.26400972,2.8962,31858.199999999997
159845,华夏中证1000ETF,2025-09-03,1459042.5606,-1400.0,-0.0959,4325477.57515476,2.9646,-4150.44
159845,华夏中证1000ETF,2025-09-02,1460442.5606,800.0,0.0548,4393303.31079692,3.0082000000000004,2406.5600000000004
159845,华夏中证1000ETF,2025-09-01,1459642.5606,-3800.0,-0.2597,4502851.33519494,3.0848999999999998,-11722.619999999999
159845,华夏中证1000ETF,2025-08-29,1463442.5606,-3800.0,-0.259,4477402.5141557,3.0595,-11626.1
159845,华夏中证1000ETF,2025-08-28,1467242.5606,-6400.0,-0.4343,4493283.61758144,3.0624000000000002,-19599.36
159845,华夏中证1000ETF,2025-08-27,1473642.5606,-1600.0,-0.1085,4448190.0691711,3.0185,-4829.6
159845,华夏中证1000ETF,2025-08-26,1475242.5606,-2400.0,-0.1624,4537108.4951253,3.0755000000000003,-7381.200000000001
159845,华夏中证1000ETF,2025-08-25,1477642.5606,-2400.0,-0.1622,4544932.98789348,3.0758,-7381.92
159845,华夏中证1000ETF,2025-08-22,1480042.5606,2600.0,0.176,4482604.903289219,3.0286999999999997,7874.619999999999
159845,华夏中证1000ETF,2025-08-21,1477442.5606,5400.0,0.3668,4407654.39103798,2.9833000000000003,16109.820000000002
159845,华夏中证1000ETF,2025-08-20,1472042.5606,-400.0,-0.0272,4422899.07757876,3.0046,-1201.84
159845,华夏中证1000ETF,2025-08-19,1472442.5606,-4800.0,-0.3249,4386406.3880274,2.979,-14299.2
159845,华夏中证1000ETF,2025-08-18,1477242.5606,1600.0,0.1084,4397307.930138021,2.9767000000000006,4762.720000000001
159845,华夏中证1000ETF,2025-08-15,1475642.5606,6000.0,0.4083,4319943.5961565,2.9275,17565.0
159845,华夏中证1000ETF,2025-08-14,1469642.5606,-2200.0,-0.1495,4217139.3276417,2.8695000000000004,-6312.900000000001
159845,华夏中证1000ETF,2025-08-13,1471842.5606,5600.0,0.3819,4275997.007055121,2.9052000000000002,16269.12
159845,华夏中证1000ETF,2025-08-12,1466242.5606,-400.0,-0.0273,4198732.19653416,2.8636,-1145.44
159845,华夏中证1000ETF,2025-08-11,1466642.5606,8200.0,0.5622,4187997.8317933,2.8555,23415.100000000002
159845,华夏中证1000ETF,2025-08-08,1458442.5606,3600.0,0.2474,4100994.6361511396,2.8118999999999996,10122.839999999998
159845,华夏中证1000ETF,2025-08-07,1454842.5606,-4000.0,-0.2742,4104692.80047684,2.8214,-11285.6
159845,华夏中证1000ETF,2025-08-06,1458842.5606,2200.0,0.151,4115540.74770866,2.8211,6206.42
159845,华夏中证1000ETF,2025-08-05,1456642.5606,-600.0,-0.0412,4064178.4083300596,2.7901,-1674.06
159845,华夏中证1000ETF,2025-08-04,1457242.5606,3400.0,0.2339,4037144.7898862395,2.7703999999999995,9419.359999999999
159845,华夏中证1000ETF,2025-08-01,1453842.5606,1600.0,0.1102,3986290.91690914,2.7419000000000002,4387.04
159845,华夏中证1000ETF,2025-07-31,1452242.5606,-3600.0,-0.2473,3975949.6824106798,2.7378,-9856.08
159845,华夏中证1000ETF,2025-07-30,1455842.5606,2400.0,0.1651,4020454.81535296,2.7616,6627.84
159845,华夏中证1000ETF,2025-07-29,1453442.5606,-3600.0,-0.2471,4046238.7444543405,2.7839000000000005,-10022.04
159845,华夏中证1000ETF,2025-07-28,1457042.5606,-10600.0,-0.7222,4030471.13113172,2.7662,-29321.72
159845,华夏中证1000ETF,2025-07-25,1467642.5606,-4200.0,-0.2854,4045997.0110620796,2.7567999999999997,-11578.56
159845,华夏中证1000ETF,2025-07-24,1471842.5606,10200.0,0.6978,4054484.70168482,2.7547,28097.940000000002
159845,华夏中证1000ETF,2025-07-23,1461642.5606,2600.0,0.1782,3969967.3588456595,2.7161,7061.86
159845,华夏中证1000ETF,2025-07-22,1459042.5606,-3200.0,-0.2188,3980122.20106074,2.7279,-8729.28
159845,华夏中证1000ETF,2025-07-21,1462242.5606,800.0,0.0547,3974082.83119868,2.7178,2174.24
159845,华夏中证1000ETF,2025-07-18,1461442.5606,1800.0,0.1233,3935518.67143974,2.6929,4847.219999999999
159845,华夏中证1000ETF,2025-07-17,1459642.5606,-6800.0,-0.4637,3920162.02500342,2.6857,-18262.760000000002
159845,华夏中证1000ETF,2025-07-16,1466442.5606,-400.0,-0.0273,3893698.28690512,2.6552000000000002,-1062.0800000000002
159845,华夏中证1000ETF,2025-07-15,1466842.5606,-4000.0,-0.272,3882438.88939608,2.6468,-10587.199999999999
159845,华夏中证1000ETF,2025-07-14,1470842.5606,-6000.0,-0.4063,3904939.91413694,2.6549,-15929.4
159845,华夏中证1000ETF,2025-07-11,1476842.5606,14000.0,0.957,3920130.89285664,2.6544,37161.6
159845,华夏中证1000ETF,2025-07-10,1462842.5606,200.0,0.0137,3849031.3454507203,2.6312,526.24
159845,华夏中证1000ETF,2025-07-09,1462642.5606,-1800.0,-0.1229,3838559.13603864,2.6244,-4723.92
159845,华夏中证1000ETF,2025-07-08,1464442.5606,6400.0,0.4389,3853387.70970678,2.6313,16840.32
159845,华夏中证1000ETF,2025-07-07,1458042.5606,-600.0,-0.0411,3787557.1596706198,2.5976999999999997,-1558.62
159845,华夏中证1000ETF,2025-07-04,1458642.5606,-400.0,-0.0274,3780072.1957949,2.5915,-1036.6
159845,华夏中证1000ETF,2025-07-03,1459042.5606,1600.0,0.1098,3798325.49800998,2.6033000000000004,4165.280000000001
159845,华夏中证1000ETF,2025-07-02,1457442.5606,-3600.0,-0.2464,3773901.76641764,2.5894,-9321.84
159845,华夏中证1000ETF,2025-07-01,1461042.5606,-4400.0,-0.3003,3821210.7129932404,2.6154,-11507.76
159845,华夏中证1000ETF,2025-06-30,1465442.5606,-10800.0,-0.7316,3822753.46358116,2.6086,-28172.88
159845,华夏中证1000ETF,2025-06-27,1476242.5606,-6200.0,-0.4182,3802948.46036166,2.5761,-15971.82
159845,华夏中证1000ETF,2025-06-26,1482442.5606,-2200.0,-0.1482,3800686.2368662804,2.5638000000000005,-5640.3600000000015
159845,华夏中证1000ETF,2025-06-25,1484642.5606,2200.0,0.1484,3822360.73652076,2.5746,5664.120000000001
159845,华夏中证1000ETF,2025-06-24,1482442.5606,-200.0,-0.0135,3765848.83669218,2.5403000000000002,-508.06000000000006
159845,华夏中证1000ETF,2025-06-23,1482642.5606,-7600.0,-0.51,3695190.05378338,2.4923,-18941.480000000003
159845,华夏中证1000ETF,2025-06-20,1490242.5606,8600.0,0.5804,3665698.6505638803,2.4598000000000004,21154.280000000002
159845,华夏中证1000ETF,2025-06-19,1481642.5606,4600.0,0.3114,3671954.75793498,2.4783,11400.18
159845,华夏中证1000ETF,2025-06-18,1477042.5606,-200.0,-0.0135,3712251.06755598,2.5133,-502.66
159845,华夏中证1000ETF,2025-06-17,1477242.5606,-1800.0,-0.1217,3715412.7641650597,2.5151,-4527.179999999999
159845,华夏中证1000ETF,2025-06-16,1479042.5606,5000.0,0.3392,3723045.93354232,2.5172,12586.0
159845,华夏中证1000ETF,2025-06-13,1474042.5606,-5600.0,-0.3785,3685253.80575606,2.5001,-14000.560000000001
159845,华夏中证1000ETF,2025-06-12,1479642.5606,-1800.0,-0.1215,3753853.1762421997,2.537,-4566.599999999999
159845,华夏中证1000ETF,2025-06-11,1481442.5606,5400.0,0.3658,3751012.5634391997,2.532,13672.8
159845,华夏中证1000ETF,2025-06-10,1476042.5606,-7400.0,-0.4988,3720217.6697362396,2.5204,-18650.96
159845,华夏中证1000ETF,2025-06-09,1483442.5606,10400.0,0.706,3772691.12011792,2.5432,26449.280000000002
159845,华夏中证1000ETF,2025-06-06,1473042.5606,-1000.0,-0.0678,3706616.99523778,2.5162999999999998,-2516.2999999999997
159845,华夏中证1000ETF,2025-06-05,1474042.5606,-4200.0,-0.2841,3716208.6995286597,2.5210999999999997,-10588.619999999999
159845,华夏中证1000ETF,2025-06-04,1478242.5606,-800.0,-0.0541,3699449.83215756,2.5026,-2002.0800000000002
159845,华夏中证1000ETF,2025-06-03,1479042.5606,4600.0,0.312,3668469.26305618,2.4803,11409.380000000001
159845,华夏中证1000ETF,2025-05-30,1474442.5606,-13400.0,-0.9006,3630519.9169653803,2.4623000000000004,-32994.82000000001
159845,华夏中证1000ETF,2025-05-29,1487842.5606,17600.0,1.1971,3700859.5852364404,2.4874000000000005,43778.240000000005
159845,华夏中证1000ETF,2025-05-28,1470242.5606,1200.0,0.0817,3592243.64831398,2.4433000000000002,2931.9600000000005
159845,华夏中证1000ETF,2025-05-27,1469042.5606,-1600.0,-0.1088,3602679.9756154404,2.4524000000000004,-3923.8400000000006
159845,华夏中证1000ETF,2025-05-26,1470642.5606,1000.0,0.068,3617927.76333206,2.4601,2460.1000000000004
159845,华夏中证1000ETF,2025-05-23,1469642.5606,1200.0,0.0817,3591512.4895942803,2.4438000000000004,2932.5600000000004
159845,华夏中证1000ETF,2025-05-22,1468442.5606,-6000.0,-0.4069,3633661.1162046995,2.4745,-14847.0
159845,华夏中证1000ETF,2025-05-21,1474442.5606,-1600.0,-0.1084,3687138.5112924203,2.5007,-4001.1200000000003
159845,华夏中证1000ETF,2025-05-20,1476042.5606,-4600.0,-0.3107,3699110.26111966,2.5061,-11528.06
159845,华夏中证1000ETF,2025-05-19,1480642.5606,-1200.0,-0.081,3679692.8916031197,2.4852,-2982.24
159845,华夏中证1000ETF,2025-05-16,1481842.5606,-8400.0,-0.5637,3666078.4949244005,2.474,-20781.600000000002
159845,华夏中证1000ETF,2025-05-15,1490242.5606,-1400.0,-0.0939,3679557.90637746,2.4691,-3456.7400000000002
159845,华夏中证1000ETF,2025-05-14,1491642.5606,2400.0,0.1612,3745365.30541054,2.5109000000000004,6026.160000000001
159845,华夏中证1000ETF,2025-05-13,1489242.5606,-3800.0,-0.2545,3733233.2509120796,2.5067999999999997,-9525.839999999998
159845,华夏中证1000ETF,2025-05-12,1493042.5606,1000.0,0.067,3752613.17181204,2.5134,2513.3999999999996
159845,华夏中证1000ETF,2025-05-09,1492042.5606,-2200.0,-0.1472,3698176.69070316,2.4786,-5452.92
159845,华夏中证1000ETF,2025-05-08,1494242.5606,-400.0,-0.0268,3749801.7058257004,2.5095000000000005,-1003.8000000000002
159845,华夏中证1000ETF,2025-05-07,1494642.5606,6000.0,0.4031,3721809.44015006,2.4901000000000004,14940.600000000002
159845,华夏中证1000ETF,2025-05-06,1488642.5606,2600.0,0.175,3701807.45544402,2.4867000000000004,6465.420000000001
159845,华夏中证1000ETF,2025-04-30,1486042.5606,-6200.0,-0.4155,3603058.7924307603,2.4246000000000003,-15032.520000000002
159845,华夏中证1000ETF,2025-04-29,1492242.5606,4800.0,0.3227,3588992.58249906,2.4051,11544.48
159845,华夏中证1000ETF,2025-04-28,1487442.5606,-3800.0,-0.2548,3561086.23433246,2.3941,-9097.58
159845,华夏中证1000ETF,2025-04-25,1491242.5606,200.0,0.0134,3608061.3753717,2.4195,483.90000000000003
159845,华夏中证1000ETF,2025-04-24,1491042.5606,-3800.0,-0.2542,3595798.2391429604,2.4116000000000004,-9164.080000000002
159845,华夏中证1000ETF,2025-04-23,1494842.5606,6800.0,0.457,3643977.70997462,2.4377,16576.36
159845,华夏中证1000ETF,2025-04-22,1488042.5606,-6400.0,-0.4283,3605973.53710198,2.4233,-15509.119999999999
159845,华夏中证1000ETF,2025-04-21,1494442.5606,400.0,0.0268,3623275.9881747,2.4245,969.8000000000001
159845,华夏中证1000ETF,2025-04-18,1494042.5606,-12200.0,-0.81,3548948.69844924,2.3754,-28979.88
159845,华夏中证1000ETF,2025-04-17,1506242.5606,9600.0,0.6414,3582597.9303871,2.3785000000000003,22833.600000000002
159845,华夏中证1000ETF,2025-04-16,1496642.5606,41400.0,2.8449,3556771.0452658995,2.3764999999999996,98387.09999999998
159845,华夏中证1000ETF,2025-04-15,1455242.5606,8800.0,0.6084,3505242.7557172203,2.4087,21196.56
159845,华夏中证1000ETF,2025-04-14,1446442.5606,-10400.0,-0.7139,3498510.62132322,2.4187,-25154.48
159845,华夏中证1000ETF,2025-04-11,1456842.5606,1000.0,0.0687,3478794.35045674,2.3878999999999997,2387.8999999999996
159845,华夏中证1000ETF,2025-04-10,1455842.5606,-3600.0,-0.2467,3430256.24128572,2.3562,-8482.32
159845,华夏中证1000ETF,2025-04-09,1459442.5606,-6400.0,-0.4366,3359928.66301332,2.3022,-14734.08
159845,华夏中证1000ETF,2025-04-08,1465842.5606,314000.0,27.2607,3301224.03072726,2.2521,707159.4
159845,华夏中证1000ETF,2025-04-07,1151842.5606,45000.0,4.0656,2579551.4144637003,2.2395000000000005,100777.50000000003
159845,华夏中证1000ETF,2025-04-03,1106842.5606,-1200.0,-0.1083,2797212.51914832,2.5272,-3032.6400000000003
159845,华夏中证1000ETF,2025-04-02,1108042.5606,200.0,0.0181,2833486.43596632,2.5572,511.44
159845,华夏中证1000ETF,2025-04-01,1107842.5606,-4000.0,-0.3598,2824887.74527394,2.5499,-10199.6
159845,华夏中证1000ETF,2025-03-31,1111842.5606,6400.0,0.579,2820299.83921796,2.5366,16234.24
159845,华夏中证1000ETF,2025-03-28,1105442.5606,-1200.0,-0.1084,2822968.6670042197,2.5536999999999996,-3064.4399999999996
159845,华夏中证1000ETF,2025-03-27,1106642.5606,200.0,0.0181,2853256.5139949797,2.5782999999999996,515.66
159845,华夏中证1000ETF,2025-03-26,1106442.5606,400.0,0.0362,2855396.3161404203,2.5807,1032.2800000000002
159845,华夏中证1000ETF,2025-03-25,1106042.5606,-5200.0,-0.4679,2843414.21479048,2.5708,-13368.160000000002
159845,华夏中证1000ETF,2025-03-24,1111242.5606,3000.0,0.2707,2879007.22600248,2.5907999999999998,7772.4
159845,华夏中证1000ETF,2025-03-21,1108242.5606,-10800.0,-0.9651,2891848.13762964,2.6094,-28181.52
159845,华夏中证1000ETF,2025-03-20,1119042.5606,-3200.0,-0.2851,2979115.10482932,2.6622000000000003,-8519.04
159845,华夏中证1000ETF,2025-03-19,1122242.5606,-6400.0,-0.5671,3001101.05555652,2.6742,-17114.88
159845,华夏中证1000ETF,2025-03-18,1128642.5606,-800.0,-0.0708,3039998.7369761,2.6935000000000002,-2154.8
159845,华夏中证1000ETF,2025-03-17,1129442.5606,-15800.0,-1.3796,3031875.60967464,2.6844,-42413.520000000004
159845,华夏中证1000ETF,2025-03-14,1145242.5606,3400.0,0.2978,3065814.3347262,2.677,9101.8
159845,华夏中证1000ETF,2025-03-13,1141842.5606,0.0,0.0,3008070.04164464,2.6344,0.0
159845,华夏中证1000ETF,2025-03-12,1141842.5606,800.0,0.0701,3054657.21811712,2.6752000000000002,2140.1600000000003
159845,华夏中证1000ETF,2025-03-11,1141042.5606,1000.0,0.0877,3045214.3857292803,2.6688000000000005,2668.8000000000006
159845,华夏中证1000ETF,2025-03-10,1140042.5606,-7600.0,-0.6622,3028295.05372178,2.6563,-20187.879999999997
159845,华夏中证1000ETF,2025-03-07,1147642.5606,-3600.0,-0.3127,3042515.19240666,2.6511,-9543.960000000001
159845,华夏中证1000ETF,2025-03-06,1151242.5606,1000.0,0.0869,3064837.94482932,2.6622000000000003,2662.2000000000003
159845,华夏中证1000ETF,2025-03-05,1150242.5606,-4400.0,-0.3811,2997992.2099478403,2.6064000000000003,-11468.160000000002
159845,华夏中证1000ETF,2025-03-04,1154642.5606,-10600.0,-0.9097,2990524.231954,2.59,-27454.0
159845,华夏中证1000ETF,2025-03-03,1165242.5606,-1800.0,-0.1542,2978243.46063754,2.5559000000000003,-4600.620000000001
159845,华夏中证1000ETF,2025-02-28,1167042.5606,9600.0,0.8294,2981326.9253087603,2.5546,24524.160000000003
159845,华夏中证1000ETF,2025-02-27,1157442.5606,-3000.0,-0.2585,3064560.66770062,2.6477,-7943.099999999999
159845,华夏中证1000ETF,2025-02-26,1160442.5606,-1800.0,-0.1549,3084224.23756268,2.6578000000000004,-4784.040000000001
159845,华夏中证1000ETF,2025-02-25,1162242.5606,-3000.0,-0.2575,3047051.32112502,2.6216999999999997,-7865.099999999999
159845,华夏中证1000ETF,2025-02-24,1165242.5606,-15800.0,-1.3378,3068433.23482798,2.6333,-41606.14000000001
159845,华夏中证1000ETF,2025-02-21,1181042.5606,6400.0,0.5448,3103307.43223256,2.6276,16816.64
159845,华夏中证1000ETF,2025-02-20,1174642.5606,-22000.0,-1.8385,3031400.05614042,2.5807,-56775.4
159845,华夏中证1000ETF,2025-02-19,1196642.5606,-1600.0,-0.1335,3065917.90451326,2.5621,-4099.36
159845,华夏中证1000ETF,2025-02-18,1198242.5606,7800.0,0.6552,2998602.0079015,2.5025,19519.5
159845,华夏中证1000ETF,2025-02-17,1190442.5606,-23600.0,-1.9439,3046580.60108752,2.5592,-60397.12
159845,华夏中证1000ETF,2025-02-14,1214042.5606,5600.0,0.4634,3090952.3592876,2.5460000000000003,14257.600000000002
159845,华夏中证1000ETF,2025-02-13,1208442.5606,-5000.0,-0.4121,3058930.65364678,2.5313000000000003,-12656.500000000002
159845,华夏中证1000ETF,2025-02-12,1213442.5606,-4000.0,-0.3286,3107019.6764163,2.5604999999999998,-10242.0
159845,华夏中证1000ETF,2025-02-11,1217442.5606,-9000.0,-0.7338,3070633.62634532,2.5222,-22699.800000000003
159845,华夏中证1000ETF,2025-02-10,1226442.5606,-24800.0,-1.982,3103512.8995983,2.5305,-62756.4
159845,华夏中证1000ETF,2025-02-07,1251242.5606,20400.0,1.6574,3127230.53170758,2.4993000000000003,50985.72000000001
159845,华夏中证1000ETF,2025-02-06,1230842.5606,5000.0,0.4079,3030088.21568508,2.4617999999999998,12308.999999999998
159845,华夏中证1000ETF,2025-02-05,1225842.5606,3400.0,0.2781,2937609.11222184,2.3964,8147.759999999999
159845,华夏中证1000ETF,2025-01-27,1222442.5606,-17600.0,-1.4193,2912224.91211738,2.3823000000000003,-41928.48
159845,华夏中证1000ETF,2025-01-24,1240042.5606,35200.0,2.9215,3000654.98813988,2.4198,85176.95999999999
159845,华夏中证1000ETF,2025-01-23,1204842.5606,4800.0,0.4,2861862.53419318,2.3753,11401.44
159845,华夏中证1000ETF,2025-01-22,1200042.5606,10200.0,0.8573,2863301.5495916,2.386,24337.2
159845,华夏中证1000ETF,2025-01-21,1189842.5606,-7800.0,-0.6513,2863832.0591081404,2.4069000000000003,-18773.820000000003
159845,华夏中证1000ETF,2025-01-20,1197642.5606,1800.0,0.1505,2868713.22540518,2.3952999999999998,4311.54
159845,华夏中证1000ETF,2025-01-17,1195842.5606,5600.0,0.4705,2846105.294228,2.3800000000000003,13328.000000000002
159845,华夏中证1000ETF,2025-01-16,1190242.5606,-6600.0,-0.5515,2813138.2919781,2.3635,-15599.1
159845,华夏中证1000ETF,2025-01-15,1196842.5606,-23800.0,-1.9498,2816170.5450918,2.353,-56001.4
159845,华夏中证1000ETF,2025-01-14,1220642.5606,33600.0,2.8306,2889627.13370838,2.3673,79541.28
159845,华夏中证1000ETF,2025-01-13,1187042.5606,18800.0,1.6093,2688413.99124688,2.2648,42578.240000000005
159845,华夏中证1000ETF,2025-01-10,1168242.5606,2600.0,0.2231,2639176.76865146,2.2591,5873.66
159845,华夏中证1000ETF,2025-01-09,1165642.5606,-18600.0,-1.5706,2693683.3932905397,2.3108999999999997,-42982.74
159845,华夏中证1000ETF,2025-01-08,1184242.5606,-17400.0,-1.448,2731455.4660238996,2.3064999999999998,-40133.1
159845,华夏中证1000ETF,2025-01-07,1201642.5606,-20800.0,-1.7015,2786248.6052632197,2.3186999999999998,-48228.95999999999
159845,华夏中证1000ETF,2025-01-06,1222442.5606,12400.0,1.0248,2792792.27394676,2.2846,28329.04
159845,华夏中证1000ETF,2025-01-03,1210042.5606,28600.0,2.4208,2773054.5361270197,2.2916999999999996,65542.62
159845,华夏中证1000ETF,2025-01-02,1181442.5606,-1600.0,-0.1352,2790094.7511129603,2.3616,-3778.5600000000004
159845,华夏中证1000ETF,2024-12-31,1183042.5606,-10200.0,-0.8548,2871362.5988322604,2.4271000000000003,-24756.420000000002
159845,华夏中证1000ETF,2024-12-30,1193242.5606,-1000.0,-0.0837,2987521.39897422,2.5037,-2503.7
159845,华夏中证1000ETF,2024-12-27,1194242.5606,5400.0,0.4542,3002564.64586052,2.5142,13576.68
159845,华夏中证1000ETF,2024-12-26,1188842.5606,5800.0,0.4903,2983519.29008176,2.5096,14555.679999999998
159845,华夏中证1000ETF,2024-12-25,1183042.5606,7600.0,0.6466,2937258.06945768,2.4828,18869.280000000002
159845,华夏中证1000ETF,2024-12-24,1175442.5606,3000.0,0.2559,2951653.81392266,2.5111,7533.299999999999
159845,华夏中证1000ETF,2024-12-23,1172442.5606,5200.0,0.4455,2911761.0992501,2.4835000000000003,12914.2
159845,华夏中证1000ETF,2024-12-20,1167242.5606,-10000.0,-0.8494,2982188.01807694,2.5549,-25549.0
159845,华夏中证1000ETF,2024-12-19,1177242.5606,-6400.0,-0.5407,2976775.53873316,2.5286,-16183.039999999999
159845,华夏中证1000ETF,2024-12-18,1183642.5606,-9200.0,-0.7713,2987513.8229544,2.524,-23220.8
159845,华夏中证1000ETF,2024-12-17,1192842.5606,16600.0,1.4113,2985565.64492574,2.5029000000000003,41548.14000000001
159845,华夏中证1000ETF,2024-12-16,1176242.5606,0.0,0.0,3007887.47596632,2.5572,0.0
159845,华夏中证1000ETF,2024-12-13,1176242.5606,-39000.0,-3.2092,3045880.1106737,2.5895,-100990.5
159845,华夏中证1000ETF,2024-12-12,1215242.5606,-11000.0,-0.897,3211278.4663855,2.6425,-29067.5
159845,华夏中证1000ETF,2024-12-11,1226242.5606,-1000.0,-0.0815,3218764.09731894,2.6249,-2624.8999999999996
159845,华夏中证1000ETF,2024-12-10,1227242.5606,35200.0,2.9529,3178803.68046612,2.5902000000000003,91175.04000000001
159845,华夏中证1000ETF,2024-12-09,1192042.5606,-23200.0,-1.9091,3059019.6190117197,2.5662,-59535.84
159845,华夏中证1000ETF,2024-12-06,1215242.5606,7200.0,0.596,3141645.06766312,2.5852,18613.44
159845,华夏中证1000ETF,2024-12-05,1208042.5606,5800.0,0.4824,3091501.71683146,2.5591000000000004,14842.780000000002
159845,华夏中证1000ETF,2024-12-04,1202242.5606,-1000.0,-0.0831,3036984.9323316603,2.5261000000000005,-2526.1000000000004
159845,华夏中证1000ETF,2024-12-03,1203242.5606,11000.0,0.9226,3087881.38326778,2.5663,28229.3
159845,华夏中证1000ETF,2024-12-02,1192242.5606,1800.0,0.1512,3064659.5020223,2.5705,4626.9
159845,华夏中证1000ETF,2024-11-29,1190442.5606,22800.0,1.9527,2999796.20845594,2.5199,57453.719999999994
159845,华夏中证1000ETF,2024-11-28,1167642.5606,-1000.0,-0.0856,2893418.2651668,2.478,-2478.0
159845,华夏中证1000ETF,2024-11-27,1168642.5606,-3600.0,-0.3071,2911088.6184546,2.491,-8967.6
159845,华夏中证1000ETF,2024-11-26,1172242.5606,-13000.0,-1.0968,2854762.3078291803,2.4353000000000002,-31658.9
159845,华夏中证1000ETF,2024-11-25,1185242.5606,-1400.0,-0.118,2920082.09655022,2.4637000000000002,-3449.1800000000003
159845,华夏中证1000ETF,2024-11-22,1186642.5606,800.0,0.0675,2913563.47904118,2.4553000000000003,1964.2400000000002
159845,华夏中证1000ETF,2024-11-21,1185842.5606,-8200.0,-0.6867,3022949.8554815203,2.5492000000000004,-20903.440000000002
159845,华夏中证1000ETF,2024-11-20,1194042.5606,-31400.0,-2.5623,3038360.6997027597,2.5446,-79900.44
159845,华夏中证1000ETF,2024-11-19,1225442.5606,-7200.0,-0.5841,3058336.99848942,2.4957,-17969.039999999997
159845,华夏中证1000ETF,2024-11-18,1232642.5606,-5000.0,-0.404,2998279.76440344,2.4324,-12162.0
159845,华夏中证1000ETF,2024-11-15,1237642.5606,4400.0,0.3568,3086928.07464852,2.4942,10974.480000000001
159845,华夏中证1000ETF,2024-11-14,1233242.5606,-6000.0,-0.4842,3149454.85126028,2.5538,-15322.8
159845,华夏中证1000ETF,2024-11-13,1239242.5606,-7200.0,-0.5776,3266643.3897416,2.636,-18979.2
159845,华夏中证1000ETF,2024-11-12,1246442.5606,-18200.0,-1.4391,3294472.33192186,2.6431,-48104.42
159845,华夏中证1000ETF,2024-11-11,1264642.5606,-30200.0,-2.3323,3387598.02707922,2.6787,-80896.74
159845,华夏中证1000ETF,2024-11-08,1294842.5606,-40400.0,-3.0257,3386660.7172493,2.6155,-105666.2
159845,华夏中证1000ETF,2024-11-07,1335242.5606,-12200.0,-0.9054,3481644.9767644997,2.6075,-31811.5
159845,华夏中证1000ETF,2024-11-06,1347442.5606,-48800.0,-3.4951,3452821.5615375,2.5625,-125050.0
159845,华夏中证1000ETF,2024-11-05,1396242.5606,84800.0,6.4662,3562931.76613908,2.5518,216392.64
159845,华夏中证1000ETF,2024-11-04,1311442.5606,-3200.0,-0.2434,3232443.62336688,2.4648000000000003,-7887.360000000001
159845,华夏中证1000ETF,2024-11-01,1314642.5606,12800.0,0.9832,3174861.783849,2.415,30912.0
159845,华夏中证1000ETF,2024-10-31,1301842.5606,-18600.0,-1.4086,3242629.4499424803,2.4908,-46328.880000000005
159845,华夏中证1000ETF,2024-10-30,1320442.5606,-21400.0,-1.5948,3236272.67177454,2.4509000000000003,-52449.26000000001
159845,华夏中证1000ETF,2024-10-29,1341842.5606,-67200.0,-4.7692,3269667.7674140204,2.4367000000000005,-163746.24000000005
159845,华夏中证1000ETF,2024-10-28,1409042.5606,-37400.0,-2.5857,3489634.8055819604,2.4766000000000004,-92624.84000000001
159845,华夏中证1000ETF,2024-10-25,1446442.5606,26400.0,1.8591,3519484.0384519203,2.4332000000000003,64236.48
159845,华夏中证1000ETF,2024-10-24,1420042.5606,-8000.0,-0.5602,3389641.5921521997,2.387,-19096.0
159845,华夏中证1000ETF,2024-10-23,1428042.5606,5000.0,0.3514,3433157.11993846,2.4041,12020.5
159845,华夏中证1000ETF,2024-10-22,1423042.5606,-51000.0,-3.4599,3412598.36457486,2.3981,-122303.09999999999
159845,华夏中证1000ETF,2024-10-21,1474042.5606,-45600.0,-3.0007,3518244.78364008,2.3868,-108838.08
159845,华夏中证1000ETF,2024-10-18,1519642.5606,89200.0,6.2358,3559002.8769251998,2.342,208906.4
159845,华夏中证1000ETF,2024-10-17,1430442.5606,-31200.0,-2.1346,3207481.35363338,2.2423,-69959.76000000001
159845,华夏中证1000ETF,2024-10-16,1461642.5606,8600.0,0.5919,3288403.4328378798,2.2498,19348.28
159845,华夏中证1000ETF,2024-10-15,1453042.5606,-68400.0,-4.4957,3259319.76768186,2.2431,-153428.04
159845,华夏中证1000ETF,2024-10-14,1521442.5606,-36400.0,-2.3366,3479843.42460432,2.2872,-83254.08
159845,华夏中证1000ETF,2024-10-11,1557842.5606,-52000.0,-3.2301,3437223.82570784,2.2064,-114732.8
159845,华夏中证1000ETF,2024-10-10,1609842.5606,-19600.0,-1.2029,3708111.3540860396,2.3034,-45146.64
159845,华夏中证1000ETF,2024-10-09,1629442.5606,-29400.0,-1.7723,3800185.93983132,2.3322000000000003,-68566.68000000001
159845,华夏中证1000ETF,2024-10-08,1658842.5606,19200.0,1.171,4189572.7710513603,2.5256000000000003,48491.520000000004
159845,华夏中证1000ETF,2024-09-30,1639642.5606,110000.0,7.1912,3813316.70318742,2.3257,255827.0
159845,华夏中证1000ETF,2024-09-27,1529642.5606,222200.0,16.995,3202459.66487216,2.0936000000000003,465197.9200000001
159845,华夏中证1000ETF,2024-09-26,1307442.5606,60000.0,4.8098,2596842.41386372,1.9862,119172.0
159845,华夏中证1000ETF,2024-09-25,1247442.5606,4800.0,0.3863,2382241.05797782,1.9097,9166.56
159845,华夏中证1000ETF,2024-09-24,1242642.5606,66000.0,5.6092,2350831.19614308,1.8918000000000001,124858.8
159845,华夏中证1000ETF,2024-09-23,1176642.5606,3000.0,0.2556,2142666.1028526,1.8210000000000002,5463.000000000001
159845,华夏中证1000ETF,2024-09-20,1173642.5606,13200.0,1.1375,2134503.72496322,1.8187,24006.84
159845,华夏中证1000ETF,2024-09-19,1160442.5606,21400.0,1.8788,2119316.24842378,1.8262999999999998,39082.81999999999
159845,华夏中证1000ETF,2024-09-18,1139042.5606,200.0,0.0176,2041619.88561944,1.7924000000000002,358.48
159845,华夏中证1000ETF,2024-09-13,1138842.5606,5400.0,0.4764,2047980.5767269798,1.7982999999999998,9710.82
159845,华夏中证1000ETF,2024-09-12,1133442.5606,8400.0,0.7466,2063885.55859654,1.8209,15295.56
159845,华夏中证1000ETF,2024-09-11,1125042.5606,39000.0,3.591,2056352.7922646801,1.8278,71284.2
159845,华夏中证1000ETF,2024-09-10,1086042.5606,-7400.0,-0.6768,1985720.2178010398,1.8283999999999998,-13530.159999999998
159845,华夏中证1000ETF,2024-09-09,1093442.5606,-600.0,-0.0548,1993892.5092541,1.8235000000000001,-1094.1000000000001
159845,华夏中证1000ETF,2024-09-06,1094042.5606,-19400.0,-1.7423,2009646.77956614,1.8369,-35635.86
159845,华夏中证1000ETF,2024-09-05,1113442.5606,2000.0,0.1799,2080801.45724928,1.8688,3737.6
159845,华夏中证1000ETF,2024-09-04,1111442.5606,-2800.0,-0.2513,2060836.79586452,1.8542,-5191.76
159845,华夏中证1000ETF,2024-09-03,1114242.5606,-10000.0,-0.8895,2075833.8903978001,1.8630000000000002,-18630.000000000004
159845,华夏中证1000ETF,2024-09-02,1124242.5606,-25400.0,-2.2094,2076363.58517214,1.8469,-46911.26
159845,华夏中证1000ETF,2024-08-30,1149642.5606,30800.0,2.7528,2168800.6905719,1.8865,58104.200000000004
159845,华夏中证1000ETF,2024-08-29,1118842.5606,18600.0,1.6905,2070977.5796706001,1.8510000000000002,34428.600000000006
159845,华夏中证1000ETF,2024-08-28,1100242.5606,13200.0,1.2143,2004311.87264502,1.8217,24046.440000000002
159845,华夏中证1000ETF,2024-08-27,1087042.5606,29400.0,2.7798,1975482.44537838,1.8173,53428.619999999995
159845,华夏中证1000ETF,2024-08-26,1057642.5606,9000.0,0.8583,1944898.9046873401,1.8389000000000002,16550.100000000002
159845,华夏中证1000ETF,2024-08-23,1048642.5606,13400.0,1.2944,1919749.9356904202,1.8307000000000002,24531.380000000005
159845,华夏中证1000ETF,2024-08-22,1035242.5606,14800.0,1.4504,1893769.21610558,1.8293000000000001,27073.640000000003
159845,华夏中证1000ETF,2024-08-21,1020442.5606,12600.0,1.2502,1889961.66648726,1.8521,23336.460000000003
159845,华夏中证1000ETF,2024-08-20,1007842.5606,5800.0,0.5788,1879223.2384947601,1.8646000000000003,10814.680000000002
159845,华夏中证1000ETF,2024-08-19,1002042.5606,1200.0,0.1199,1902878.8225794,1.899,2278.8
159845,华夏中证1000ETF,2024-08-16,1000842.5606,-16400.0,-1.6122,1897497.41064154,1.8959000000000001,-31092.760000000002
159845,华夏中证1000ETF,2024-08-15,1017242.5606,21400.0,2.1489,1943340.18777024,1.9104,40882.560000000005
159845,华夏中证1000ETF,2024-08-14,995842.5606,-1000.0,-0.1003,1885329.13572792,1.8932000000000002,-1893.2000000000003
159845,华夏中证1000ETF,2024-08-13,996842.5606,4000.0,0.4029,1906561.0814035598,1.9125999999999999,7650.4
159845,华夏中证1000ETF,2024-08-12,992842.5606,-2600.0,-0.2612,1889379.3928218,1.903,-4947.8
159845,华夏中证1000ETF,2024-08-09,995442.5606,-7800.0,-0.7775,1905973.87078082,1.9147,-14934.66
159845,华夏中证1000ETF,2024-08-08,1003242.5606,2400.0,0.2398,1935856.8449337601,1.9296000000000002,4631.040000000001
159845,华夏中证1000ETF,2024-08-07,1000842.5606,-10400.0,-1.0284,1932827.15303072,1.9312,-20084.48
159845,华夏中证1000ETF,2024-08-06,1011242.5606,-400.0,-0.0395,1955439.73943222,1.9337000000000002,-773.4800000000001
159845,华夏中证1000ETF,2024-08-05,1011642.5606,-200.0,-0.0198,1926774.42091876,1.9045999999999998,-380.91999999999996
159845,华夏中证1000ETF,2024-08-02,1011842.5606,-7400.0,-0.726,1981390.1021669202,1.9582000000000002,-14490.680000000002
159845,华夏中证1000ETF,2024-08-01,1019242.5606,1200.0,0.1179,2024419.57386372,1.9862000000000002,2383.44
159845,华夏中证1000ETF,2024-07-31,1018042.5606,54800.0,5.6891,2026515.52113036,1.9906,109084.87999999999
159845,华夏中证1000ETF,2024-07-30,963242.5606,-2000.0,-0.2072,1844031.55801264,1.9144,-3828.8
159845,华夏中证1000ETF,2024-07-29,965242.5606,-6800.0,-0.6996,1841200.1843445,1.9075000000000002,-12971.000000000002
159845,华夏中证1000ETF,2024-07-26,972042.5606,8600.0,0.8926,1860878.27801264,1.9144,16463.84
159845,华夏中证1000ETF,2024-07-25,963442.5606,15600.0,1.6458,1816956.32503554,1.8859,29420.039999999997
159845,华夏中证1000ETF,2024-07-24,947842.5606,12600.0,1.3472,1786683.2267310002,1.8850000000000002,23751.000000000004
159845,华夏中证1000ETF,2024-07-23,935242.5606,-1600.0,-0.1708,1787248.5333066003,1.9110000000000005,-3057.600000000001
159845,华夏中证1000ETF,2024-07-22,936842.5606,800.0,0.0855,1840708.26306688,1.9648,1571.8400000000001
159845,华夏中证1000ETF,2024-07-19,936042.5606,24200.0,2.654,1836983.5251775002,1.9625000000000004,47492.50000000001
159845,华夏中证1000ETF,2024-07-18,911842.5606,72000.0,8.573,1785478.9179108602,1.9581000000000002,140983.2
159845,华夏中证1000ETF,2024-07-17,839842.5606,82800.0,10.9373,1638532.8357306,1.951,161542.80000000002
159845,华夏中证1000ETF,2024-07-16,757042.5606,22000.0,2.993,1489329.82946838,1.9673,43280.6
159845,华夏中证1000ETF,2024-07-15,735042.5606,26000.0,3.6669,1443035.55496992,1.9632000000000003,51043.200000000004
159845,华夏中证1000ETF,2024-07-12,709042.5606,600.0,0.0847,1406527.72746222,1.9837,1190.22
159845,华夏中证1000ETF,2024-07-11,708442.5606,7000.0,0.9979,1409659.00708188,1.9898,13928.6
159845,华夏中证1000ETF,2024-07-10,701442.5606,1600.0,0.2286,1362482.02970944,1.9424000000000001,3107.84
159845,华夏中证1000ETF,2024-07-09,699842.5606,35400.0,5.3278,1364623.00891394,1.9499000000000002,69026.46
159845,华夏中证1000ETF,2024-07-08,664442.5606,-10600.0,-1.5703,1267623.51711268,1.9078000000000002,-20222.68
159845,华夏中证1000ETF,2024-07-05,675042.5606,14400.0,2.1797,1320045.7272533001,1.9555000000000002,28159.200000000004
159845,华夏中证1000ETF,2024-07-04,660642.5606,9800.0,1.5057,1278409.4190170602,1.9351000000000005,18963.980000000003
159845,华夏中证1000ETF,2024-07-03,650842.5606,4200.0,0.6495,1287171.33209862,1.9777,8306.34
159845,华夏中证1000ETF,2024-07-02,646642.5606,-16000.0,-2.4146,1288887.95178792,1.9932,-31891.2
159845,华夏中证1000ETF,2024-07-01,662642.5606,-7800.0,-1.1634,1330321.20466056,2.0076,-15659.28
159845,华夏中证1000ETF,2024-06-28,670442.5606,14400.0,2.195,1333912.51856976,1.9896,28650.24
159845,华夏中证1000ETF,2024-06-27,656042.5606,-18000.0,-2.6705,1296471.30825772,1.9762,-35571.6
159845,华夏中证1000ETF,2024-06-26,674042.5606,21200.0,3.2473,1364801.37670288,2.0248,42925.76
159845,华夏中证1000ETF,2024-06-25,652842.5606,10600.0,1.6505,1284859.44351686,1.9681000000000002,20861.86
159845,华夏中证1000ETF,2024-06-24,642242.5606,-400.0,-0.0622,1274401.91299858,1.9843,-793.72
159845,华夏中证1000ETF,2024-06-21,642642.5606,4000.0,0.6263,1318702.5343511999,2.052,8208.0
159845,华夏中证1000ETF,2024-06-20,638642.5606,-8000.0,-1.2372,1310175.2130709,2.0515,-16412.0
159845,华夏中证1000ETF,2024-06-19,646642.5606,-17400.0,-2.6203,1353034.89379944,2.0924,-36407.76
159845,华夏中证1000ETF,2024-06-18,664042.5606,23600.0,3.685,1407371.8029356399,2.1193999999999997,50017.84
159845,华夏中证1000ETF,2024-06-17,640442.5606,7000.0,1.1051,1345890.0411009002,2.1015,14710.500000000002
159845,华夏中证1000ETF,2024-06-14,633442.5606,10800.0,1.7345,1330229.37726,2.1,22680.0
159845,华夏中证1000ETF,2024-06-13,622642.5606,-3600.0,-0.5749,1305868.2423463801,2.0973,-7550.280000000001
159845,华夏中证1000ETF,2024-06-12,626242.5606,-8200.0,-1.2925,1322248.54245084,2.1113999999999997,-17313.479999999996
159845,华夏中证1000ETF,2024-06-11,634442.5606,3200.0,0.5069,1334994.03601452,2.1042,6733.4400000000005
159845,华夏中证1000ETF,2024-06-07,631242.5606,-1200.0,-0.1897,1316519.48438736,2.0856000000000003,-2502.7200000000003
159845,华夏中证1000ETF,2024-06-06,632442.5606,-2800.0,-0.4408,1312318.313245,2.075,-5810.000000000001
159845,华夏中证1000ETF,2024-06-05,635242.5606,1200.0,0.1893,1346333.08293564,2.1193999999999997,2543.2799999999997
159845,华夏中证1000ETF,2024-06-04,634042.5606,4200.0,0.6668,1361099.16484002,2.1467,9016.14
159845,华夏中证1000ETF,2024-06-03,629842.5606,-11600.0,-1.8084,1344398.9456007,2.1345,-24760.2
159845,华夏中证1000ETF,2024-05-31,641442.5606,7800.0,1.231,1387183.68155356,2.1626000000000003,16868.280000000002
159845,华夏中证1000ETF,2024-05-30,633642.5606,3000.0,0.4757,1364295.79722786,2.1531000000000002,6459.300000000001
159845,华夏中证1000ETF,2024-05-29,630642.5606,4400.0,0.7026,1361431.15982328,2.1588000000000003,9498.720000000001
159845,华夏中证1000ETF,2024-05-28,626242.5606,-6800.0,-1.0742,1350617.33044602,2.1567000000000003,-14665.560000000001
159845,华夏中证1000ETF,2024-05-27,633042.5606,400.0,0.0632,1379336.43529134,2.1789000000000005,871.5600000000002
159845,华夏中证1000ETF,2024-05-24,632642.5606,-600.0,-0.0948,1364483.47470208,2.1568,-1294.08
159845,华夏中证1000ETF,2024-05-23,633242.5606,-11400.0,-1.7684,1381418.6459489001,2.1815,-24869.100000000002
159845,华夏中证1000ETF,2024-05-22,644642.5606,-1400.0,-0.2167,1438971.1237713199,2.2321999999999997,-3125.0799999999995
159845,华夏中证1000ETF,2024-05-21,646042.5606,-27400.0,-4.0686,1440933.32716224,2.2304,-61112.96
159845,华夏中证1000ETF,2024-05-20,673442.5606,-5400.0,-0.7955,1518208.9086166401,2.2544000000000004,-12173.760000000002
159845,华夏中证1000ETF,2024-05-17,678842.5606,21200.0,3.2236,1521082.52553642,2.2407000000000004,47502.84000000001
159845,华夏中证1000ETF,2024-05-16,657642.5606,7400.0,1.138,1453850.40871842,2.2107,16359.18
159845,华夏中证1000ETF,2024-05-15,650242.5606,-7600.0,-1.1553,1439311.9078881,2.2135000000000002,-16822.600000000002
159845,华夏中证1000ETF,2024-05-14,657842.5606,-13400.0,-1.9963,1470541.2599652398,2.2354,-29954.359999999997
159845,华夏中证1000ETF,2024-05-13,671242.5606,-12800.0,-1.8712,1491970.83944562,2.2227,-28450.56
159845,华夏中证1000ETF,2024-05-10,684042.5606,-23400.0,-3.3077,1535196.71875458,2.2443,-52516.62
159845,华夏中证1000ETF,2024-05-09,707442.5606,3200.0,0.4544,1602711.1210393,2.2655000000000003,7249.600000000001
159845,华夏中证1000ETF,2024-05-08,704242.5606,-46600.0,-6.2064,1569615.81906528,2.2288,-103862.08
159845,华夏中证1000ETF,2024-05-07,750842.5606,-28200.0,-3.6198,1700282.9784787002,2.2645000000000004,-63858.90000000001
159845,华夏中证1000ETF,2024-05-06,779042.5606,16800.0,2.204,1758299.0592742001,2.257,37917.6
159845,华夏中证1000ETF,2024-04-30,762242.5606,-200.0,-0.0262,1686919.01086386,2.2131,-442.61999999999995
159845,华夏中证1000ETF,2024-04-29,762442.5606,56600.0,8.0188,1701619.30674708,2.2318000000000002,126319.88000000002
159845,华夏中证1000ETF,2024-04-26,705842.5606,39600.0,5.9438,1538525.02933982,2.1797,86316.12
159845,华夏中证1000ETF,2024-04-25,666242.5606,14600.0,2.2405,1424626.4673309799,2.1383,31219.18
159845,华夏中证1000ETF,2024-04-24,651642.5606,28600.0,4.5904,1391126.53836888,2.1348000000000003,61055.280000000006
159845,华夏中证1000ETF,2024-04-23,623042.5606,-6400.0,-1.0168,1308140.16023576,2.0996,-13437.44
159845,华夏中证1000ETF,2024-04-22,629442.5606,1000.0,0.1591,1328627.35691448,2.1108000000000002,2110.8
159845,华夏中证1000ETF,2024-04-19,628442.5606,-23200.0,-3.5602,1331167.03186292,2.1182,-49142.24
159845,华夏中证1000ETF,2024-04-18,651642.5606,2400.0,0.3697,1386239.21916438,2.1273000000000004,5105.520000000001
159845,华夏中证1000ETF,2024-04-17,649242.5606,2800.0,0.4331,1381198.62342044,2.1273999999999997,5956.719999999999
159845,华夏中证1000ETF,2024-04-16,646442.5606,15000.0,2.3755,1317967.09255128,2.0388,30582.000000000004
159845,华夏中证1000ETF,2024-04-15,631442.5606,1200.0,0.1904,1343330.90342044,2.1274,2552.88
159845,华夏中证1000ETF,2024-04-12,630242.5606,-3400.0,-0.5366,1353950.09293698,2.1483000000000003,-7304.220000000001
159845,华夏中证1000ETF,2024-04-11,633642.5606,9000.0,1.4408,1371772.77944294,2.1649,19484.1
159845,华夏中证1000ETF,2024-04-10,624642.5606,-3600.0,-0.573,1348978.07387176,2.1596,-7774.56
159845,华夏中证1000ETF,2024-04-09,628242.5606,-1200.0,-0.1906,1382510.5788563602,2.2006000000000006,-2640.7200000000007
159845,华夏中证1000ETF,2024-04-08,629442.5606,-12400.0,-1.9319,1367778.6841838,2.173,-26945.2
159845,华夏中证1000ETF,2024-04-03,641842.5606,-25000.0,-3.749,1420975.24491234,2.2139,-55347.50000000001
159845,华夏中证1000ETF,2024-04-02,666842.5606,-26200.0,-3.7804,1484458.22415166,2.2261,-58323.82000000001
159845,华夏中证1000ETF,2024-04-01,693042.5606,22600.0,3.3709,1550613.42508644,2.2374,50565.24
159845,华夏中证1000ETF,2024-03-29,670442.5606,-400.0,-0.0596,1468269.207714,2.19,-876.0
159845,华夏中证1000ETF,2024-03-28,670842.5606,11400.0,1.7287,1453246.23902778,2.1663,24695.82
159845,华夏中证1000ETF,2024-03-27,659442.5606,-16400.0,-2.4266,1397886.33995988,2.1198,-34764.72
159845,华夏中证1000ETF,2024-03-26,675842.5606,0.0,0.0,1481987.56688368,2.1928,0.0
159845,华夏中证1000ETF,2024-03-25,675842.5606,-17600.0,-2.5381,1487056.38608818,2.2003,-38725.28
159845,华夏中证1000ETF,2024-03-22,693442.5606,-11000.0,-1.5615,1562048.71200756,2.2526,-24778.600000000002
159845,华夏中证1000ETF,2024-03-21,704442.5606,-8000.0,-1.1229,1604508.8202786199,2.2777,-18221.6
159845,华夏中证1000ETF,2024-03-20,712442.5606,-6200.0,-0.8627,1623015.3973028602,2.2781000000000002,-14124.220000000001
159845,华夏中证1000ETF,2024-03-19,718642.5606,-2800.0,-0.3881,1622263.71629844,2.2574,-6320.72
159845,华夏中证1000ETF,2024-03-18,721442.5606,15200.0,2.1522,1640271.80578016,2.2736,34558.72
159845,华夏中证1000ETF,2024-03-15,706242.5606,400.0,0.0567,1579511.4867819,2.2365000000000004,894.6000000000001
159845,华夏中证1000ETF,2024-03-14,705842.5606,-2200.0,-0.3107,1558994.4635972201,2.2087000000000003,-4859.14
159845,华夏中证1000ETF,2024-03-13,708042.5606,-600.0,-0.0847,1573907.80795774,2.2229,-1333.74
159845,华夏中证1000ETF,2024-03-12,708642.5606,-6400.0,-0.8951,1568013.39383962,2.2127000000000003,-14161.280000000002
159845,华夏中证1000ETF,2024-03-11,715042.5606,-6600.0,-0.9146,1573594.1631124201,2.2007000000000003,-14524.620000000003
159845,华夏中证1000ETF,2024-03-08,721642.5606,1600.0,0.2222,1560263.38027326,2.1621,3459.36
159845,华夏中证1000ETF,2024-03-07,720042.5606,600.0,0.0834,1537434.87539312,2.1352,1281.1200000000001
159845,华夏中证1000ETF,2024-03-06,719442.5606,11600.0,1.6388,1558744.2517959601,2.1666000000000003,25132.560000000005
159845,华夏中证1000ETF,2024-03-05,707842.5606,73200.0,11.5341,1531771.3011384,2.164,158404.80000000002
159845,华夏中证1000ETF,2024-03-04,634642.5606,-21200.0,-3.2325,1387011.3161913,2.1855,-46332.600000000006
159845,华夏中证1000ETF,2024-03-01,655842.5606,-14200.0,-2.1193,1426523.1535610599,2.1751,-30886.420000000002
159845,华夏中证1000ETF,2024-02-29,670042.5606,1400.0,0.2094,1441931.5904112,2.152,3012.8
159845,华夏中证1000ETF,2024-02-28,668642.5606,17200.0,2.6403,1387299.5847328801,2.0748,35686.560000000005
159845,华夏中证1000ETF,2024-02-27,651442.5606,3400.0,0.5247,1414933.2416232,2.172,7384.8
159845,华夏中证1000ETF,2024-02-26,648042.5606,-7200.0,-1.0988,1371452.47099778,2.1163000000000003,-15237.360000000002
159845,华夏中证1000ETF,2024-02-23,655242.5606,-9000.0,-1.3549,1378892.44452664,2.1044,-18939.600000000002
159845,华夏中证1000ETF,2024-02-22,664242.5606,-18600.0,-2.7239,1377904.7677086398,2.0744,-38583.84
159845,华夏中证1000ETF,2024-02-21,682842.5606,-800.0,-0.117,1395252.20407398,2.0433,-1634.6399999999999
159845,华夏中证1000ETF,2024-02-20,683642.5606,-30800.0,-4.3111,1389230.04739526,2.0321000000000002,-62588.68000000001
159845,华夏中证1000ETF,2024-02-19,714442.5606,51000.0,7.6872,1447031.96223924,2.0254000000000003,103295.40000000001
159845,华夏中证1000ETF,2024-02-08,663442.5606,43600.0,7.034,1334315.67787872,2.0112,87688.32
159845,华夏中证1000ETF,2024-02-07,619842.5606,124300.0,25.0836,1197783.76410344,1.9324000000000003,240197.32000000004
159845,华夏中证1000ETF,2024-02-06,495542.5606,210000.0,73.5442,917001.5083903,1.8504999999999998,388604.99999999994
159845,华夏中证1000ETF,2024-02-05,285542.5606,21100.0,7.979,493931.52132587996,1.7297999999999998,36498.78
159845,华夏中证1000ETF,2024-02-02,264442.5606,4600.0,1.7703,487420.52769792004,1.8432,8478.72
159845,华夏中证1000ETF,2024-02-01,259842.5606,8100.0,3.2176,497442.59801264,1.9144,15506.640000000001
159845,华夏中证1000ETF,2024-01-31,251742.5606,3900.0,1.5736,485460.35386104,1.9284000000000001,7520.76
159845,华夏中证1000ETF,2024-01-30,247842.5606,4300.0,1.7656,497890.91998934,2.0089,8638.27
159845,华夏中证1000ETF,2024-01-29,243542.5606,7900.0,3.3525,503670.36957686004,2.0681000000000003,16337.990000000002
159845,华夏中证1000ETF,2024-01-26,235642.5606,-13200.0,-5.3046,500504.7987144,2.124,-28036.800000000003
159845,华夏中证1000ETF,2024-01-25,248842.5606,17700.0,7.6576,533219.8388536801,2.1428000000000003,37927.560000000005
159845,华夏中证1000ETF,2024-01-24,231142.5606,-3200.0,-1.3655,479135.41386773996,2.0728999999999997,-6633.279999999999
159845,华夏中证1000ETF,2024-01-23,234342.5606,2400.0,1.0347,479792.95857243997,2.0473999999999997,4913.759999999999
159845,华夏中证1000ETF,2024-01-22,231942.5606,-6200.0,-2.6035,467410.64812112,2.0152,-12494.24
159845,华夏中证1000ETF,2024-01-19,238142.5606,2900.0,1.2328,509410.75137946,2.1391,6203.39
159845,华夏中证1000ETF,2024-01-18,235242.5606,-6700.0,-2.7693,509417.76497930003,2.1655,-14508.850000000002
159845,华夏中证1000ETF,2024-01-17,241942.5606,-8000.0,-3.2007,525523.43587926,2.1721,-17376.8
159845,华夏中证1000ETF,2024-01-16,249942.5606,-4600.0,-1.8072,558046.75505162,2.2327,-10270.42
159845,华夏中证1000ETF,2024-01-15,254542.5606,-6200.0,-2.3778,570404.4240485401,2.2409000000000003,-13893.580000000002
159845,华夏中证1000ETF,2024-01-12,260742.5606,-10200.0,-3.7646,585914.6079242601,2.2471000000000005,-22920.420000000006
159845,华夏中证1000ETF,2024-01-11,270942.5606,8800.0,3.357,612844.97782114,2.2619,19904.719999999998
159845,华夏中证1000ETF,2024-01-10,262142.5606,-100.0,-0.0381,582454.55539714,2.2218999999999998,-222.18999999999997
159845,华夏中证1000ETF,2024-01-09,262242.5606,-8300.0,-3.0679,587003.7476470399,2.2383999999999995,-18578.719999999998
159845,华夏中证1000ETF,2024-01-08,270542.5606,-7400.0,-2.6624,604554.40591676,2.2346,-16536.04
159845,华夏中证1000ETF,2024-01-05,277942.5606,-4400.0,-1.5584,635960.37290886,2.2880999999999996,-10067.639999999998
159845,华夏中证1000ETF,2024-01-04,282342.5606,-6600.0,-2.2842,658253.44578284,2.3314,-15387.24
159845,华夏中证1000ETF,2024-01-03,288942.5606,-12600.0,-4.1785,678437.1322888,2.348,-29584.8
159845,华夏中证1000ETF,2024-01-02,301542.5606,-14200.0,-4.4973,711791.2142963001,2.3605,-33519.1
159845,华夏中证1000ETF,2023-12-29,315742.5606,7300.0,2.3667,749509.69035228,2.3738,17328.74
159845,华夏中证1000ETF,2023-12-28,308442.5606,19700.0,6.8227,722064.0343646,2.3409999999999997,46117.7
159845,华夏中证1000ETF,2023-12-27,288742.5606,2700.0,0.9439,663183.9131860799,2.2967999999999997,6201.36
159845,华夏中证1000ETF,2023-12-26,286042.5606,1600.0,0.5625,651890.9956074001,2.279,3646.3999999999996
159845,华夏中证1000ETF,2023-12-25,284442.5606,3900.0,1.3902,657830.30989962,2.3127,9019.53
159845,华夏中证1000ETF,2023-12-22,280542.5606,-5900.0,-2.0597,648642.45436326,2.3120999999999996,-13641.389999999998
159845,华夏中证1000ETF,2023-12-21,286442.5606,300.0,0.1048,669788.63945098,2.3383,701.4899999999999
159845,华夏中证1000ETF,2023-12-20,286142.5606,-4400.0,-1.5144,664766.3967859199,2.3231999999999995,-10222.079999999998
159845,华夏中证1000ETF,2023-12-19,290542.5606,2900.0,1.0082,686929.77602658,2.3642999999999996,6856.469999999999
159845,华夏中证1000ETF,2023-12-18,287642.5606,800.0,0.2789,679354.19962508,2.3617999999999997,1889.4399999999998
159845,华夏中证1000ETF,2023-12-15,286842.5606,-14700.0,-4.8749,688422.14544,2.4,-35280.0
159845,华夏中证1000ETF,2023-12-14,301542.5606,14800.0,5.1614,728617.2891777799,2.4162999999999997,35761.24
159845,华夏中证1000ETF,2023-12-13,286742.5606,200.0,0.0698,696067.5658565,2.4274999999999998,485.49999999999994
159845,华夏中证1000ETF,2023-12-12,286542.5606,-4700.0,-1.6138,702459.0873109,2.4515,-11522.05
159845,华夏中证1000ETF,2023-12-11,291242.5606,7700.0,2.7156,713515.1492139399,2.4498999999999995,18864.229999999996
159845,华夏中证1000ETF,2023-12-08,283542.5606,5900.0,2.125,686456.5392126001,2.4210000000000003,14283.900000000001
159845,华夏中证1000ETF,2023-12-07,277642.5606,12700.0,4.7935,673366.50222318,2.4253,30801.31
159845,华夏中证1000ETF,2023-12-06,264942.5606,4400.0,1.6888,642909.6175519599,2.4265999999999996,10677.039999999999
159845,华夏中证1000ETF,2023-12-05,260542.5606,-300.0,-0.115,628897.63277628,2.4138,-724.1400000000001
159845,华夏中证1000ETF,2023-12-04,260842.5606,-6100.0,-2.2851,642481.31101386,2.4631000000000003,-15024.910000000002
159845,华夏中证1000ETF,2023-12-01,266942.5606,-2500.0,-0.9278,659268.04191382,2.4696999999999996,-6174.249999999999
159845,华夏中证1000ETF,2023-11-30,269442.5606,-13600.0,-4.8049,659999.5521897001,2.4495,-33313.2
159845,华夏中证1000ETF,2023-11-29,283042.5606,-5400.0,-1.8721,697162.13101386,2.4631,-13300.74
159845,华夏中证1000ETF,2023-11-28,288442.5606,100.0,0.0347,713924.18174106,2.4751,247.51
159845,华夏中证1000ETF,2023-11-27,288342.5606,-5300.0,-1.8049,709985.88696538,2.4623,-13050.19
159845,华夏中证1000ETF,2023-11-24,293642.5606,-15500.0,-5.0139,723447.17655022,2.4637,-38187.35
159845,华夏中证1000ETF,2023-11-23,309142.5606,600.0,0.1945,771867.14530608,2.4968,1498.08
159845,华夏中证1000ETF,2023-11-22,308542.5606,-200.0,-0.0648,762346.95873048,2.4708,-494.16
159845,华夏中证1000ETF,2023-11-21,308742.5606,-3500.0,-1.1209,772659.13215756,2.5025999999999997,-8759.099999999999
159845,华夏中证1000ETF,2023-11-20,312242.5606,-3800.0,-1.2024,786632.68291958,2.5193,-9573.34
159845,华夏中证1000ETF,2023-11-17,316042.5606,-10700.0,-3.2747,789379.50361062,2.4977,-26725.39
159845,华夏中证1000ETF,2023-11-16,326742.5606,-4700.0,-1.418,809014.5800456001,2.476,-11637.2
159845,华夏中证1000ETF,2023-11-15,331442.5606,-1700.0,-0.5103,828937.8440606,2.501,-4251.7
159845,华夏中证1000ETF,2023-11-14,333142.5606,-4700.0,-1.3912,829824.80419854,2.4909,-11707.23
159845,华夏中证1000ETF,2023-11-13,337842.5606,-5300.0,-1.5445,836464.39578954,2.4758999999999998,-13122.269999999999
159845,华夏中证1000ETF,2023-11-10,343142.5606,-13000.0,-3.6502,841900.2724321,2.4535,-31895.5
159845,华夏中证1000ETF,2023-11-09,356142.5606,-12800.0,-3.4694,875576.4852351,2.4585,-31468.8
159845,华夏中证1000ETF,2023-11-08,368942.5606,-13000.0,-3.4037,912727.0006683399,2.4738999999999995,-32160.699999999993
159845,华夏中证1000ETF,2023-11-07,381942.5606,-10600.0,-2.7003,941564.8003911199,2.4651999999999994,-26131.119999999995
159845,华夏中证1000ETF,2023-11-06,392542.5606,5200.0,1.3425,964516.32565026,2.4570999999999996,12776.919999999998
159845,华夏中证1000ETF,2023-11-03,387342.5606,23700.0,6.5174,932488.48038844,2.4073999999999995,57055.37999999999
159845,华夏中证1000ETF,2023-11-02,363642.5606,5800.0,1.6208,862560.1537431999,2.3719999999999994,13757.599999999997
159845,华夏中证1000ETF,2023-11-01,357842.5606,-5400.0,-1.4866,859358.9092809,2.4015,-12968.1
159845,华夏中证1000ETF,2023-10-31,363242.5606,2400.0,0.6651,873925.2765475401,2.4059,5774.16
159845,华夏中证1000ETF,2023-10-30,360842.5606,-800.0,-0.2212,873563.75495654,2.4208999999999996,-1936.7199999999998
159845,华夏中证1000ETF,2023-10-27,361642.5606,4600.0,1.2884,862445.17851888,2.3848,10970.08
159845,华夏中证1000ETF,2023-10-26,357042.5606,-13000.0,-3.5131,836443.60671762,2.3427,-30455.1
159845,华夏中证1000ETF,2023-10-25,370042.5606,-12800.0,-3.3434,862051.1491737601,2.3296,-29818.88
159845,华夏中证1000ETF,2023-10-24,382842.5606,-30100.0,-7.2891,882873.2289996599,2.3060999999999994,-69413.60999999999
159845,华夏中证1000ETF,2023-10-23,412942.5606,-27600.0,-6.265,938866.2057801599,2.2735999999999996,-62751.359999999986
159845,华夏中证1000ETF,2023-10-20,440542.5606,-14000.0,-3.08,1025759.2981010401,2.3284,-32597.6
159845,华夏中证1000ETF,2023-10-19,454542.5606,-21800.0,-4.5765,1070993.18128572,2.3562,-51365.159999999996
159845,华夏中证1000ETF,2023-10-18,476342.5606,-8000.0,-1.6517,1134790.88211738,2.3823,-19058.399999999998
159845,华夏中证1000ETF,2023-10-17,484342.5606,-6600.0,-1.3444,1174046.3668944,2.424,-15998.4
159845,华夏中证1000ETF,2023-10-16,490942.5606,-17300.0,-3.4039,1192597.66820952,2.4292,-42025.159999999996
159845,华夏中证1000ETF,2023-10-13,508242.5606,-5500.0,-1.0706,1246464.8798715,2.4524999999999997,-13488.749999999998
159845,华夏中证1000ETF,2023-10-12,513742.5606,-11200.0,-2.1336,1264680.06142902,2.4617,-27571.04
159845,华夏中证1000ETF,2023-10-11,524942.5606,-29900.0,-5.3889,1282749.64108216,2.4436,-73063.64
159845,华夏中证1000ETF,2023-10-10,554842.5606,-7300.0,-1.2986,1352262.28869432,2.4372000000000003,-17791.56
159845,华夏中证1000ETF,2023-10-09,562142.5606,-7300.0,-1.282,1373820.20385034,2.4439,-17840.47
159845,华夏中证1000ETF,2023-09-28,569442.5606,-16900.0,-2.8823,1396159.27007908,2.4518,-41435.42
159845,华夏中证1000ETF,2023-09-27,586342.5606,15100.0,2.6434,1426923.25547616,2.4336,36747.36
159845,华夏中证1000ETF,2023-09-26,571242.5606,10500.0,1.8725,1381378.76004292,2.4182,25391.100000000002
159845,华夏中证1000ETF,2023-09-25,560742.5606,-12000.0,-2.0952,1363053.01630648,2.4308,-29169.600000000002
159845,华夏中证1000ETF,2023-09-22,572742.5606,32400.0,5.9962,1398637.3329852,2.442,79120.8
159845,华夏中证1000ETF,2023-09-21,540342.5606,3500.0,0.652,1294174.46689306,2.3951,8382.849999999999
159845,华夏中证1000ETF,2023-09-20,536842.5606,14600.0,2.7956,1295132.6774475,2.4125,35222.5
159845,华夏中证1000ETF,2023-09-19,522242.5606,9400.0,1.8329,1270041.68312314,2.4318999999999997,22859.859999999997
159845,华夏中证1000ETF,2023-09-18,512842.5606,18300.0,3.7004,1258105.36966392,2.4532,44893.56
159845,华夏中证1000ETF,2023-09-15,494542.5606,-2300.0,-0.4629,1212272.17879878,2.4513,-5637.99
159845,华夏中证1000ETF,2023-09-14,496842.5606,-3600.0,-0.7194,1215823.43004426,2.4471000000000003,-8809.560000000001
159845,华夏中证1000ETF,2023-09-13,500442.5606,-12700.0,-2.4749,1231589.1416366,2.461,-31254.699999999997
159845,华夏中证1000ETF,2023-09-12,513142.5606,-3700.0,-0.7159,1279777.5461364,2.4939999999999998,-9227.8
159845,华夏中证1000ETF,2023-09-11,516842.5606,-7300.0,-1.3928,1288540.18783186,2.4931,-18199.63
159845,华夏中证1000ETF,2023-09-08,524142.5606,-23200.0,-4.2387,1289914.8416366,2.461,-57095.2
159845,华夏中证1000ETF,2023-09-07,547342.5606,-8200.0,-1.476,1342795.50391998,2.4533,-20117.06
159845,华夏中证1000ETF,2023-09-06,555542.5606,-2700.0,-0.4837,1387967.53340304,2.4984,-6745.68
159845,华夏中证1000ETF,2023-09-05,558242.5606,-13200.0,-2.3099,1388516.72098038,2.4873000000000003,-32832.36
159845,华夏中证1000ETF,2023-09-04,571442.5606,7900.0,1.4018,1428434.96873182,2.4997,19747.629999999997
159845,华夏中证1000ETF,2023-09-01,563542.5606,6300.0,1.1306,1387948.97250174,2.4629000000000003,15516.270000000002
159845,华夏中证1000ETF,2023-08-31,557242.5606,-2000.0,-0.3576,1371819.73568508,2.4618,-4923.6
159845,华夏中证1000ETF,2023-08-30,559242.5606,-6400.0,-1.1315,1384684.5800456,2.476,-15846.4
159845,华夏中证1000ETF,2023-08-29,565642.5606,21400.0,3.9321,1393121.0625017402,2.4629000000000003,52706.060000000005
159845,华夏中证1000ETF,2023-08-28,544242.5606,-34300.0,-5.9287,1299433.5376885599,2.3876,-81894.68
159845,华夏中证1000ETF,2023-08-25,578542.5606,700.0,0.1211,1371261.57713412,2.3702,1659.14
159845,华夏中证1000ETF,2023-08-24,577842.5606,-2300.0,-0.3965,1395027.50980052,2.4142,-5552.66
159845,华夏中证1000ETF,2023-08-23,580142.5606,-18000.0,-3.0093,1397215.34294904,2.4084000000000003,-43351.200000000004
159845,华夏中证1000ETF,2023-08-22,598142.5606,-24300.0,-3.904,1470772.74225934,2.4589,-59751.27
159845,华夏中证1000ETF,2023-08-21,622442.5606,-10300.0,-1.6278,1520129.2214973199,2.4421999999999997,-25154.659999999996
159845,华夏中证1000ETF,2023-08-18,632742.5606,-2900.0,-0.4562,1560659.5257199,2.4665,-7152.849999999999
159845,华夏中证1000ETF,2023-08-17,635642.5606,8000.0,1.2746,1601120.04589534,2.5189,20151.2
159845,华夏中证1000ETF,2023-08-16,627642.5606,9900.0,1.6026,1565528.8389045799,2.4943,24693.57
159845,华夏中证1000ETF,2023-08-15,617742.5606,-300.0,-0.0485,1559367.54572258,2.5243,-757.2900000000001
159845,华夏中证1000ETF,2023-08-14,618042.5606,-500.0,-0.0808,1574401.61887244,2.5474,-1273.7
159845,华夏中证1000ETF,2023-08-11,618542.5606,-6800.0,-1.0874,1572087.77202096,2.5416000000000003,-17282.88
159845,华夏中证1000ETF,2023-08-10,625342.5606,2300.0,0.3692,1620074.97174642,2.5907,5958.61
159845,华夏中证1000ETF,2023-08-09,623042.5606,22100.0,3.6776,1612496.45108886,2.5881,57197.009999999995
159845,华夏中证1000ETF,2023-08-08,600942.5606,6100.0,1.0255,1567498.5750690398,2.6084,15911.24
159845,华夏中证1000ETF,2023-08-07,594842.5606,17900.0,3.1026,1559379.7726129,2.6215,46924.850000000006
159845,华夏中证1000ETF,2023-08-04,576942.5606,11200.0,1.9797,1519724.39887646,2.6341,29501.920000000002
159845,华夏中证1000ETF,2023-08-03,565742.5606,-23300.0,-3.9556,1482188.93451594,2.6199000000000003,-61043.670000000006
159845,华夏中证1000ETF,2023-08-02,589042.5606,-7700.0,-1.2903,1542407.9449311001,2.6185000000000005,-20162.450000000004
159845,华夏中证1000ETF,2023-08-01,596742.5606,1000.0,0.1679,1565315.41070986,2.6231,2623.1
159845,华夏中证1000ETF,2023-07-31,595742.5606,14000.0,2.4066,1564717.8354159,2.6265,36771.0
159845,华夏中证1000ETF,2023-07-28,581742.5606,27700.0,4.9996,1516195.6356917801,2.6063000000000005,72194.51000000001
563300,华泰柏瑞中证2000ETF,2026-07-27,433117.4,7500.0,1.7621,566084.4418,1.307,9802.5
563300,华泰柏瑞中证2000ETF,2026-07-24,425617.4,-500.0,-0.1173,535809.7448600001,1.2589000000000001,-629.45
563300,华泰柏瑞中证2000ETF,2026-07-23,426117.4,23500.0,5.8368,552120.31518,1.2957,30448.95
563300,华泰柏瑞中证2000ETF,2026-07-22,402617.4,-33500.0,-7.6814,513699.54066000006,1.2759,-42742.65
563300,华泰柏瑞中证2000ETF,2026-07-21,436117.4,97500.0,28.7936,565251.76214,1.2961,126369.75
563300,华泰柏瑞中证2000ETF,2026-07-20,338617.4,43750.0,14.8372,426657.924,1.26,55125.0
563300,华泰柏瑞中证2000ETF,2026-07-17,294867.4,42250.0,16.7249,389431.37518000003,1.3207,55799.575
563300,华泰柏瑞中证2000ETF,2026-07-16,252617.4,4750.0,1.9163,357125.21838000003,1.4137000000000002,6715.075000000001
563300,华泰柏瑞中证2000ETF,2026-07-15,247867.4,-500.0,-0.2013,357573.51124,1.4426,-721.3000000000001
563300,华泰柏瑞中证2000ETF,2026-07-14,248367.4,16500.0,7.1161,362020.32224,1.4576,24050.4
563300,华泰柏瑞中证2000ETF,2026-07-13,231867.4,1250.0,0.542,331106.6472,1.4280000000000002,1785.0000000000002
563300,华泰柏瑞中证2000ETF,2026-07-10,230617.4,8500.0,3.8268,348624.32358,1.5117,12849.45
563300,华泰柏瑞中证2000ETF,2026-07-09,222117.4,7250.0,3.3742,337040.94276,1.5174,11001.150000000001
563300,华泰柏瑞中证2000ETF,2026-07-08,214867.4,6000.0,2.8726,320582.1608,1.492,8952.0
563300,华泰柏瑞中证2000ETF,2026-07-07,208867.4,1750.0,0.8449,319483.57504,1.5296,2676.8
563300,华泰柏瑞中证2000ETF,2026-07-06,207117.4,-14000.0,-6.3315,326064.92282,1.5743,-22040.2
563300,华泰柏瑞中证2000ETF,2026-07-03,221117.4,-2500.0,-1.118,354517.52742,1.6033,-4008.25
563300,华泰柏瑞中证2000ETF,2026-07-02,223617.4,3000.0,1.3598,357922.01044,1.6006,4801.8
563300,华泰柏瑞中证2000ETF,2026-07-01,220617.4,9000.0,4.253,360113.78202,1.6322999999999999,14690.699999999999
563300,华泰柏瑞中证2000ETF,2026-06-30,211617.4,10250.0,5.0902,339667.08874000004,1.6051000000000002,16452.275
563300,华泰柏瑞中证2000ETF,2026-06-29,201367.4,-4000.0,-1.9477,315301.07492,1.5657999999999999,-6263.2
563300,华泰柏瑞中证2000ETF,2026-06-26,205367.4,-4750.0,-2.2606,324008.14698,1.5777,-7494.075000000001
563300,华泰柏瑞中证2000ETF,2026-06-25,210117.4,-6000.0,-2.7763,339528.70665999997,1.6159,-9695.4
563300,华泰柏瑞中证2000ETF,2026-06-24,216117.4,-9000.0,-3.9979,351774.29198000004,1.6277000000000001,-14649.300000000001
563300,华泰柏瑞中证2000ETF,2026-06-23,225117.4,-5750.0,-2.4906,365905.82196,1.6254,-9346.05
563300,华泰柏瑞中证2000ETF,2026-06-22,230867.4,-2000.0,-0.8589,377260.41834000003,1.6341,-3268.2000000000003
563300,华泰柏瑞中证2000ETF,2026-06-18,232867.4,-750.0,-0.321,377478.0554,1.621,-1215.75
563300,华泰柏瑞中证2000ETF,2026-06-17,233617.4,-4000.0,-1.6834,375820.31138,1.6087000000000002,-6434.800000000001
563300,华泰柏瑞中证2000ETF,2026-06-16,237617.4,8750.0,3.8232,381233.35656,1.6044,14038.5
563300,华泰柏瑞中证2000ETF,2026-06-15,228867.4,12750.0,5.8996,361427.39808,1.5792000000000002,20134.800000000003
563300,华泰柏瑞中证2000ETF,2026-06-12,216117.4,1500.0,0.6989,329211.63542,1.5233,2284.9500000000003
563300,华泰柏瑞中证2000ETF,2026-06-11,214617.4,-9500.0,-4.2388,324179.5827,1.5105000000000002,-14349.750000000002
563300,华泰柏瑞中证2000ETF,2026-06-10,224117.4,-5500.0,-2.3953,340591.21278,1.5197,-8358.35
563300,华泰柏瑞中证2000ETF,2026-06-09,229617.4,-10750.0,-4.4723,355126.27084,1.5466000000000002,-16625.95
563300,华泰柏瑞中证2000ETF,2026-06-08,240367.4,4500.0,1.9079,362882.66378,1.5097,6793.650000000001
563300,华泰柏瑞中证2000ETF,2026-06-05,235867.4,10750.0,4.7753,368731.50642,1.5633,16805.475
563300,华泰柏瑞中证2000ETF,2026-06-04,225117.4,-17250.0,-7.1173,351250.67922,1.5603,-26915.175
563300,华泰柏瑞中证2000ETF,2026-06-03,242367.4,-11750.0,-4.6238,376978.25396,1.5554000000000001,-18275.95
563300,华泰柏瑞中证2000ETF,2026-06-02,254117.4,-2250.0,-0.8776,394390.2048,1.552,-3492.0
563300,华泰柏瑞中证2000ETF,2026-06-01,256367.4,500.0,0.1954,397907.84154,1.5521,776.0500000000001
563300,华泰柏瑞中证2000ETF,2026-05-29,255867.4,-9000.0,-3.3979,397797.04678000003,1.5547000000000002,-13992.300000000001
563300,华泰柏瑞中证2000ETF,2026-05-28,264867.4,-3500.0,-1.3042,425986.23942,1.6082999999999998,-5629.049999999999
563300,华泰柏瑞中证2000ETF,2026-05-27,268367.4,-16500.0,-5.7922,424637.73702,1.5822999999999998,-26107.949999999997
563300,华泰柏瑞中证2000ETF,2026-05-26,284867.4,-4000.0,-1.3847,459348.6825,1.6124999999999998,-6449.999999999999
563300,华泰柏瑞中证2000ETF,2026-05-25,288867.4,4500.0,1.5825,472211.53878,1.6346999999999998,7356.15
563300,华泰柏瑞中证2000ETF,2026-05-22,284367.4,11250.0,4.1191,463120.74763999996,1.6285999999999998,18321.749999999996
563300,华泰柏瑞中证2000ETF,2026-05-21,273117.4,3250.0,1.2043,432208.2855,1.5824999999999998,5143.124999999999
563300,华泰柏瑞中证2000ETF,2026-05-20,269867.4,-6250.0,-2.2635,442177.7349,1.6384999999999998,-10240.624999999998
563300,华泰柏瑞中证2000ETF,2026-05-19,276117.4,13000.0,4.9408,453108.6534,1.6409999999999998,21332.999999999996
563300,华泰柏瑞中证2000ETF,2026-05-18,263117.4,-12250.0,-4.4486,427960.4511,1.6264999999999998,-19924.624999999996
563300,华泰柏瑞中证2000ETF,2026-05-15,275367.4,3250.0,1.1943,445048.79188000003,1.6162,5252.650000000001
563300,华泰柏瑞中证2000ETF,2026-05-14,272117.4,-15750.0,-5.4713,442707.79806000006,1.6269,-25623.675
563300,华泰柏瑞中证2000ETF,2026-05-13,287867.4,14000.0,5.112,478550.76576000004,1.6624,23273.600000000002
563300,华泰柏瑞中证2000ETF,2026-05-12,273867.4,-20250.0,-6.885,449498.56362,1.6412999999999998,-33236.325
563300,华泰柏瑞中证2000ETF,2026-05-11,294117.4,-4250.0,-1.4244,486381.94438,1.6537,-7028.224999999999
563300,华泰柏瑞中证2000ETF,2026-05-08,298367.4,8750.0,3.0212,487114.61723999993,1.6325999999999996,14285.249999999996
563300,华泰柏瑞中证2000ETF,2026-05-07,289617.4,9000.0,3.2072,469209.14973999996,1.6200999999999997,14580.899999999996
563300,华泰柏瑞中证2000ETF,2026-05-06,280617.4,7500.0,2.7461,446350.03643999994,1.5905999999999996,11929.499999999996
563300,华泰柏瑞中证2000ETF,2026-04-30,273117.4,6250.0,2.342,425844.65008,1.5592,9745.0
563300,华泰柏瑞中证2000ETF,2026-04-29,266867.4,31000.0,13.143,413057.36172,1.5477999999999998,47981.799999999996
563300,华泰柏瑞中证2000ETF,2026-04-28,235867.4,-6250.0,-2.5814,359627.02478000004,1.5247000000000002,-9529.375000000002
563300,华泰柏瑞中证2000ETF,2026-04-27,242117.4,-2750.0,-1.1231,373538.72472,1.5428,-4242.7
563300,华泰柏瑞中证2000ETF,2026-04-24,244867.4,-11250.0,-4.3925,374328.79438000004,1.5287000000000002,-17197.875000000004
563300,华泰柏瑞中证2000ETF,2026-04-23,256117.4,-5750.0,-2.1958,393754.89076,1.5373999999999999,-8840.05
563300,华泰柏瑞中证2000ETF,2026-04-22,261867.4,1250.0,0.4796,407648.98158,1.5567000000000002,1945.8750000000002
563300,华泰柏瑞中证2000ETF,2026-04-21,260617.4,-4250.0,-1.6046,401819.90732,1.5418,-6552.650000000001
563300,华泰柏瑞中证2000ETF,2026-04-20,264867.4,-750.0,-0.2824,409167.15952,1.5447999999999997,-1158.6
563300,华泰柏瑞中证2000ETF,2026-04-17,265617.4,-500.0,-0.1879,407350.84464,1.5335999999999999,-766.8
563300,华泰柏瑞中证2000ETF,2026-04-16,266117.4,8750.0,3.3998,404631.5067,1.5205,13304.375
563300,华泰柏瑞中证2000ETF,2026-04-15,257367.4,-4750.0,-1.8122,383451.68926,1.4899,-7077.025
563300,华泰柏瑞中证2000ETF,2026-04-14,262117.4,3500.0,1.3534,392520.8065,1.4975,5241.25
563300,华泰柏瑞中证2000ETF,2026-04-13,258617.4,-6250.0,-2.3597,382624.4433,1.4795,-9246.875
563300,华泰柏瑞中证2000ETF,2026-04-10,264867.4,3250.0,1.2423,390573.46804,1.4746,4792.45
563300,华泰柏瑞中证2000ETF,2026-04-09,261617.4,-16500.0,-5.9327,382877.0649,1.4635,-24147.75
563300,华泰柏瑞中证2000ETF,2026-04-08,278117.4,17250.0,6.6126,409305.37758000003,1.4717,25386.825
563300,华泰柏瑞中证2000ETF,2026-04-07,260867.4,8750.0,3.4706,368292.59531999996,1.4118,12353.25
563300,华泰柏瑞中证2000ETF,2026-04-03,252117.4,1750.0,0.699,350947.4208,1.3920000000000001,2436.0
563300,华泰柏瑞中证2000ETF,2026-04-02,250367.4,-10000.0,-3.8407,355271.3406,1.419,-14190.0
563300,华泰柏瑞中证2000ETF,2026-04-01,260367.4,8250.0,3.2723,375632.04798000003,1.4427,11902.275000000001
563300,华泰柏瑞中证2000ETF,2026-03-31,252117.4,-8500.0,-3.2615,355989.7688,1.4120000000000001,-12002.000000000002
563300,华泰柏瑞中证2000ETF,2026-03-30,260617.4,-6500.0,-2.4334,375002.37686,1.4389,-9352.85
563300,华泰柏瑞中证2000ETF,2026-03-27,267117.4,6250.0,2.3959,383260.04552,1.4347999999999999,8967.499999999998
563300,华泰柏瑞中证2000ETF,2026-03-26,260867.4,-15750.0,-5.6938,368944.76382,1.4143000000000001,-22275.225000000002
563300,华泰柏瑞中证2000ETF,2026-03-25,276617.4,0.0,0.0,396918.30726,1.4348999999999998,0.0
563300,华泰柏瑞中证2000ETF,2026-03-24,276617.4,13750.0,5.2308,388287.84438,1.4037,19300.875
563300,华泰柏瑞中证2000ETF,2026-03-23,262867.4,17000.0,6.9143,355265.2911,1.3514999999999997,22975.499999999996
563300,华泰柏瑞中证2000ETF,2026-03-20,245867.4,0.0,0.0,351762.48918000003,1.4307,0.0
563300,华泰柏瑞中证2000ETF,2026-03-19,245867.4,-7500.0,-2.9601,359728.59294,1.4631,-10973.25
563300,华泰柏瑞中证2000ETF,2026-03-18,253367.4,-16500.0,-6.1141,380659.18176,1.5024,-24789.6
563300,华泰柏瑞中证2000ETF,2026-03-17,269867.4,1000.0,0.3719,398729.0835,1.4774999999999998,1477.4999999999998
563300,华泰柏瑞中证2000ETF,2026-03-16,268867.4,-12250.0,-4.3576,408033.16624,1.5175999999999998,-18590.6
563300,华泰柏瑞中证2000ETF,2026-03-13,281117.4,-6000.0,-2.0897,424655.94444,1.5106,-9063.6
563300,华泰柏瑞中证2000ETF,2026-03-12,287117.4,-2000.0,-0.6918,438485.69328,1.5272,-3054.3999999999996
563300,华泰柏瑞中证2000ETF,2026-03-11,289117.4,-6500.0,-2.1988,446512.91256,1.5444,-10038.6
563300,华泰柏瑞中证2000ETF,2026-03-10,295617.4,4250.0,1.4586,456994.93866000004,1.5459,6570.075
563300,华泰柏瑞中证2000ETF,2026-03-09,291367.4,-3250.0,-1.1031,439906.50052,1.5097999999999998,-4906.849999999999
563300,华泰柏瑞中证2000ETF,2026-03-06,294617.4,-3750.0,-1.2568,448643.37672,1.5228,-5710.5
563300,华泰柏瑞中证2000ETF,2026-03-05,298367.4,-6000.0,-1.9713,448326.85523999995,1.5025999999999997,-9015.599999999999
563300,华泰柏瑞中证2000ETF,2026-03-04,304367.4,-17250.0,-5.3635,449733.27024,1.4775999999999998,-25488.599999999995
563300,华泰柏瑞中证2000ETF,2026-03-03,321617.4,-17750.0,-5.2303,476636.9868,1.482,-26305.5
563300,华泰柏瑞中证2000ETF,2026-03-02,339367.4,-15750.0,-4.4352,523134.8471,1.5414999999999999,-24278.624999999996
563300,华泰柏瑞中证2000ETF,2026-02-27,355117.4,-6500.0,-1.7975,556042.8249199999,1.5657999999999996,-10177.699999999997
563300,华泰柏瑞中证2000ETF,2026-02-26,361617.4,2000.0,0.5561,561266.36654,1.5520999999999998,3104.2
563300,华泰柏瑞中证2000ETF,2026-02-25,359617.4,2500.0,0.7,553235.40816,1.5383999999999998,3845.9999999999995
563300,华泰柏瑞中证2000ETF,2026-02-24,357117.4,6000.0,1.7088,543389.83584,1.5215999999999998,9129.599999999999
563300,华泰柏瑞中证2000ETF,2026-02-13,351117.4,7500.0,2.1827,527378.3348,1.5019999999999998,11264.999999999998
563300,华泰柏瑞中证2000ETF,2026-02-12,343617.4,8250.0,2.46,518484.29486,1.5089,12448.425
563300,华泰柏瑞中证2000ETF,2026-02-11,335367.4,6250.0,1.899,505130.37788000004,1.5062,9413.75
563300,华泰柏瑞中证2000ETF,2026-02-10,329117.4,4750.0,1.4644,496868.53878,1.5096999999999998,7171.074999999999
563300,华泰柏瑞中证2000ETF,2026-02-09,324367.4,19500.0,6.3962,489859.64748000004,1.5102,29448.9
563300,华泰柏瑞中证2000ETF,2026-02-06,304867.4,10000.0,3.3914,451813.4868,1.482,14820.0
563300,华泰柏瑞中证2000ETF,2026-02-05,294867.4,1000.0,0.3403,434369.16693999997,1.4730999999999999,1473.1
563300,华泰柏瑞中证2000ETF,2026-02-04,293867.4,9500.0,3.3407,438597.0945,1.4925,14178.75
563300,华泰柏瑞中证2000ETF,2026-02-03,284367.4,14750.0,5.4707,423934.91991999996,1.4907999999999997,21989.299999999996
563300,华泰柏瑞中证2000ETF,2026-02-02,269617.4,-6500.0,-2.3541,392266.35526,1.4548999999999999,-9456.849999999999
563300,华泰柏瑞中证2000ETF,2026-01-30,276117.4,5750.0,2.1267,412823.12474,1.4950999999999999,8596.824999999999
563300,华泰柏瑞中证2000ETF,2026-01-29,270367.4,-10750.0,-3.824,404280.37322,1.4952999999999999,-16074.474999999999
563300,华泰柏瑞中证2000ETF,2026-01-28,281117.4,1500.0,0.5364,426398.87231999997,1.5167999999999997,2275.1999999999994
563300,华泰柏瑞中证2000ETF,2026-01-27,279617.4,-6500.0,-2.2718,426416.535,1.5249999999999997,-9912.499999999998
563300,华泰柏瑞中证2000ETF,2026-01-26,286117.4,-8500.0,-2.8851,434183.1545,1.5174999999999998,-12898.749999999998
563300,华泰柏瑞中证2000ETF,2026-01-23,294617.4,31750.0,12.0783,451707.39768,1.5332,48679.1
563300,华泰柏瑞中证2000ETF,2026-01-22,262867.4,8500.0,3.3416,396482.89942,1.5082999999999998,12820.549999999997
563300,华泰柏瑞中证2000ETF,2026-01-21,254367.4,6250.0,2.519,380787.9978,1.497,9356.25
563300,华泰柏瑞中证2000ETF,2026-01-20,248117.4,-7000.0,-2.7438,367089.6933,1.4795,-10356.5
563300,华泰柏瑞中证2000ETF,2026-01-19,255117.4,12000.0,4.9359,380201.46122,1.4903,17883.6
563300,华泰柏瑞中证2000ETF,2026-01-16,243117.4,6750.0,2.8557,358355.0476,1.474,9949.5
563300,华泰柏瑞中证2000ETF,2026-01-15,236367.4,-4250.0,-1.7663,347554.62496,1.4704,-6249.2
563300,华泰柏瑞中证2000ETF,2026-01-14,240617.4,-5500.0,-2.2347,356065.62851999997,1.4798,-8138.9
563300,华泰柏瑞中证2000ETF,2026-01-13,246117.4,2500.0,1.0262,361152.67276,1.4674,3668.5
563300,华泰柏瑞中证2000ETF,2026-01-12,243617.4,13500.0,5.8666,362307.79728,1.4872,20077.2
563300,华泰柏瑞中证2000ETF,2026-01-09,230117.4,6500.0,2.9068,334015.4061,1.4515000000000002,9434.750000000002
563300,华泰柏瑞中证2000ETF,2026-01-08,223617.4,11000.0,5.1736,319526.90286,1.4288999999999998,15717.899999999998
563300,华泰柏瑞中证2000ETF,2026-01-07,212617.4,5000.0,2.4083,300874.88274000003,1.4151000000000002,7075.500000000001
563300,华泰柏瑞中证2000ETF,2026-01-06,207617.4,1500.0,0.7277,291930.82614,1.4061000000000001,2109.15
563300,华泰柏瑞中证2000ETF,2026-01-05,206117.4,10250.0,5.2331,286482.57425999996,1.3899,14246.474999999999
563300,华泰柏瑞中证2000ETF,2025-12-31,195867.4,2000.0,1.0316,267535.28166,1.3659,2731.7999999999997
563300,华泰柏瑞中证2000ETF,2025-12-30,193867.4,4250.0,2.2414,264803.48166,1.3659,5805.075
563300,华泰柏瑞中证2000ETF,2025-12-29,189617.4,-2000.0,-1.0437,259169.06231999997,1.3667999999999998,-2733.5999999999995
563300,华泰柏瑞中证2000ETF,2025-12-26,191617.4,8000.0,4.3569,262113.44146,1.3679000000000001,10943.2
563300,华泰柏瑞中证2000ETF,2025-12-25,183617.4,8250.0,4.7044,251353.85885999998,1.3689,11293.425
563300,华泰柏瑞中证2000ETF,2025-12-24,175367.4,5500.0,3.2378,237570.21678000002,1.3547000000000002,7450.850000000001
563300,华泰柏瑞中证2000ETF,2025-12-23,169867.4,-6250.0,-3.5488,226603.1116,1.334,-8337.5
563300,华泰柏瑞中证2000ETF,2025-12-22,176117.4,-7750.0,-4.215,235926.86904000002,1.3396000000000001,-10381.900000000001
563300,华泰柏瑞中证2000ETF,2025-12-19,183867.4,4000.0,2.2239,243863.33261999997,1.3262999999999998,5305.199999999999
563300,华泰柏瑞中证2000ETF,2025-12-18,179867.4,-4750.0,-2.5729,235014.74484,1.3066,-6206.35
563300,华泰柏瑞中证2000ETF,2025-12-17,184617.4,4750.0,2.6408,241091.86265999998,1.3059,6203.025000000001
563300,华泰柏瑞中证2000ETF,2025-12-16,179867.4,-2000.0,-1.0997,232460.62776,1.2924,-2584.8
563300,华泰柏瑞中证2000ETF,2025-12-15,181867.4,-6500.0,-3.4507,239373.87188000002,1.3162000000000003,-8555.300000000001
563300,华泰柏瑞中证2000ETF,2025-12-12,188367.4,-1000.0,-0.5281,248908.68235999998,1.3214,-1321.3999999999999
563300,华泰柏瑞中证2000ETF,2025-12-11,189367.4,-6000.0,-3.0711,248866.63708000001,1.3142,-7885.2
563300,华泰柏瑞中证2000ETF,2025-12-10,195367.4,-7000.0,-3.4591,260932.69944,1.3356000000000001,-9349.2
563300,华泰柏瑞中证2000ETF,2025-12-09,202367.4,-11500.0,-5.3772,269614.08702,1.3322999999999998,-15321.449999999997
563300,华泰柏瑞中证2000ETF,2025-12-08,213867.4,-6250.0,-2.8394,286817.57014,1.3411000000000002,-8381.875000000002
563300,华泰柏瑞中证2000ETF,2025-12-05,220117.4,10250.0,4.884,290907.15584,1.3216,13546.400000000001
563300,华泰柏瑞中证2000ETF,2025-12-04,209867.4,-1750.0,-0.827,272219.00454,1.2971,-2269.9249999999997
563300,华泰柏瑞中证2000ETF,2025-12-03,211617.4,-2750.0,-1.2828,276499.29484,1.3066,-3593.15
563300,华泰柏瑞中证2000ETF,2025-12-02,214367.4,-7000.0,-3.1622,282450.48624,1.3176,-9223.2
563300,华泰柏瑞中证2000ETF,2025-12-01,221367.4,-9000.0,-3.9068,293024.02738000004,1.3237000000000003,-11913.300000000003
563300,华泰柏瑞中证2000ETF,2025-11-28,230367.4,10500.0,4.7756,302702.7636,1.314,13797.0
563300,华泰柏瑞中证2000ETF,2025-11-27,219867.4,-13750.0,-5.8857,284838.2167,1.2955,-17813.125
563300,华泰柏瑞中证2000ETF,2025-11-26,233617.4,-12500.0,-5.0789,300852.48772,1.2877999999999998,-16097.499999999998
563300,华泰柏瑞中证2000ETF,2025-11-25,246117.4,-15000.0,-5.7445,318352.8569,1.2935,-19402.5
563300,华泰柏瑞中证2000ETF,2025-11-24,261117.4,-4500.0,-1.6942,332167.44454,1.2721,-5724.45
563300,华泰柏瑞中证2000ETF,2025-11-21,265617.4,23000.0,9.4799,332367.05262,1.2512999999999999,28779.899999999998
563300,华泰柏瑞中证2000ETF,2025-11-20,242617.4,3500.0,1.4637,316154.73394,1.3031000000000001,4560.85
563300,华泰柏瑞中证2000ETF,2025-11-19,239117.4,1250.0,0.5255,313674.20532,1.3118,1639.75
563300,华泰柏瑞中证2000ETF,2025-11-18,237867.4,1750.0,0.7412,316387.42874,1.3301,2327.675
563300,华泰柏瑞中证2000ETF,2025-11-17,236117.4,-3250.0,-1.3577,317837.63214,1.3461,-4374.825
563300,华泰柏瑞中证2000ETF,2025-11-14,239367.4,2000.0,0.8426,321254.98754,1.3421,2684.2000000000003
563300,华泰柏瑞中证2000ETF,2025-11-13,237367.4,9500.0,4.1691,320137.41238,1.3487,12812.65
563300,华泰柏瑞中证2000ETF,2025-11-12,227867.4,-2750.0,-1.1925,303701.67072,1.3328,-3665.2
563300,华泰柏瑞中证2000ETF,2025-11-11,230617.4,6750.0,3.0152,309396.30384,1.3416000000000001,9055.800000000001
563300,华泰柏瑞中证2000ETF,2025-11-10,223867.4,2250.0,1.0153,299310.7138,1.3370000000000002,3008.2500000000005
563300,华泰柏瑞中证2000ETF,2025-11-07,221617.4,3750.0,1.7212,294108.45154000004,1.3271000000000002,4976.625000000001
563300,华泰柏瑞中证2000ETF,2025-11-06,217867.4,7750.0,3.6884,290046.86961999995,1.3313,10317.574999999999
563300,华泰柏瑞中证2000ETF,2025-11-05,210117.4,7500.0,3.7016,277607.10888,1.3212000000000002,9909.000000000002
563300,华泰柏瑞中证2000ETF,2025-11-04,202617.4,-7500.0,-3.5694,265570.62618,1.3107000000000002,-9830.250000000002
563300,华泰柏瑞中证2000ETF,2025-11-03,210117.4,9250.0,4.605,277922.28498,1.3227,12234.975
563300,华泰柏瑞中证2000ETF,2025-10-31,200867.4,27250.0,15.6954,264582.53928,1.3172000000000001,35893.700000000004
563300,华泰柏瑞中证2000ETF,2025-10-30,173617.4,250.0,0.1442,226605.43048,1.3052000000000001,326.3
563300,华泰柏瑞中证2000ETF,2025-10-29,173367.4,6250.0,3.7399,230075.87654,1.3271,8294.375
563300,华泰柏瑞中证2000ETF,2025-10-28,167117.4,-250.0,-0.1494,221480.69022,1.3253,-331.325
563300,华泰柏瑞中证2000ETF,2025-10-27,167367.4,-250.0,-0.1491,221393.59671999997,1.3228,-330.7
563300,华泰柏瑞中证2000ETF,2025-10-24,167617.4,5500.0,3.3926,219478.22355999998,1.3094,7201.7
563300,华泰柏瑞中证2000ETF,2025-10-23,162117.4,-4250.0,-2.5546,209990.66822,1.2953,-5505.025
563300,华泰柏瑞中证2000ETF,2025-10-22,166367.4,2000.0,1.2168,216044.70564,1.2986,2597.2
563300,华泰柏瑞中证2000ETF,2025-10-21,164367.4,8250.0,5.2845,214121.41198,1.3027,10747.275
563300,华泰柏瑞中证2000ETF,2025-10-20,156117.4,-5000.0,-3.1033,199205.8024,1.276,-6380.0
563300,华泰柏瑞中证2000ETF,2025-10-17,161117.4,3000.0,1.8973,202701.80094000002,1.2581000000000002,3774.3000000000006
563300,华泰柏瑞中证2000ETF,2025-10-16,158117.4,-1500.0,-0.9397,204224.43384,1.2916,-1937.4
563300,华泰柏瑞中证2000ETF,2025-10-15,159617.4,8250.0,5.4503,208588.01832,1.3068,10781.1
563300,华泰柏瑞中证2000ETF,2025-10-14,151367.4,-1500.0,-0.9812,194507.109,1.285,-1927.4999999999998
563300,华泰柏瑞中证2000ETF,2025-10-13,152867.4,-250.0,-0.1633,199461.38352,1.3048,-326.2
563300,华泰柏瑞中证2000ETF,2025-10-10,153117.4,-7000.0,-4.3718,200170.37702,1.3073000000000001,-9151.1
563300,华泰柏瑞中证2000ETF,2025-10-09,160117.4,-6000.0,-3.6119,210538.36925999998,1.3149,-7889.4
563300,华泰柏瑞中证2000ETF,2025-09-30,166117.4,6500.0,4.0722,216766.59526,1.3049,8481.85
563300,华泰柏瑞中证2000ETF,2025-09-29,159617.4,4500.0,2.901,207789.93132,1.3018,5858.1
563300,华泰柏瑞中证2000ETF,2025-09-26,155117.4,-5500.0,-3.4243,200551.28646,1.2929000000000002,-7110.950000000001
563300,华泰柏瑞中证2000ETF,2025-09-25,160617.4,-3000.0,-1.8335,210183.92964000002,1.3086000000000002,-3925.8000000000006
563300,华泰柏瑞中证2000ETF,2025-09-24,163617.4,-1750.0,-1.0582,215402.3071,1.3165,-2303.875
563300,华泰柏瑞中证2000ETF,2025-09-23,165367.4,4750.0,2.9573,214316.1504,1.296,6156.0
563300,华泰柏瑞中证2000ETF,2025-09-22,160617.4,-4500.0,-2.7253,210922.76968,1.3132,-5909.4
563300,华泰柏瑞中证2000ETF,2025-09-19,165117.4,-5500.0,-3.2236,215791.93005999998,1.3069,-7187.95
563300,华泰柏瑞中证2000ETF,2025-09-18,170617.4,-10000.0,-5.5366,224668.99232,1.3168,-13168.0
563300,华泰柏瑞中证2000ETF,2025-09-17,180617.4,-2500.0,-1.3652,240474.00636,1.3314000000000001,-3328.5000000000005
563300,华泰柏瑞中证2000ETF,2025-09-16,183117.4,7750.0,4.4193,242960.16632,1.3268,10282.7
563300,华泰柏瑞中证2000ETF,2025-09-15,175367.4,-19250.0,-9.8912,229275.33875999998,1.3074,-25167.449999999997
563300,华泰柏瑞中证2000ETF,2025-09-12,194617.4,-2750.0,-1.3933,255123.94965999998,1.3109,-3604.975
563300,华泰柏瑞中证2000ETF,2025-09-11,197367.4,4500.0,2.3332,259123.65946,1.3129,5908.05
563300,华泰柏瑞中证2000ETF,2025-09-10,192867.4,-250.0,-0.1295,249146.10731999998,1.2917999999999998,-322.94999999999993
563300,华泰柏瑞中证2000ETF,2025-09-09,193117.4,-10250.0,-5.0401,249160.06948,1.2902,-13224.55
563300,华泰柏瑞中证2000ETF,2025-09-08,203367.4,14750.0,7.8201,265821.52854,1.3071000000000002,19279.725000000002
563300,华泰柏瑞中证2000ETF,2025-09-05,188617.4,1000.0,0.533,244089.77734,1.2941,1294.1000000000001
563300,华泰柏瑞中证2000ETF,2025-09-04,187617.4,5500.0,3.02,236172.78311999998,1.2588,6923.4
563300,华泰柏瑞中证2000ETF,2025-09-03,182117.4,-6500.0,-3.4461,231981.14411999998,1.2738,-8279.7
563300,华泰柏瑞中证2000ETF,2025-09-02,188617.4,-9500.0,-4.7951,244844.24694,1.2981,-12331.95
563300,华泰柏瑞中证2000ETF,2025-09-01,198117.4,-4250.0,-2.1001,262426.30804000003,1.3246000000000002,-5629.550000000001
563300,华泰柏瑞中证2000ETF,2025-08-29,202367.4,-22750.0,-10.1058,264757.26941999997,1.3082999999999998,-29763.824999999997
563300,华泰柏瑞中证2000ETF,2025-08-28,225117.4,-4750.0,-2.0664,295421.56402,1.3123,-6233.425
563300,华泰柏瑞中证2000ETF,2025-08-27,229867.4,-7250.0,-3.0576,299678.12938,1.3037,-9451.825
563300,华泰柏瑞中证2000ETF,2025-08-26,237117.4,-9250.0,-3.7546,316575.44074,1.3351,-12349.675
563300,华泰柏瑞中证2000ETF,2025-08-25,246367.4,-27000.0,-9.8768,328604.83812,1.3337999999999999,-36012.6
563300,华泰柏瑞中证2000ETF,2025-08-22,273367.4,25000.0,10.0657,361583.05998,1.3227,33067.5
563300,华泰柏瑞中证2000ETF,2025-08-21,248367.4,2500.0,1.0168,326801.82492,1.3157999999999999,3289.4999999999995
563300,华泰柏瑞中证2000ETF,2025-08-20,245867.4,4500.0,1.8644,324913.7691,1.3215,5946.749999999999
563300,华泰柏瑞中证2000ETF,2025-08-19,241367.4,-500.0,-0.2067,316842.98598,1.3127,-656.35
563300,华泰柏瑞中证2000ETF,2025-08-18,241867.4,3750.0,1.5749,315298.34264,1.3036,4888.5
563300,华泰柏瑞中证2000ETF,2025-08-15,238117.4,16250.0,7.3242,304361.66068000003,1.2782000000000002,20770.750000000004
563300,华泰柏瑞中证2000ETF,2025-08-14,221867.4,-6750.0,-2.9525,278510.14722,1.2552999999999999,-8473.275
563300,华泰柏瑞中证2000ETF,2025-08-13,228617.4,9750.0,4.4548,292218.76068,1.2782,12462.45
563300,华泰柏瑞中证2000ETF,2025-08-12,218867.4,-250.0,-0.1141,277567.63668,1.2682,-317.05
563300,华泰柏瑞中证2000ETF,2025-08-11,219117.4,21500.0,10.8796,277336.89318,1.2657,27212.55
563300,华泰柏瑞中证2000ETF,2025-08-08,197617.4,-1500.0,-0.7533,246369.61258000002,1.2467000000000001,-1870.0500000000002
563300,华泰柏瑞中证2000ETF,2025-08-07,199117.4,2000.0,1.0146,249095.8674,1.251,2502.0
563300,华泰柏瑞中证2000ETF,2025-08-06,197117.4,20250.0,11.4493,246534.73218000002,1.2507000000000001,25326.675000000003
563300,华泰柏瑞中证2000ETF,2025-08-05,176867.4,5250.0,3.0591,218979.52794,1.2381,6500.025
563300,华泰柏瑞中证2000ETF,2025-08-04,171617.4,7000.0,4.2523,210317.1237,1.2255,8578.5
563300,华泰柏瑞中证2000ETF,2025-08-01,164617.4,-4500.0,-2.6609,198989.51312000002,1.2088,-5439.6
563300,华泰柏瑞中证2000ETF,2025-07-31,169117.4,-14000.0,-7.6454,203769.55526,1.2049,-16868.600000000002
563300,华泰柏瑞中证2000ETF,2025-07-30,183117.4,-2250.0,-1.2138,222231.27664,1.2136,-2730.6
563300,华泰柏瑞中证2000ETF,2025-07-29,185367.4,-4750.0,-2.4985,226685.79346,1.2228999999999999,-5808.775
563300,华泰柏瑞中证2000ETF,2025-07-28,190117.4,-4000.0,-2.0606,232019.27495999998,1.2204,-4881.599999999999
563300,华泰柏瑞中证2000ETF,2025-07-25,194117.4,-500.0,-0.2569,235425.58271999998,1.2127999999999999,-606.4
563300,华泰柏瑞中证2000ETF,2025-07-24,194617.4,7250.0,3.8694,235331.36008,1.2092,8766.7
563300,华泰柏瑞中证2000ETF,2025-07-23,187367.4,5250.0,2.8828,224072.67366,1.1959,6278.474999999999
563300,华泰柏瑞中证2000ETF,2025-07-22,182117.4,6000.0,3.4068,219870.33701999998,1.2072999999999998,7243.799999999999
563300,华泰柏瑞中证2000ETF,2025-07-21,176117.4,1000.0,0.571,212450.41962,1.2063000000000001,1206.3000000000002
563300,华泰柏瑞中证2000ETF,2025-07-18,175117.4,2750.0,1.5954,208547.31165999998,1.1908999999999998,3274.9749999999995
563300,华泰柏瑞中证2000ETF,2025-07-17,172367.4,-16250.0,-8.6153,205031.0223,1.1895,-19329.375
563300,华泰柏瑞中证2000ETF,2025-07-16,188617.4,-2000.0,-1.0492,222285.6059,1.1785,-2357.0
563300,华泰柏瑞中证2000ETF,2025-07-15,190617.4,250.0,0.1313,223251.09888,1.1712,292.8
563300,华泰柏瑞中证2000ETF,2025-07-14,190367.4,1000.0,0.5281,224633.532,1.1800000000000002,1180.0000000000002
563300,华泰柏瑞中证2000ETF,2025-07-11,189367.4,18000.0,10.5037,222298.39085999998,1.1739,21130.2
563300,华泰柏瑞中证2000ETF,2025-07-10,171367.4,-6500.0,-3.6544,200139.98646,1.1679,-7591.349999999999
563300,华泰柏瑞中证2000ETF,2025-07-09,177867.4,0.0,0.0,207642.40276,1.1674,0.0
563300,华泰柏瑞中证2000ETF,2025-07-08,177867.4,12750.0,7.7218,207695.76298,1.1677,14888.175
563300,华泰柏瑞中证2000ETF,2025-07-07,165117.4,-4000.0,-2.3652,190297.8035,1.1525,-4610.0
563300,华泰柏瑞中证2000ETF,2025-07-04,169117.4,3000.0,1.806,193605.59952000002,1.1448,3434.4
563300,华泰柏瑞中证2000ETF,2025-07-03,166117.4,1000.0,0.6056,192380.56094,1.1581,1158.1
563300,华泰柏瑞中证2000ETF,2025-07-02,165117.4,0.0,0.0,190050.1274,1.151,0.0
563300,华泰柏瑞中证2000ETF,2025-07-01,165117.4,-6500.0,-3.7875,191404.09008,1.1592,-7534.8
563300,华泰柏瑞中证2000ETF,2025-06-30,171617.4,-1500.0,-0.8665,198372.55266,1.1559,-1733.85
563300,华泰柏瑞中证2000ETF,2025-06-27,173117.4,-11250.0,-6.1019,197111.47164,1.1386,-12809.25
563300,华泰柏瑞中证2000ETF,2025-06-26,184367.4,2750.0,1.5142,209035.75812,1.1338000000000001,3117.9500000000003
563300,华泰柏瑞中证2000ETF,2025-06-25,181617.4,17000.0,10.327,206589.7925,1.1375000000000002,19337.500000000004
563300,华泰柏瑞中证2000ETF,2025-06-24,164617.4,14500.0,9.6591,185737.81242,1.1283,16360.35
563300,华泰柏瑞中证2000ETF,2025-06-23,150117.4,-7500.0,-4.7584,165699.58612,1.1038,-8278.5
563300,华泰柏瑞中证2000ETF,2025-06-20,157617.4,-4750.0,-2.9255,170652.35898,1.0827,-5142.825
563300,华泰柏瑞中证2000ETF,2025-06-19,162367.4,5500.0,3.5061,177353.91102,1.0923,6007.650000000001
563300,华泰柏瑞中证2000ETF,2025-06-18,156867.4,-11500.0,-6.8303,174609.10294,1.1131000000000002,-12800.650000000001
563300,华泰柏瑞中证2000ETF,2025-06-17,168367.4,-5000.0,-2.884,187881.18166,1.1159000000000001,-5579.500000000001
563300,华泰柏瑞中证2000ETF,2025-06-16,173367.4,-1000.0,-0.5735,193876.76342,1.1183,-1118.3000000000002
563300,华泰柏瑞中证2000ETF,2025-06-13,174367.4,-12250.0,-6.5642,192850.3444,1.106,-13548.500000000002
563300,华泰柏瑞中证2000ETF,2025-06-12,186617.4,-12500.0,-6.2777,210597.7359,1.1285,-14106.25
563300,华泰柏瑞中证2000ETF,2025-06-11,199117.4,3250.0,1.6593,223927.42804,1.1246,3654.9500000000003
563300,华泰柏瑞中证2000ETF,2025-06-10,195867.4,-500.0,-0.2546,219234.38082,1.1193,-559.65
563300,华泰柏瑞中证2000ETF,2025-06-09,196367.4,2250.0,1.1591,221443.51698000001,1.1277000000000001,2537.3250000000003
563300,华泰柏瑞中证2000ETF,2025-06-06,194117.4,-1500.0,-0.7668,215936.19576,1.1124,-1668.6000000000001
563300,华泰柏瑞中证2000ETF,2025-06-05,195617.4,3250.0,1.6895,218309.0184,1.116,3627.0000000000005
563300,华泰柏瑞中证2000ETF,2025-06-04,192367.4,3500.0,1.8532,213681.70792000002,1.1108,3887.8
563300,华泰柏瑞中证2000ETF,2025-06-03,188867.4,6250.0,3.4225,207754.14,1.1,6875.000000000001
563300,华泰柏瑞中证2000ETF,2025-05-30,182617.4,-1250.0,-0.6798,199564.29472,1.0928,-1366.0
563300,华泰柏瑞中证2000ETF,2025-05-29,183867.4,15500.0,9.2061,204147.97422,1.1103,17209.65
563300,华泰柏瑞中证2000ETF,2025-05-28,168367.4,-16750.0,-9.0483,183621.48644,1.0906,-18267.55
563300,华泰柏瑞中证2000ETF,2025-05-27,185117.4,-7000.0,-3.6436,202296.29472,1.0928,-7649.6
563300,华泰柏瑞中证2000ETF,2025-05-26,192117.4,-8750.0,-4.3561,209446.38947999998,1.0902,-9539.25
563300,华泰柏瑞中证2000ETF,2025-05-23,200867.4,2000.0,1.0057,216294.01632,1.0768,2153.6
563300,华泰柏瑞中证2000ETF,2025-05-22,198867.4,-12250.0,-5.8025,216745.57926,1.0899,-13351.275000000001
563300,华泰柏瑞中证2000ETF,2025-05-21,211117.4,-4000.0,-1.8594,232566.92784000002,1.1016000000000001,-4406.400000000001
563300,华泰柏瑞中证2000ETF,2025-05-20,215117.4,6750.0,3.2395,238608.22008000003,1.1092000000000002,7487.100000000001
563300,华泰柏瑞中证2000ETF,2025-05-19,208367.4,-3500.0,-1.652,228933.26238000003,1.0987000000000002,-3845.4500000000007
563300,华泰柏瑞中证2000ETF,2025-05-16,211867.4,-13000.0,-5.7812,231168.52014,1.0911,-14184.3
563300,华泰柏瑞中证2000ETF,2025-05-15,224867.4,-12250.0,-5.1662,243329.01354,1.0821,-13255.725
563300,华泰柏瑞中证2000ETF,2025-05-14,237117.4,-4000.0,-1.6589,260070.36432,1.0968,-4387.2
563300,华泰柏瑞中证2000ETF,2025-05-13,241117.4,-12500.0,-4.9287,264288.78214,1.0961,-13701.250000000002
563300,华泰柏瑞中证2000ETF,2025-05-12,253617.4,-10500.0,-3.9755,278598.7139,1.0984999999999998,-11534.249999999998
563300,华泰柏瑞中证2000ETF,2025-05-09,264117.4,4500.0,1.7333,286197.61464,1.0836,4876.2
563300,华泰柏瑞中证2000ETF,2025-05-08,259617.4,5250.0,2.0639,285449.3313,1.0995000000000001,5772.375000000001
563300,华泰柏瑞中证2000ETF,2025-05-07,254367.4,5750.0,2.3128,276980.66186,1.0889,6261.175
563300,华泰柏瑞中证2000ETF,2025-05-06,248617.4,23000.0,10.1942,268481.93026,1.0799,24837.7
563300,华泰柏瑞中证2000ETF,2025-04-30,225617.4,8750.0,4.0347,236447.0352,1.048,9170.0
563300,华泰柏瑞中证2000ETF,2025-04-29,216867.4,10250.0,4.9609,224717.99988000002,1.0362,10621.05
563300,华泰柏瑞中证2000ETF,2025-04-28,206617.4,-4000.0,-1.8992,212361.36372,1.0278,-4111.2
563300,华泰柏瑞中证2000ETF,2025-04-25,210617.4,3250.0,1.5673,219568.6395,1.0425,3388.125
563300,华泰柏瑞中证2000ETF,2025-04-24,207367.4,-7750.0,-3.6027,215703.56948,1.0402,-8061.55
563300,华泰柏瑞中证2000ETF,2025-04-23,215117.4,4250.0,2.0155,226217.45784000002,1.0516,4469.3
563300,华泰柏瑞中证2000ETF,2025-04-22,210867.4,-3000.0,-1.4027,219281.00926,1.0399,-3119.7000000000003
563300,华泰柏瑞中证2000ETF,2025-04-21,213867.4,6750.0,3.259,222550.41644,1.0406,7024.05
563300,华泰柏瑞中证2000ETF,2025-04-18,207117.4,-6750.0,-3.1562,210762.66624000002,1.0176,-6868.8
563300,华泰柏瑞中证2000ETF,2025-04-17,213867.4,-750.0,-0.3495,218037.8143,1.0195,-764.625
563300,华泰柏瑞中证2000ETF,2025-04-16,214617.4,-10500.0,-4.6642,217450.34968,1.0132,-10638.6
563300,华泰柏瑞中证2000ETF,2025-04-15,225117.4,-12500.0,-5.2606,232073.52766,1.0309,-12886.25
563300,华泰柏瑞中证2000ETF,2025-04-14,237617.4,5750.0,2.4799,244864.7307,1.0305,5925.375
563300,华泰柏瑞中证2000ETF,2025-04-11,231867.4,-1000.0,-0.4294,234093.32704,1.0096,-1009.6
563300,华泰柏瑞中证2000ETF,2025-04-10,232867.4,-11250.0,-4.6084,233030.40718,1.0007000000000001,-11257.875000000002
563300,华泰柏瑞中证2000ETF,2025-04-09,244117.4,26500.0,12.1773,236964.76018,0.9707000000000001,25723.550000000003
563300,华泰柏瑞中证2000ETF,2025-04-08,217617.4,28250.0,14.9181,205365.54038,0.9437,26659.524999999998
563300,华泰柏瑞中证2000ETF,2025-04-07,189367.4,6500.0,3.5545,178990.06648,0.9452,6143.8
563300,华泰柏瑞中证2000ETF,2025-04-03,182867.4,4000.0,2.2363,197917.38702,1.0823,4329.2
563300,华泰柏瑞中证2000ETF,2025-04-02,178867.4,6000.0,3.4709,195734.59582000002,1.0943,6565.8
563300,华泰柏瑞中证2000ETF,2025-04-01,172867.4,750.0,0.4357,188615.62014,1.0911000000000002,818.3250000000002
563300,华泰柏瑞中证2000ETF,2025-03-31,172117.4,3000.0,1.7739,186093.33288,1.0812,3243.6
563300,华泰柏瑞中证2000ETF,2025-03-28,169117.4,-7250.0,-4.1107,184929.8769,1.0935000000000001,-7927.875000000001
563300,华泰柏瑞中证2000ETF,2025-03-27,176367.4,-1250.0,-0.7038,195609.08334,1.1091000000000002,-1386.3750000000002
563300,华泰柏瑞中证2000ETF,2025-03-26,177617.4,7500.0,4.4087,198274.30362,1.1163,8372.25
563300,华泰柏瑞中证2000ETF,2025-03-25,170117.4,-24250.0,-12.4764,187928.69178,1.1047,-26788.975000000002
563300,华泰柏瑞中证2000ETF,2025-03-24,194367.4,-12000.0,-5.8149,216777.96121999997,1.1153,-13383.6
563300,华泰柏瑞中证2000ETF,2025-03-21,206367.4,-24000.0,-10.4181,234309.54596,1.1354,-27249.6
563300,华泰柏瑞中证2000ETF,2025-03-20,230367.4,-1750.0,-0.7539,266581.15528,1.1572,-2025.1
563300,华泰柏瑞中证2000ETF,2025-03-19,232117.4,-12750.0,-5.2069,268397.34962,1.1563,-14742.825
563300,华泰柏瑞中证2000ETF,2025-03-18,244867.4,-7500.0,-2.9719,284486.94532,1.1618,-8713.5
563300,华泰柏瑞中证2000ETF,2025-03-17,252367.4,-9750.0,-3.7197,291509.58374000003,1.1551000000000002,-11262.225000000002
563300,华泰柏瑞中证2000ETF,2025-03-14,262117.4,16500.0,6.7178,300517.5991,1.1465,18917.25
563300,华泰柏瑞中证2000ETF,2025-03-13,245617.4,-9500.0,-3.7238,276859.93328,1.1272,-10708.4
563300,华泰柏瑞中证2000ETF,2025-03-12,255117.4,5750.0,2.3058,292517.61084000004,1.1466,6592.950000000001
563300,华泰柏瑞中证2000ETF,2025-03-11,249367.4,500.0,0.2009,284179.08904,1.1396,569.8
563300,华泰柏瑞中证2000ETF,2025-03-10,248867.4,-9500.0,-3.6769,282887.57358,1.1367,-10798.65
563300,华泰柏瑞中证2000ETF,2025-03-07,258367.4,3250.0,1.2739,292265.20288,1.1312,3676.4
563300,华泰柏瑞中证2000ETF,2025-03-06,255117.4,5500.0,2.2034,290910.37122,1.1402999999999999,6271.65
563300,华泰柏瑞中证2000ETF,2025-03-05,249617.4,-7000.0,-2.7278,278897.52102,1.1173,-7821.099999999999
563300,华泰柏瑞中证2000ETF,2025-03-04,256617.4,-5000.0,-1.9112,285281.56358,1.1117000000000001,-5558.500000000001
563300,华泰柏瑞中证2000ETF,2025-03-03,261617.4,10000.0,3.9743,286549.53822,1.0953,10953.0
563300,华泰柏瑞中证2000ETF,2025-02-28,251617.4,-6750.0,-2.6126,275017.8182,1.093,-7377.75
563300,华泰柏瑞中证2000ETF,2025-02-27,258367.4,-14500.0,-5.3139,294357.97881999996,1.1393,-16519.85
563300,华泰柏瑞中证2000ETF,2025-02-26,272867.4,0.0,0.0,312023.8719,1.1435,0.0
563300,华泰柏瑞中证2000ETF,2025-02-25,272867.4,-26000.0,-8.6995,307057.68522,1.1252999999999997,-29257.799999999992
563300,华泰柏瑞中证2000ETF,2025-02-24,298867.4,-26500.0,-8.1446,336405.14544,1.1256,-29828.399999999998
563300,华泰柏瑞中证2000ETF,2025-02-21,325367.4,6500.0,2.0385,366493.83936,1.1263999999999998,7321.5999999999985
563300,华泰柏瑞中证2000ETF,2025-02-20,318867.4,-6500.0,-1.9977,355313.94382,1.1142999999999998,-7242.949999999999
563300,华泰柏瑞中证2000ETF,2025-02-19,325367.4,-13750.0,-4.0546,357578.7726,1.099,-15111.25
563300,华泰柏瑞中证2000ETF,2025-02-18,339117.4,-9500.0,-2.7251,362279.11841999996,1.0682999999999998,-10148.849999999999
563300,华泰柏瑞中证2000ETF,2025-02-17,348617.4,-6000.0,-1.692,383409.41651999997,1.0997999999999999,-6598.799999999999
563300,华泰柏瑞中证2000ETF,2025-02-14,354617.4,-26750.0,-7.0142,382915.86851999996,1.0797999999999999,-28884.649999999998
563300,华泰柏瑞中证2000ETF,2025-02-13,381367.4,-1000.0,-0.2615,412563.25331999996,1.0817999999999999,-1081.8
563300,华泰柏瑞中证2000ETF,2025-02-12,382367.4,2250.0,0.5919,418539.35604,1.0945999999999998,2462.8499999999995
563300,华泰柏瑞中证2000ETF,2025-02-11,380117.4,5000.0,1.3329,410830.88592,1.0807999999999998,5403.999999999999
563300,华泰柏瑞中证2000ETF,2025-02-10,375117.4,-7250.0,-1.8961,406439.7029,1.0835,-7855.374999999999
563300,华泰柏瑞中证2000ETF,2025-02-07,382367.4,31500.0,8.9778,405653.57466,1.0609,33418.35
563300,华泰柏瑞中证2000ETF,2025-02-06,350867.4,15250.0,4.5439,367217.82084,1.0466,15960.65
563300,华泰柏瑞中证2000ETF,2025-02-05,335617.4,-4500.0,-1.3231,341893.44538,1.0187,-4584.15
563300,华泰柏瑞中证2000ETF,2025-01-27,340117.4,-5000.0,-1.4488,342022.05744,1.0056,-5028.0
563300,华泰柏瑞中证2000ETF,2025-01-24,345117.4,16250.0,4.9412,352088.77148,1.0202,16578.25
563300,华泰柏瑞中证2000ETF,2025-01-23,328867.4,-3500.0,-1.0531,330084.20938,1.0037,-3512.9500000000003
563300,华泰柏瑞中证2000ETF,2025-01-22,332367.4,13750.0,4.3155,334428.07788,1.0062,13835.25
563300,华泰柏瑞中证2000ETF,2025-01-21,318617.4,-7500.0,-2.2998,324862.30104,1.0195999999999998,-7646.999999999999
563300,华泰柏瑞中证2000ETF,2025-01-20,326117.4,8750.0,2.7571,332117.96016,1.0184,8911.0
563300,华泰柏瑞中证2000ETF,2025-01-17,317367.4,4750.0,1.5194,319588.9718,1.007,4783.249999999999
563300,华泰柏瑞中证2000ETF,2025-01-16,312617.4,-20000.0,-6.0129,315055.81571999996,1.0077999999999998,-20155.999999999996
563300,华泰柏瑞中证2000ETF,2025-01-15,332617.4,-27250.0,-7.5722,332850.23218,1.0007,-27269.074999999997
563300,华泰柏瑞中证2000ETF,2025-01-14,359867.4,76500.0,26.9968,361126.9359,1.0034999999999998,76767.74999999999
563300,华泰柏瑞中证2000ETF,2025-01-13,283367.4,10250.0,3.753,270247.48938000004,0.9537000000000001,9775.425000000001
563300,华泰柏瑞中证2000ETF,2025-01-10,273117.4,-9750.0,-3.4468,260854.42874,0.9551,-9312.225
563300,华泰柏瑞中证2000ETF,2025-01-09,282867.4,-24250.0,-7.896,278709.24922,0.9853,-23893.524999999998
563300,华泰柏瑞中证2000ETF,2025-01-08,307117.4,-1250.0,-0.4054,301497.15158,0.9816999999999999,-1227.1249999999998
563300,华泰柏瑞中证2000ETF,2025-01-07,308367.4,4250.0,1.3975,301675.82742,0.9782999999999998,4157.775
563300,华泰柏瑞中证2000ETF,2025-01-06,304117.4,-750.0,-0.246,289033.17696,0.9503999999999999,-712.8
563300,华泰柏瑞中证2000ETF,2025-01-03,304867.4,31500.0,11.523,292123.94268000004,0.9582,30183.300000000003
563300,华泰柏瑞中证2000ETF,2025-01-02,273367.4,-15000.0,-5.2017,273777.4511,1.0014999999999998,-15022.499999999998
563300,华泰柏瑞中证2000ETF,2024-12-31,288367.4,1500.0,0.5229,292894.76818,1.0157,1523.5500000000002
563300,华泰柏瑞中证2000ETF,2024-12-30,286867.4,-11000.0,-3.6929,299805.11974,1.0451,-11496.099999999999
563300,华泰柏瑞中证2000ETF,2024-12-27,297867.4,-15000.0,-4.7944,314607.54788,1.0562,-15843.0
563300,华泰柏瑞中证2000ETF,2024-12-26,312867.4,2750.0,0.8868,328792.35066,1.0509,2889.975
563300,华泰柏瑞中证2000ETF,2024-12-25,310117.4,68500.0,28.3506,320785.43856,1.0343999999999998,70856.39999999998
563300,华泰柏瑞中证2000ETF,2024-12-24,241617.4,4000.0,1.6834,255631.2092,1.058,4232.0
563300,华泰柏瑞中证2000ETF,2024-12-23,237617.4,-26750.0,-10.1185,248690.37084000002,1.0466000000000002,-27996.550000000007
563300,华泰柏瑞中证2000ETF,2024-12-20,264367.4,14500.0,5.8031,290513.33586,1.0988999999999998,15934.049999999997
563300,华泰柏瑞中证2000ETF,2024-12-19,249867.4,-2500.0,-0.9906,271006.18204,1.0846,-2711.5
563300,华泰柏瑞中证2000ETF,2024-12-18,252367.4,-14500.0,-5.4334,273541.02486,1.0839,-15716.550000000001
563300,华泰柏瑞中证2000ETF,2024-12-17,266867.4,-14000.0,-4.9846,286829.08152,1.0748,-15047.199999999999
563300,华泰柏瑞中证2000ETF,2024-12-16,280867.4,-12000.0,-4.0974,315470.26368000003,1.1232,-13478.4
563300,华泰柏瑞中证2000ETF,2024-12-13,292867.4,750.0,0.2567,331848.05094,1.1330999999999998,849.8249999999998
563300,华泰柏瑞中证2000ETF,2024-12-12,292117.4,7500.0,2.6351,336110.28044,1.1505999999999998,8629.499999999998
563300,华泰柏瑞中证2000ETF,2024-12-11,284617.4,13500.0,4.9794,324236.14208,1.1392,15379.2
563300,华泰柏瑞中证2000ETF,2024-12-10,271117.4,19000.0,7.5362,304302.16976,1.1224,21325.600000000002
563300,华泰柏瑞中证2000ETF,2024-12-09,252117.4,-10500.0,-3.9982,280354.5488,1.1119999999999999,-11675.999999999998
563300,华泰柏瑞中证2000ETF,2024-12-06,262617.4,500.0,0.1908,292319.42794,1.1131,556.55
563300,华泰柏瑞中证2000ETF,2024-12-05,262117.4,21000.0,8.7095,289325.18611999997,1.1038,23179.8
563300,华泰柏瑞中证2000ETF,2024-12-04,241117.4,-35250.0,-12.7548,261323.03811999998,1.0837999999999999,-38203.95
563300,华泰柏瑞中证2000ETF,2024-12-03,276367.4,7750.0,2.8851,304197.59718000004,1.1007,8530.425
563300,华泰柏瑞中证2000ETF,2024-12-02,268617.4,13750.0,5.395,295317.96956,1.0994,15116.749999999998
563300,华泰柏瑞中证2000ETF,2024-11-29,254867.4,19250.0,8.17,274466.70305999997,1.0769,20730.325
563300,华泰柏瑞中证2000ETF,2024-11-28,235617.4,7250.0,3.1747,249401.0179,1.0585,7674.125
563300,华泰柏瑞中证2000ETF,2024-11-27,228367.4,8000.0,3.6303,240379.52524000002,1.0526000000000002,8420.800000000001
563300,华泰柏瑞中证2000ETF,2024-11-26,220367.4,-4500.0,-2.0012,227661.56094,1.0331,-4648.95
563300,华泰柏瑞中证2000ETF,2024-11-25,224867.4,1750.0,0.7843,234289.34406,1.0419,1823.325
563300,华泰柏瑞中证2000ETF,2024-11-22,223117.4,-12250.0,-5.2046,228561.46456,1.0244,-12548.9
563300,华泰柏瑞中证2000ETF,2024-11-21,235367.4,-1500.0,-0.6333,249654.20118000003,1.0607000000000002,-1591.0500000000004
563300,华泰柏瑞中证2000ETF,2024-11-20,236867.4,-3750.0,-1.5585,250866.26334,1.0591000000000002,-3971.6250000000005
563300,华泰柏瑞中证2000ETF,2024-11-19,240617.4,1250.0,0.5222,248341.21854,1.0321,1290.125
563300,华泰柏瑞中证2000ETF,2024-11-18,239367.4,-25750.0,-9.7127,240109.43894000002,1.0031,-25829.825000000004
563300,华泰柏瑞中证2000ETF,2024-11-15,265117.4,-14500.0,-5.1857,273468.5981,1.0314999999999999,-14956.749999999998
563300,华泰柏瑞中证2000ETF,2024-11-14,279617.4,-52250.0,-15.7442,294381.19872,1.0528,-55008.799999999996
563300,华泰柏瑞中证2000ETF,2024-11-13,331867.4,-11750.0,-3.4195,359910.1953,1.0845,-12742.875
563300,华泰柏瑞中证2000ETF,2024-11-12,343617.4,3000.0,0.8808,372584.34682,1.0842999999999998,3252.8999999999996
563300,华泰柏瑞中证2000ETF,2024-11-11,340617.4,5750.0,1.7171,374100.09041999996,1.0982999999999998,6315.224999999999
563300,华泰柏瑞中证2000ETF,2024-11-08,334867.4,14750.0,4.6077,359513.64064,1.0735999999999999,15835.599999999999
563300,华泰柏瑞中证2000ETF,2024-11-07,320117.4,19250.0,6.3982,342749.70018000004,1.0707,20610.975
563300,华泰柏瑞中证2000ETF,2024-11-06,300867.4,-4000.0,-1.312,314797.56062,1.0463,-4185.2
563300,华泰柏瑞中证2000ETF,2024-11-05,304867.4,9750.0,3.3038,315659.70596,1.0353999999999999,10095.15
563300,华泰柏瑞中证2000ETF,2024-11-04,295117.4,-19500.0,-6.198,296386.40482,1.0043,-19583.85
563300,华泰柏瑞中证2000ETF,2024-11-01,314617.4,-17750.0,-5.3405,309614.98334000004,0.9841000000000001,-17467.775
563300,华泰柏瑞中证2000ETF,2024-10-31,332367.4,37750.0,12.8132,340377.45434,1.0241,38659.775
563300,华泰柏瑞中证2000ETF,2024-10-30,294617.4,-54500.0,-15.6108,296002.10178,1.0047,-54756.149999999994
563300,华泰柏瑞中证2000ETF,2024-10-29,349117.4,-15750.0,-4.3166,348768.2826,0.9989999999999999,-15734.249999999998
563300,华泰柏瑞中证2000ETF,2024-10-28,364867.4,52500.0,16.8071,372091.77452,1.0197999999999998,53539.49999999999
563300,华泰柏瑞中证2000ETF,2024-10-25,312367.4,33500.0,12.0129,309556.0934,0.991,33198.5
563300,华泰柏瑞中证2000ETF,2024-10-24,278867.4,-9250.0,-3.2105,269358.02165999997,0.9658999999999998,-8934.574999999997
563300,华泰柏瑞中证2000ETF,2024-10-23,288117.4,-20750.0,-6.7181,279156.94886,0.9689,-20104.675
563300,华泰柏瑞中证2000ETF,2024-10-22,308867.4,23500.0,8.235,299446.9443,0.9694999999999998,22783.249999999996
563300,华泰柏瑞中证2000ETF,2024-10-21,285367.4,-2500.0,-0.8685,274066.85096,0.9603999999999999,-2401.0
563300,华泰柏瑞中证2000ETF,2024-10-18,287867.4,11000.0,3.973,270048.40794,0.9380999999999999,10319.099999999999
563300,华泰柏瑞中证2000ETF,2024-10-17,276867.4,-4250.0,-1.5118,252115.45444,0.9106,-3870.0499999999997
563300,华泰柏瑞中证2000ETF,2024-10-16,281117.4,-4000.0,-1.4029,255873.05748000002,0.9102,-3640.8
563300,华泰柏瑞中证2000ETF,2024-10-15,285117.4,-7000.0,-2.3963,258287.85266,0.9058999999999999,-6341.299999999999
563300,华泰柏瑞中证2000ETF,2024-10-14,292117.4,-22250.0,-7.0777,267842.44406,0.9168999999999999,-20401.024999999998
563300,华泰柏瑞中证2000ETF,2024-10-11,314367.4,-22000.0,-6.5405,278592.38988000003,0.8862,-19496.4
563300,华泰柏瑞中证2000ETF,2024-10-10,336367.4,-29750.0,-8.1258,310500.74694,0.9230999999999999,-27462.225
563300,华泰柏瑞中证2000ETF,2024-10-09,366117.4,-9250.0,-2.4643,338548.75978,0.9247,-8553.475
563300,华泰柏瑞中证2000ETF,2024-10-08,375367.4,25500.0,7.2885,382837.21126,1.0199,26007.45
563300,华泰柏瑞中证2000ETF,2024-09-30,349867.4,159500.0,83.7854,328140.63446,0.9378999999999998,149595.05
563300,华泰柏瑞中证2000ETF,2024-09-27,190367.4,7250.0,3.9592,160593.93864,0.8436,6116.1
563300,华泰柏瑞中证2000ETF,2024-09-26,183117.4,3500.0,1.9486,147501.0657,0.8055000000000001,2819.2500000000005
563300,华泰柏瑞中证2000ETF,2024-09-25,179617.4,-750.0,-0.4158,140299.15114,0.7811,-585.825
563300,华泰柏瑞中证2000ETF,2024-09-24,180367.4,30500.0,20.3513,139424.0002,0.7730000000000001,23576.500000000004
563300,华泰柏瑞中证2000ETF,2024-09-23,149867.4,-3000.0,-1.9625,112250.6826,0.749,-2247.0
563300,华泰柏瑞中证2000ETF,2024-09-20,152867.4,-4500.0,-2.8596,114161.37432,0.7468,-3360.6
563300,华泰柏瑞中证2000ETF,2024-09-19,157367.4,7500.0,5.0044,117805.23564000001,0.7486000000000002,5614.500000000001
563300,华泰柏瑞中证2000ETF,2024-09-18,149867.4,750.0,0.503,109553.0694,0.731,548.25
563300,华泰柏瑞中证2000ETF,2024-09-13,149117.4,-250.0,-0.1674,109616.20074000001,0.7351000000000001,-183.77500000000003
563300,华泰柏瑞中证2000ETF,2024-09-12,149367.4,-500.0,-0.3336,111592.38454000001,0.7471000000000001,-373.55000000000007
563300,华泰柏瑞中证2000ETF,2024-09-11,149867.4,-500.0,-0.3325,112175.7489,0.7485,-374.25
563300,华泰柏瑞中证2000ETF,2024-09-10,150367.4,7000.0,4.8826,113271.76242,0.7533,5273.099999999999
563300,华泰柏瑞中证2000ETF,2024-09-09,143367.4,1750.0,1.2357,107410.85608,0.7492,1311.1
563300,华泰柏瑞中证2000ETF,2024-09-06,141617.4,-1500.0,-1.0481,106453.79957999999,0.7516999999999999,-1127.55
563300,华泰柏瑞中证2000ETF,2024-09-05,143117.4,250.0,0.175,109713.79884,0.7666000000000001,191.65
563300,华泰柏瑞中证2000ETF,2024-09-04,142867.4,3500.0,2.5113,108393.49638,0.7587,2655.4500000000003
563300,华泰柏瑞中证2000ETF,2024-09-03,139367.4,-18500.0,-11.7187,106462.75686000001,0.7639000000000001,-14132.150000000003
563300,华泰柏瑞中证2000ETF,2024-09-02,157867.4,-12250.0,-7.2009,119316.18092,0.7558,-9258.550000000001
563300,华泰柏瑞中证2000ETF,2024-08-30,170117.4,3000.0,1.7951,130718.21015999999,0.7684,2305.2
563300,华泰柏瑞中证2000ETF,2024-08-29,167117.4,6000.0,3.724,125655.57306,0.7519,4511.4
563300,华泰柏瑞中证2000ETF,2024-08-28,161117.4,11000.0,7.3276,119259.09947999999,0.7402,8142.2
563300,华泰柏瑞中证2000ETF,2024-08-27,150117.4,1250.0,0.8397,110666.54728,0.7372,921.5
563300,华泰柏瑞中证2000ETF,2024-08-26,148867.4,13250.0,9.7701,111605.88978,0.7497,9933.525
563300,华泰柏瑞中证2000ETF,2024-08-23,135617.4,3000.0,2.2621,100492.4934,0.7410000000000001,2223.0000000000005
563300,华泰柏瑞中证2000ETF,2024-08-22,132617.4,-500.0,-0.3756,98786.70126,0.7449,-372.45
563300,华泰柏瑞中证2000ETF,2024-08-21,133117.4,-1000.0,-0.7456,100942.92442000001,0.7583000000000001,-758.3000000000001
563300,华泰柏瑞中证2000ETF,2024-08-20,134117.4,-250.0,-0.1861,101808.51834,0.7591,-189.775
563300,华泰柏瑞中证2000ETF,2024-08-19,134367.4,500.0,0.3735,103745.06954,0.7721,386.05
563300,华泰柏瑞中证2000ETF,2024-08-16,133867.4,-750.0,-0.5571,103988.19632,0.7768,-582.6
563300,华泰柏瑞中证2000ETF,2024-08-15,134617.4,3250.0,2.474,104799.6459,0.7785000000000001,2530.1250000000005
563300,华泰柏瑞中证2000ETF,2024-08-14,131367.4,-2500.0,-1.8675,101074.07756,0.7694000000000001,-1923.5000000000002
563300,华泰柏瑞中证2000ETF,2024-08-13,133867.4,-1250.0,-0.9251,103158.21844,0.7706000000000001,-963.2500000000001
563300,华泰柏瑞中证2000ETF,2024-08-12,135117.4,-1500.0,-1.098,103432.3697,0.7655,-1148.25
563300,华泰柏瑞中证2000ETF,2024-08-09,136617.4,500.0,0.3673,105413.98584,0.7716,385.79999999999995
563300,华泰柏瑞中证2000ETF,2024-08-08,136117.4,1000.0,0.7401,105749.60806,0.7769,776.9000000000001
563300,华泰柏瑞中证2000ETF,2024-08-07,135117.4,-1500.0,-1.098,105567.22462000001,0.7813000000000001,-1171.95
563300,华泰柏瑞中证2000ETF,2024-08-06,136617.4,3250.0,2.4369,106479.60156,0.7794,2533.0499999999997
563300,华泰柏瑞中证2000ETF,2024-08-05,133367.4,-2250.0,-1.6591,101812.67316,0.7634000000000001,-1717.65
563300,华泰柏瑞中证2000ETF,2024-08-02,135617.4,-9750.0,-6.7071,106324.0416,0.784,-7644.0
563300,华泰柏瑞中证2000ETF,2024-08-01,145367.4,-2250.0,-1.5242,115567.083,0.795,-1788.75
563300,华泰柏瑞中证2000ETF,2024-07-31,147617.4,23250.0,18.6946,117016.31298,0.7927000000000001,18430.275
563300,华泰柏瑞中证2000ETF,2024-07-30,124367.4,250.0,0.2014,95265.4284,0.7660000000000001,191.50000000000003
563300,华泰柏瑞中证2000ETF,2024-07-29,124117.4,-9250.0,-6.9357,94378.87096,0.7604000000000001,-7033.700000000001
563300,华泰柏瑞中证2000ETF,2024-07-26,133367.4,1500.0,1.1375,101092.4892,0.758,1137.0
563300,华泰柏瑞中证2000ETF,2024-07-25,131867.4,7000.0,5.6059,98241.213,0.7450000000000001,5215.000000000001
563300,华泰柏瑞中证2000ETF,2024-07-24,124867.4,5750.0,4.8272,92614.15058,0.7417,4264.775000000001
563300,华泰柏瑞中证2000ETF,2024-07-23,119117.4,-7750.0,-6.1087,89921.72526,0.7549000000000001,-5850.475000000001
563300,华泰柏瑞中证2000ETF,2024-07-22,126867.4,-5000.0,-3.7917,97713.27148,0.7702,-3851.0
563300,华泰柏瑞中证2000ETF,2024-07-19,131867.4,-10500.0,-7.3753,101063.17536000001,0.7664000000000001,-8047.200000000001
563300,华泰柏瑞中证2000ETF,2024-07-18,142367.4,12750.0,9.8366,108512.43228,0.7622,9718.05
563300,华泰柏瑞中证2000ETF,2024-07-17,129617.4,4750.0,3.804,98807.34402,0.7623000000000001,3620.9250000000006
563300,华泰柏瑞中证2000ETF,2024-07-16,124867.4,2250.0,1.835,96697.31456,0.7744,1742.3999999999999
563300,华泰柏瑞中证2000ETF,2024-07-15,122617.4,0.0,0.0,94930.39108,0.7742,0.0
563300,华泰柏瑞中证2000ETF,2024-07-12,122617.4,-3750.0,-2.9675,96561.2025,0.7875,-2953.125
563300,华泰柏瑞中证2000ETF,2024-07-11,126367.4,-2000.0,-1.558,99918.70318,0.7907,-1581.3999999999999
563300,华泰柏瑞中证2000ETF,2024-07-10,128367.4,-10750.0,-7.7273,98149.71403999999,0.7646,-8219.449999999999
563300,华泰柏瑞中证2000ETF,2024-07-09,139117.4,14500.0,11.6356,107092.57452000001,0.7698000000000002,11162.100000000002
563300,华泰柏瑞中证2000ETF,2024-07-08,124617.4,-3500.0,-2.7319,94148.4457,0.7555000000000001,-2644.25
563300,华泰柏瑞中证2000ETF,2024-07-05,128117.4,6000.0,4.9133,99560.03154,0.7771,4662.6
563300,华泰柏瑞中证2000ETF,2024-07-04,122117.4,2000.0,1.665,93957.12756000001,0.7694000000000001,1538.8000000000002
563300,华泰柏瑞中证2000ETF,2024-07-03,120117.4,-500.0,-0.4145,94916.76947999999,0.7901999999999999,-395.09999999999997
563300,华泰柏瑞中证2000ETF,2024-07-02,120617.4,-3000.0,-2.4268,96554.2287,0.8005000000000001,-2401.5000000000005
563300,华泰柏瑞中证2000ETF,2024-07-01,123617.4,-2750.0,-2.1762,98968.09044,0.8006000000000001,-2201.65
563300,华泰柏瑞中证2000ETF,2024-06-28,126367.4,500.0,0.3972,100386.26256,0.7944000000000001,397.20000000000005
563300,华泰柏瑞中证2000ETF,2024-06-27,125867.4,-8000.0,-5.9761,99271.61838,0.7887000000000001,-6309.6
563300,华泰柏瑞中证2000ETF,2024-06-26,133867.4,11250.0,9.1749,107870.35092000001,0.8058000000000001,9065.25
563300,华泰柏瑞中证2000ETF,2024-06-25,122617.4,4000.0,3.3722,96021.68594,0.7831,3132.4
563300,华泰柏瑞中证2000ETF,2024-06-24,118617.4,8500.0,7.719,92889.28594,0.7831,6656.35
563300,华泰柏瑞中证2000ETF,2024-06-21,110117.4,1750.0,1.6149,89800.7397,0.8155000000000001,1427.1250000000002
563300,华泰柏瑞中证2000ETF,2024-06-20,108367.4,-2750.0,-2.4749,88557.83928,0.8172,-2247.3
563300,华泰柏瑞中证2000ETF,2024-06-19,111117.4,-6250.0,-5.3252,92760.80552000001,0.8348000000000001,-5217.500000000001
563300,华泰柏瑞中证2000ETF,2024-06-18,117367.4,-2500.0,-2.0856,98565.14252000001,0.8398000000000001,-2099.5000000000005
563300,华泰柏瑞中证2000ETF,2024-06-17,119867.4,-2000.0,-1.6411,99334.11438,0.8287,-1657.4
563300,华泰柏瑞中证2000ETF,2024-06-14,121867.4,-3500.0,-2.7918,101442.42376,0.8324,-2913.4
563300,华泰柏瑞中证2000ETF,2024-06-13,125367.4,-22000.0,-14.9287,104268.06658,0.8317,-18297.4
563300,华泰柏瑞中证2000ETF,2024-06-12,147367.4,-26750.0,-15.3632,123095.98922,0.8353,-22344.275
563300,华泰柏瑞中证2000ETF,2024-06-11,174117.4,-5000.0,-2.7915,143490.14934,0.8241,-4120.5
563300,华泰柏瑞中证2000ETF,2024-06-07,179117.4,24000.0,15.4722,146715.06234,0.8191,19658.4
563300,华泰柏瑞中证2000ETF,2024-06-06,155117.4,49750.0,47.2157,124869.507,0.805,40048.75
563300,华泰柏瑞中证2000ETF,2024-06-05,105367.4,12250.0,13.1554,88002.85248,0.8352,10231.2
563300,华泰柏瑞中证2000ETF,2024-06-04,93117.4,4750.0,5.3753,79485.01264,0.8536,4054.6
563300,华泰柏瑞中证2000ETF,2024-06-03,88367.4,2000.0,2.3157,76075.49466,0.8609,1721.8
563300,华泰柏瑞中证2000ETF,2024-05-31,86367.4,500.0,0.5823,75735.57306,0.8769,438.45
563300,华泰柏瑞中证2000ETF,2024-05-30,85867.4,-250.0,-0.2903,74816.26562,0.8713000000000001,-217.82500000000002
563300,华泰柏瑞中证2000ETF,2024-05-29,86117.4,1250.0,1.4729,75542.18328,0.8772,1096.5
563300,华泰柏瑞中证2000ETF,2024-05-28,84867.4,1500.0,1.7993,74352.32914,0.8761000000000001,1314.15
563300,华泰柏瑞中证2000ETF,2024-05-27,83367.4,-500.0,-0.5962,73513.37332,0.8818,-440.90000000000003
563300,华泰柏瑞中证2000ETF,2024-05-24,83867.4,-2250.0,-2.6127,73518.16284,0.8766000000000002,-1972.3500000000004
563300,华泰柏瑞中证2000ETF,2024-05-23,86117.4,-750.0,-0.8634,76127.7816,0.8840000000000001,-663.0000000000001
563300,华泰柏瑞中证2000ETF,2024-05-22,86867.4,-750.0,-0.856,78458.63567999999,0.9032,-677.4
563300,华泰柏瑞中证2000ETF,2024-05-21,87617.4,-1500.0,-1.6832,78794.32782,0.8993000000000001,-1348.95
563300,华泰柏瑞中证2000ETF,2024-05-20,89117.4,0.0,0.0,80802.74657999999,0.9067,0.0
563300,华泰柏瑞中证2000ETF,2024-05-17,89117.4,4250.0,5.0078,80526.48264,0.9036000000000001,3840.3
563300,华泰柏瑞中证2000ETF,2024-05-16,84867.4,1750.0,2.1055,75990.26996,0.8954000000000001,1566.95
563300,华泰柏瑞中证2000ETF,2024-05-15,83117.4,-500.0,-0.598,74132.40906,0.8919000000000001,-445.95000000000005
563300,华泰柏瑞中证2000ETF,2024-05-14,83617.4,-1250.0,-1.4729,75197.12782000001,0.8993000000000002,-1124.1250000000002
563300,华泰柏瑞中证2000ETF,2024-05-13,84867.4,-3500.0,-3.9607,75735.66776,0.8924,-3123.4
563300,华泰柏瑞中证2000ETF,2024-05-10,88367.4,-6750.0,-7.0965,80016.6807,0.9055000000000001,-6112.125000000001
563300,华泰柏瑞中证2000ETF,2024-05-09,95117.4,-250.0,-0.2621,86984.8623,0.9145,-228.625
563300,华泰柏瑞中证2000ETF,2024-05-08,95367.4,-12250.0,-11.3829,86240.73982,0.9043000000000001,-11077.675000000001
563300,华泰柏瑞中证2000ETF,2024-05-07,107617.4,-5500.0,-4.8622,98609.82362000001,0.9163000000000001,-5039.650000000001
563300,华泰柏瑞中证2000ETF,2024-05-06,113117.4,1250.0,1.1174,103106.5101,0.9115000000000001,1139.375
563300,华泰柏瑞中证2000ETF,2024-04-30,111867.4,-1500.0,-1.3231,100132.50974,0.8951,-1342.65
563300,华泰柏瑞中证2000ETF,2024-04-29,113367.4,7750.0,7.3378,102076.00696,0.9004000000000001,6978.1
563300,华泰柏瑞中证2000ETF,2024-04-26,105617.4,6250.0,6.2898,92869.37982,0.8793000000000001,5495.625000000001
563300,华泰柏瑞中证2000ETF,2024-04-25,99367.4,500.0,0.5057,86211.15624,0.8676,433.8
563300,华泰柏瑞中证2000ETF,2024-04-24,98867.4,5000.0,5.3267,85747.69602,0.8673000000000001,4336.5
563300,华泰柏瑞中证2000ETF,2024-04-23,93867.4,4500.0,5.0354,79881.1574,0.851,3829.5
563300,华泰柏瑞中证2000ETF,2024-04-22,89367.4,-3500.0,-3.7688,75694.1878,0.8470000000000001,-2964.5000000000005
563300,华泰柏瑞中证2000ETF,2024-04-19,92867.4,-30500.0,-24.7229,79067.30436000001,0.8514000000000002,-25967.700000000004
563300,华泰柏瑞中证2000ETF,2024-04-18,123367.4,-28250.0,-18.6324,105454.45352000001,0.8548000000000001,-24148.100000000002
563300,华泰柏瑞中证2000ETF,2024-04-17,151617.4,19250.0,14.5429,129632.877,0.855,16458.75
563300,华泰柏瑞中证2000ETF,2024-04-16,132367.4,27250.0,25.9234,106767.54484,0.8066000000000001,21979.850000000002
563300,华泰柏瑞中证2000ETF,2024-04-15,105117.4,-2750.0,-2.5494,90684.78098,0.8627,-2372.425
563300,华泰柏瑞中证2000ETF,2024-04-12,107867.4,-7500.0,-6.501,96368.73516,0.8934,-6700.5
563300,华泰柏瑞中证2000ETF,2024-04-11,115367.4,500.0,0.4353,103484.5578,0.897,448.5
563300,华泰柏瑞中证2000ETF,2024-04-10,114867.4,-2000.0,-1.7113,102611.04842,0.8933000000000001,-1786.6000000000001
563300,华泰柏瑞中证2000ETF,2024-04-09,116867.4,4750.0,4.2366,106758.3699,0.9135000000000001,4339.125
563300,华泰柏瑞中证2000ETF,2024-04-08,112117.4,-6000.0,-5.0797,101174.74176,0.9024000000000001,-5414.400000000001
563300,华泰柏瑞中证2000ETF,2024-04-03,118117.4,-4750.0,-3.866,108632.57278,0.9197000000000001,-4368.575000000001
563300,华泰柏瑞中证2000ETF,2024-04-02,122867.4,-7250.0,-5.5719,114045.52068,0.9282,-6729.45
563300,华泰柏瑞中证2000ETF,2024-04-01,130117.4,1250.0,0.97,121165.32287999999,0.9312,1164.0
563300,华泰柏瑞中证2000ETF,2024-03-29,128867.4,-1000.0,-0.77,117720.3699,0.9135000000000001,-913.5000000000001
563300,华泰柏瑞中证2000ETF,2024-03-28,129867.4,9750.0,8.1171,117140.3948,0.902,8794.5
563300,华泰柏瑞中证2000ETF,2024-03-27,120117.4,-4500.0,-3.6111,105931.53506000001,0.8819000000000001,-3968.5500000000006
563300,华泰柏瑞中证2000ETF,2024-03-26,124617.4,-13250.0,-9.6107,113426.75748,0.9102,-12060.15
563300,华泰柏瑞中证2000ETF,2024-03-25,137867.4,-22250.0,-13.8961,125790.21575999999,0.9124,-20300.9
563300,华泰柏瑞中证2000ETF,2024-03-22,160117.4,-11250.0,-6.5648,149469.5929,0.9335,-10501.875
563300,华泰柏瑞中证2000ETF,2024-03-21,171367.4,-14000.0,-7.5526,161907.91952,0.9448,-13227.199999999999
563300,华泰柏瑞中证2000ETF,2024-03-20,185367.4,-3250.0,-1.7231,175116.58278,0.9447,-3070.275
563300,华泰柏瑞中证2000ETF,2024-03-19,188617.4,6750.0,3.7115,176413.85422,0.9353,6313.275000000001
563300,华泰柏瑞中证2000ETF,2024-03-18,181867.4,18500.0,11.3242,170918.98252,0.9398,17386.3
563300,华泰柏瑞中证2000ETF,2024-03-15,163367.4,3750.0,2.3494,150673.75302,0.9223,3458.625
563300,华泰柏瑞中证2000ETF,2024-03-14,159617.4,-7750.0,-4.6305,145411.4514,0.9109999999999999,-7060.249999999999
563300,华泰柏瑞中证2000ETF,2024-03-13,167367.4,2000.0,1.2094,153609.79972,0.9178000000000001,1835.6000000000001
563300,华泰柏瑞中证2000ETF,2024-03-12,165367.4,-5000.0,-2.9348,151311.171,0.915,-4575.0
563300,华泰柏瑞中证2000ETF,2024-03-11,170367.4,250.0,0.147,154284.71744,0.9056000000000001,226.4
563300,华泰柏瑞中证2000ETF,2024-03-08,170117.4,-11250.0,-6.2029,150877.12206,0.8869,-9977.625
563300,华泰柏瑞中证2000ETF,2024-03-07,181367.4,0.0,0.0,158623.92804,0.8746,0.0
563300,华泰柏瑞中证2000ETF,2024-03-06,181367.4,-8000.0,-4.2246,160292.50812,0.8838000000000001,-7070.4000000000015
563300,华泰柏瑞中证2000ETF,2024-03-05,189367.4,-71750.0,-27.4781,165450.29738,0.8737,-62687.975000000006
563300,华泰柏瑞中证2000ETF,2024-03-04,261117.4,-74750.0,-22.2558,231898.36294000002,0.8881000000000001,-66385.475
563300,华泰柏瑞中证2000ETF,2024-03-01,335867.4,-75000.0,-18.2541,296503.74072,0.8827999999999999,-66210.0
563300,华泰柏瑞中证2000ETF,2024-02-29,410867.4,-50000.0,-10.8491,357742.24518,0.8707,-43535.0
563300,华泰柏瑞中证2000ETF,2024-02-28,460867.4,-50000.0,-9.7873,386114.70772,0.8378,-41890.0
563300,华泰柏瑞中证2000ETF,2024-02-27,510867.4,-50000.0,-8.9148,456715.4556,0.8939999999999999,-44699.99999999999
563300,华泰柏瑞中证2000ETF,2024-02-26,560867.4,-50000.0,-8.1851,488908.11258,0.8717,-43585.0
563300,华泰柏瑞中证2000ETF,2024-02-23,610867.4,-37500.0,-5.7838,525223.79052,0.8598,-32242.5
563300,华泰柏瑞中证2000ETF,2024-02-22,648367.4,-37250.0,-5.4331,542942.8607600001,0.8374,-31193.15
563300,华泰柏瑞中证2000ETF,2024-02-21,685617.4,-37500.0,-5.1859,562891.8854,0.8210000000000001,-30787.500000000004
563300,华泰柏瑞中证2000ETF,2024-02-20,723117.4,-50000.0,-6.4673,586592.83488,0.8111999999999999,-40559.99999999999
563300,华泰柏瑞中证2000ETF,2024-02-19,773117.4,-73500.0,-8.6816,621431.7661199999,0.8037999999999998,-59079.29999999999
563300,华泰柏瑞中证2000ETF,2024-02-08,846617.4,691250.0,444.9132,656297.80848,0.7752,535857.0
563300,华泰柏瑞中证2000ETF,2024-02-07,155367.4,47000.0,43.371,110326.39074,0.7101000000000001,33374.700000000004
563300,华泰柏瑞中证2000ETF,2024-02-06,108367.4,38250.0,54.5514,78501.34456,0.7244,27708.300000000003
563300,华泰柏瑞中证2000ETF,2024-02-05,70117.4,17750.0,33.8951,49446.79048,0.7052000000000002,12517.300000000003
563300,华泰柏瑞中证2000ETF,2024-02-02,52367.4,500.0,0.964,40474.76346,0.7729,386.45
563300,华泰柏瑞中证2000ETF,2024-02-01,51867.4,4750.0,10.0812,41820.68462,0.8063,3829.925
563300,华泰柏瑞中证2000ETF,2024-01-31,47117.4,500.0,1.0726,38565.5919,0.8185,409.25
563300,华泰柏瑞中证2000ETF,2024-01-30,46617.4,-250.0,-0.5334,40049.00834,0.8591,-214.775
563300,华泰柏瑞中证2000ETF,2024-01-29,46867.4,-500.0,-1.0556,41496.39596,0.8854,-442.7
563300,华泰柏瑞中证2000ETF,2024-01-26,47367.4,2000.0,4.4085,43421.69558,0.9167,1833.3999999999999
563300,华泰柏瑞中证2000ETF,2024-01-25,45367.4,2500.0,5.8319,41769.76518,0.9207,2301.75
563300,华泰柏瑞中证2000ETF,2024-01-24,42867.4,-1500.0,-3.3809,38156.27274,0.8901,-1335.15
563300,华泰柏瑞中证2000ETF,2024-01-23,44367.4,750.0,1.7195,38976.7609,0.8785,658.875
563300,华泰柏瑞中证2000ETF,2024-01-22,43617.4,-2500.0,-5.4209,38182.67196,0.8754,-2188.5
563300,华泰柏瑞中证2000ETF,2024-01-19,46117.4,0.0,0.0,43032.145939999995,0.9330999999999998,0.0
563300,华泰柏瑞中证2000ETF,2024-01-18,46117.4,2000.0,4.5334,43650.1191,0.9465,1893.0
563300,华泰柏瑞中证2000ETF,2024-01-17,44117.4,-1250.0,-2.7553,42039.470460000004,0.9529000000000001,-1191.125
563300,华泰柏瑞中证2000ETF,2024-01-16,45367.4,-9250.0,-16.936,44310.33958,0.9767,-9034.475
563300,华泰柏瑞中证2000ETF,2024-01-15,54617.4,-500.0,-0.9072,53464.97286,0.9789,-489.45
563300,华泰柏瑞中证2000ETF,2024-01-12,55117.4,750.0,1.3795,53915.840679999994,0.9781999999999998,733.6499999999999
563300,华泰柏瑞中证2000ETF,2024-01-11,54367.4,1750.0,3.3259,53513.83182,0.9843,1722.5249999999999
563300,华泰柏瑞中证2000ETF,2024-01-10,52617.4,1500.0,2.9344,50844.19362,0.9662999999999999,1449.4499999999998
563300,华泰柏瑞中证2000ETF,2024-01-09,51117.4,-1000.0,-1.9187,49890.5824,0.976,-976.0
563300,华泰柏瑞中证2000ETF,2024-01-08,52117.4,-4500.0,-7.9481,50491.33712,0.9687999999999999,-4359.599999999999
563300,华泰柏瑞中证2000ETF,2024-01-05,56617.4,-1750.0,-2.9982,55796.4477,0.9854999999999999,-1724.6249999999998
563300,华泰柏瑞中证2000ETF,2024-01-04,58367.4,-12250.0,-17.347,58694.25744,1.0056,-12318.6
563300,华泰柏瑞中证2000ETF,2024-01-03,70617.4,-15000.0,-17.5198,71147.0305,1.0075,-15112.500000000002
563300,华泰柏瑞中证2000ETF,2024-01-02,85617.4,-14750.0,-14.696,86619.12358,1.0117,-14922.575
563300,华泰柏瑞中证2000ETF,2023-12-29,100367.4,11500.0,12.9406,101330.92704,1.0096,11610.400000000001
563300,华泰柏瑞中证2000ETF,2023-12-28,88867.4,15000.0,20.3067,87934.2923,0.9895,14842.5
563300,华泰柏瑞中证2000ETF,2023-12-27,73867.4,19000.0,34.6289,71680.92496,0.9704000000000002,18437.600000000002
563300,华泰柏瑞中证2000ETF,2023-12-26,54867.4,7500.0,15.8337,52755.0051,0.9615,7211.25
563300,华泰柏瑞中证2000ETF,2023-12-25,47367.4,1250.0,2.7105,46187.95174,0.9750999999999999,1218.8749999999998
563300,华泰柏瑞中证2000ETF,2023-12-22,46117.4,500.0,1.0961,45112.04068,0.9782,489.09999999999997
563300,华泰柏瑞中证2000ETF,2023-12-21,45617.4,-250.0,-0.545,45339.13386,0.9939,-248.475
563300,华泰柏瑞中证2000ETF,2023-12-20,45867.4,4000.0,9.554,45151.86856,0.9844,3937.6000000000004
563300,华泰柏瑞中证2000ETF,2023-12-19,41867.4,0.0,0.0,41683.18344,0.9955999999999999,0.0
563300,华泰柏瑞中证2000ETF,2023-12-18,41867.4,0.0,0.0,41565.95472,0.9928,0.0
563300,华泰柏瑞中证2000ETF,2023-12-15,41867.4,0.0,0.0,42173.03202,1.0072999999999999,0.0
563300,华泰柏瑞中证2000ETF,2023-12-14,41867.4,0.0,0.0,42348.8751,1.0114999999999998,0.0
563300,华泰柏瑞中证2000ETF,2023-12-13,41867.4,500.0,1.2087,42424.23642,1.0133,506.65000000000003
563300,华泰柏瑞中证2000ETF,2023-12-12,41367.4,0.0,0.0,42153.3806,1.019,0.0
563300,华泰柏瑞中证2000ETF,2023-12-11,41367.4,-250.0,-0.6007,41946.5436,1.0139999999999998,-253.49999999999994
563300,华泰柏瑞中证2000ETF,2023-12-08,41617.4,500.0,1.216,41796.35482,1.0043,502.15
563300,华泰柏瑞中证2000ETF,2023-12-07,41117.4,-250.0,-0.6043,41779.390139999996,1.0160999999999998,-254.02499999999995
563300,华泰柏瑞中证2000ETF,2023-12-06,41367.4,750.0,1.8465,42178.20104,1.0196,764.7
563300,华泰柏瑞中证2000ETF,2023-12-05,40617.4,-1500.0,-3.5615,41214.47578,1.0147,-1522.05
563300,华泰柏瑞中证2000ETF,2023-12-04,42117.4,0.0,0.0,43578.87378,1.0347,0.0
563300,华泰柏瑞中证2000ETF,2023-12-01,42117.4,0.0,0.0,43511.48594,1.0331,0.0
563300,华泰柏瑞中证2000ETF,2023-11-30,42117.4,-500.0,-1.1732,43111.37064,1.0236,-511.8
563300,华泰柏瑞中证2000ETF,2023-11-29,42617.4,0.0,0.0,43908.70722,1.0303,0.0
563300,华泰柏瑞中证2000ETF,2023-11-28,42617.4,-250.0,-0.5832,44113.27074,1.0351,-258.775
563300,华泰柏瑞中证2000ETF,2023-11-27,42867.4,-500.0,-1.1529,44054.82698,1.0276999999999998,-513.8499999999999
563300,华泰柏瑞中证2000ETF,2023-11-24,43367.4,-250.0,-0.5732,44520.972839999995,1.0266,-256.65
563300,华泰柏瑞中证2000ETF,2023-11-23,43617.4,1250.0,2.9504,45383.9047,1.0405,1300.625
563300,华泰柏瑞中证2000ETF,2023-11-22,42367.4,0.0,0.0,43714.68332,1.0317999999999998,0.0
563300,华泰柏瑞中证2000ETF,2023-11-21,42367.4,-1250.0,-2.8658,44206.14516,1.0433999999999999,-1304.2499999999998
563300,华泰柏瑞中证2000ETF,2023-11-20,43617.4,3500.0,8.7244,45837.52566,1.0509,3678.1499999999996
563300,华泰柏瑞中证2000ETF,2023-11-17,40117.4,500.0,1.2621,41774.24862,1.0413,520.65
563300,华泰柏瑞中证2000ETF,2023-11-16,39617.4,1750.0,4.6214,40845.5394,1.031,1804.2499999999998
563300,华泰柏瑞中证2000ETF,2023-11-15,37867.4,-1000.0,-2.5729,39272.28054,1.0371,-1037.1
563300,华泰柏瑞中证2000ETF,2023-11-14,38867.4,250.0,0.6474,40033.422,1.03,257.5
563300,华泰柏瑞中证2000ETF,2023-11-13,38617.4,750.0,1.9806,39443.81236,1.0214,766.0500000000001
563300,华泰柏瑞中证2000ETF,2023-11-10,37867.4,750.0,2.0206,38242.287260000005,1.0099,757.4250000000001
563300,华泰柏瑞中证2000ETF,2023-11-09,37117.4,-500.0,-1.3292,37588.79098,1.0127,-506.34999999999997
563300,华泰柏瑞中证2000ETF,2023-11-08,37617.4,-750.0,-1.9548,38381.03322,1.0203,-765.225
563300,华泰柏瑞中证2000ETF,2023-11-07,38367.4,-1500.0,-3.7625,38939.07426,1.0149,-1522.35
563300,华泰柏瑞中证2000ETF,2023-11-06,39867.4,-2500.0,-5.9008,40146.4718,1.007,-2517.4999999999995
563300,华泰柏瑞中证2000ETF,2023-11-03,42367.4,0.0,0.0,41647.1542,0.9829999999999999,0.0
563300,华泰柏瑞中证2000ETF,2023-11-02,42367.4,250.0,0.5936,41134.50866,0.9709,242.725
563300,华泰柏瑞中证2000ETF,2023-11-01,42117.4,-3250.0,-7.1637,41422.4629,0.9834999999999999,-3196.3749999999995
563300,华泰柏瑞中证2000ETF,2023-10-31,45367.4,0.0,0.0,44437.3683,0.9795,0.0
563300,华泰柏瑞中证2000ETF,2023-10-30,45367.4,250.0,0.5541,44754.9401,0.9864999999999999,246.62499999999997
563300,华泰柏瑞中证2000ETF,2023-10-27,45117.4,1000.0,2.2667,43948.859339999995,0.9740999999999999,974.0999999999999
563300,华泰柏瑞中证2000ETF,2023-10-26,44117.4,750.0,1.7294,42489.467939999995,0.9630999999999998,722.3249999999999
563300,华泰柏瑞中证2000ETF,2023-10-25,43367.4,250.0,0.5798,41545.9692,0.958,239.5
563300,华泰柏瑞中证2000ETF,2023-10-24,43117.4,-750.0,-1.7097,40651.08472,0.9428,-707.1
563300,华泰柏瑞中证2000ETF,2023-10-23,43867.4,250.0,0.5732,40340.461039999995,0.9195999999999999,229.89999999999998
563300,华泰柏瑞中证2000ETF,2023-10-20,43617.4,2000.0,4.8057,41113.76124,0.9426,1885.2
563300,华泰柏瑞中证2000ETF,2023-10-19,41617.4,0.0,0.0,39752.940480000005,0.9552,0.0
563300,华泰柏瑞中证2000ETF,2023-10-18,41617.4,-2000.0,-4.5853,40069.23272,0.9628,-1925.6
563300,华泰柏瑞中证2000ETF,2023-10-17,43617.4,0.0,0.0,42731.96678,0.9797,0.0
563300,华泰柏瑞中证2000ETF,2023-10-16,43617.4,0.0,0.0,42867.18072,0.9827999999999999,0.0
563300,华泰柏瑞中证2000ETF,2023-10-13,43617.4,500.0,1.1596,43176.86426,0.9899,494.95
563300,华泰柏瑞中证2000ETF,2023-10-12,43117.4,0.0,0.0,42970.800839999996,0.9965999999999999,0.0
563300,华泰柏瑞中证2000ETF,2023-10-11,43117.4,-1000.0,-2.2667,42789.707760000005,0.9924000000000001,-992.4000000000001
563300,华泰柏瑞中证2000ETF,2023-10-10,44117.4,-1750.0,-3.8153,43662.99078,0.9897,-1731.9750000000001
563300,华泰柏瑞中证2000ETF,2023-10-09,45867.4,-7000.0,-13.2407,45541.741460000005,0.9929000000000001,-6950.300000000001
563300,华泰柏瑞中证2000ETF,2023-09-28,52867.4,-1750.0,-3.2041,52645.35692,0.9957999999999999,-1742.6499999999999
563300,华泰柏瑞中证2000ETF,2023-09-27,54617.4,250.0,0.4598,53683.442460000006,0.9829000000000001,245.72500000000002
563300,华泰柏瑞中证2000ETF,2023-09-26,54367.4,0.0,0.0,53149.57024,0.9776,0.0
563300,华泰柏瑞中证2000ETF,2023-09-25,54367.4,1250.0,2.3533,53318.10918,0.9807,1225.875
563300,华泰柏瑞中证2000ETF,2023-09-22,53117.4,4250.0,8.697,52283.45682,0.9843,4183.275
563300,华泰柏瑞中证2000ETF,2023-09-21,48867.4,2000.0,4.2674,47083.7399,0.9635,1927.0
563300,华泰柏瑞中证2000ETF,2023-09-20,46867.4,4500.0,10.6214,45526.992360000004,0.9714,4371.3
563300,华泰柏瑞中证2000ETF,2023-09-19,42367.4,1250.0,3.0401,41528.525480000004,0.9802000000000001,1225.25
563300,华泰柏瑞中证2000ETF,2023-09-18,41117.4,-4500.0,-9.8647,40891.2543,0.9944999999999999,-4475.25
563300,华泰柏瑞中证2000ETF,2023-09-15,45617.4,-3000.0,-6.1706,45038.05902,0.9873,-2961.9
588000,华夏上证科创板50成份ETF,2026-07-27,4609466.82,53400.0,1.1721,8789792.279058,1.9068999999999998,101828.45999999999
588000,华夏上证科创板50成份ETF,2026-07-24,4556066.82,-58500.0,-1.2677,8586819.135653999,1.8846999999999996,-110254.94999999998
588000,华夏上证科创板50成份ETF,2026-07-23,4614566.82,178500.0,4.0238,8709071.959386,1.8873,336883.05
588000,华夏上证科创板50成份ETF,2026-07-22,4436066.82,-115200.0,-2.5312,8701345.06743,1.9615,-225964.8
588000,华夏上证科创板50成份ETF,2026-07-21,4551266.82,45900.0,1.0188,9132572.001012,2.0065999999999997,92102.93999999999
588000,华夏上证科创板50成份ETF,2026-07-20,4505366.82,762900.0,20.385,8165977.36125,1.8125,1382756.25
588000,华夏上证科创板50成份ETF,2026-07-17,3742466.82,277800.0,8.0181,6770122.47738,1.8090000000000002,502540.20000000007
588000,华夏上证科创板50成份ETF,2026-07-16,3464666.82,78900.0,2.3303,6748131.565314,1.9477,153673.53
588000,华夏上证科创板50成份ETF,2026-07-15,3385766.82,68100.0,2.0526,6870059.454462,2.0291,138181.71000000002
588000,华夏上证科创板50成份ETF,2026-07-14,3317666.82,49500.0,1.5146,7028477.15817,2.1185,104865.75
588000,华夏上证科创板50成份ETF,2026-07-13,3268166.82,94800.0,2.9874,6871974.372414,2.1027,199335.96
588000,华夏上证科创板50成份ETF,2026-07-10,3173366.82,49200.0,1.5748,6908102.230458,2.1769,107103.48
588000,华夏上证科创板50成份ETF,2026-07-09,3124166.82,44100.0,1.4318,7198392.769962,2.3041,101610.81
588000,华夏上证科创板50成份ETF,2026-07-08,3080066.82,-11700.0,-0.3784,6546990.0325919995,2.1256,-24869.52
588000,华夏上证科创板50成份ETF,2026-07-07,3091766.82,-23100.0,-0.7416,6523627.9902,2.11,-48741.0
588000,华夏上证科创板50成份ETF,2026-07-06,3114866.82,-4200.0,-0.1347,6553679.78928,2.104,-8836.800000000001
588000,华夏上证科创板50成份ETF,2026-07-03,3119066.82,6000.0,0.1927,6494832.8392860005,2.0823000000000005,12493.800000000003
588000,华夏上证科创板50成份ETF,2026-07-02,3113066.82,116700.0,3.8947,6520318.45449,2.0945,244428.15
588000,华夏上证科创板50成份ETF,2026-07-01,2996366.82,13200.0,0.4425,6799655.224626,2.2693000000000003,29954.760000000006
588000,华夏上证科创板50成份ETF,2026-06-30,2983166.82,2700.0,0.0906,6942425.823503999,2.3272,6283.44
588000,华夏上证科创板50成份ETF,2026-06-29,2980466.82,-107700.0,-3.4875,6678033.956892,2.2406,-241312.62000000002
588000,华夏上证科创板50成份ETF,2026-06-26,3088166.82,-15900.0,-0.5122,6614235.695076,2.1418,-34054.619999999995
588000,华夏上证科创板50成份ETF,2026-06-25,3104066.82,-16200.0,-0.5192,6760036.720596,2.1778,-35280.36
588000,华夏上证科创板50成份ETF,2026-06-24,3120266.82,-45900.0,-1.4497,6544759.65495,2.0975,-96275.25
588000,华夏上证科创板50成份ETF,2026-06-23,3166166.82,5700.0,0.1804,6396923.443128,2.0204,11516.28
588000,华夏上证科创板50成份ETF,2026-06-22,3160466.82,36900.0,1.1813,6493811.175054,2.0547,75818.43
588000,华夏上证科创板50成份ETF,2026-06-18,3123566.82,-83700.0,-2.6097,6294924.212346,2.0153,-168680.61
588000,华夏上证科创板50成份ETF,2026-06-17,3207266.82,-102300.0,-3.091,6223059.810846,1.9403000000000001,-198492.69
588000,华夏上证科创板50成份ETF,2026-06-16,3309566.82,21900.0,0.6661,6135936.88428,1.854,40602.6
588000,华夏上证科创板50成份ETF,2026-06-15,3287666.82,-35100.0,-1.0563,6065087.749536,1.8448000000000002,-64752.48000000001
588000,华夏上证科创板50成份ETF,2026-06-12,3322766.82,16800.0,0.5082,5831455.7691,1.7550000000000001,29484.000000000004
588000,华夏上证科创板50成份ETF,2026-06-11,3305966.82,8400.0,0.2547,5810567.282832,1.7576000000000003,14763.840000000002
588000,华夏上证科创板50成份ETF,2026-06-10,3297566.82,-52800.0,-1.5759,5756892.154356,1.7458,-92178.24
588000,华夏上证科创板50成份ETF,2026-06-09,3350366.82,-90900.0,-2.6415,5886594.50274,1.7570000000000001,-159711.30000000002
588000,华夏上证科创板50成份ETF,2026-06-08,3441266.82,94800.0,2.8328,5802319.985202,1.6861,159842.28
588000,华夏上证科创板50成份ETF,2026-06-05,3346466.82,48600.0,1.4737,5888777.663154,1.7597000000000003,85521.42000000001
588000,华夏上证科创板50成份ETF,2026-06-04,3297866.82,-33900.0,-1.0175,6046968.601152,1.8336000000000001,-62159.04
588000,华夏上证科创板50成份ETF,2026-06-03,3331766.82,-108000.0,-3.1397,6067813.732584,1.8212,-196689.6
588000,华夏上证科创板50成份ETF,2026-06-02,3439766.82,-12900.0,-0.3736,6130352.426604,1.7822,-22990.38
588000,华夏上证科创板50成份ETF,2026-06-01,3452666.82,64800.0,1.9127,6052870.202142,1.7531,113600.88
588000,华夏上证科创板50成份ETF,2026-05-29,3387866.82,84300.0,2.5518,6252647.0029919995,1.8456,155584.08
588000,华夏上证科创板50成份ETF,2026-05-28,3303566.82,-66900.0,-1.9849,6419160.687942,1.9431,-129993.39
588000,华夏上证科创板50成份ETF,2026-05-27,3370466.82,10200.0,0.3035,6447028.933296,1.9128,19510.56
588000,华夏上证科创板50成份ETF,2026-05-26,3360266.82,37200.0,1.1194,6611660.995032,1.9676000000000002,73194.72000000002
588000,华夏上证科创板50成份ETF,2026-05-25,3323066.82,-126000.0,-3.6532,6637825.97295,1.9975000000000003,-251685.00000000003
588000,华夏上证科创板50成份ETF,2026-05-22,3449066.82,-40800.0,-1.1691,6507009.462612,1.8866000000000003,-76973.28000000001
588000,华夏上证科创板50成份ETF,2026-05-21,3489866.82,-24600.0,-0.7,6484870.524924,1.8582,-45711.72
588000,华夏上证科创板50成份ETF,2026-05-20,3514466.82,-74400.0,-2.0731,6782218.069236,1.9298000000000002,-143577.12000000002
588000,华夏上证科创板50成份ETF,2026-05-19,3588866.82,-40200.0,-1.1077,6711180.9534,1.87,-75174.0
588000,华夏上证科创板50成份ETF,2026-05-18,3629066.82,-96900.0,-2.6007,6538489.689594001,1.8017000000000003,-174584.73000000004
588000,华夏上证科创板50成份ETF,2026-05-15,3725966.82,-57900.0,-1.5302,6659420.497386,1.7873,-103484.67000000001
588000,华夏上证科创板50成份ETF,2026-05-14,3783866.82,-36900.0,-0.9658,6877934.718714,1.8177,-67073.13
588000,华夏上证科创板50成份ETF,2026-05-13,3820766.82,-26700.0,-0.694,7126112.195982001,1.8651000000000002,-49798.170000000006
588000,华夏上证科创板50成份ETF,2026-05-12,3847466.82,-51600.0,-1.3234,6988923.47853,1.8165,-93731.4
588000,华夏上证科创板50成份ETF,2026-05-11,3899066.82,-103500.0,-2.5858,7053411.87738,1.8090000000000002,-187231.50000000003
588000,华夏上证科创板50成份ETF,2026-05-08,4002566.82,18300.0,0.4593,6919637.5184160005,1.7288000000000001,31637.04
588000,华夏上证科创板50成份ETF,2026-05-07,3984266.82,-41400.0,-1.0284,7047769.577897999,1.7689,-73232.45999999999
588000,华夏上证科创板50成份ETF,2026-05-06,4025666.82,-167100.0,-3.9854,7027606.567674001,1.7457000000000003,-291706.47000000003
588000,华夏上证科创板50成份ETF,2026-04-30,4192766.82,-293100.0,-6.5339,6939867.640464,1.6552000000000002,-485139.12000000005
588000,华夏上证科创板50成份ETF,2026-04-29,4485866.82,18000.0,0.4029,7060754.37468,1.574,28332.0
588000,华夏上证科创板50成份ETF,2026-04-28,4467866.82,-10800.0,-0.2411,7009189.467216,1.5688,-16943.04
588000,华夏上证科创板50成份ETF,2026-04-27,4478666.82,-97200.0,-2.1242,7118840.910389999,1.5894999999999997,-154499.39999999997
588000,华夏上证科创板50成份ETF,2026-04-24,4575866.82,-66600.0,-1.4346,7010227.968239999,1.5319999999999998,-102031.19999999998
588000,华夏上证科创板50成份ETF,2026-04-23,4642466.82,-32100.0,-0.6867,7008732.158154,1.5096999999999998,-48461.369999999995
588000,华夏上证科创板50成份ETF,2026-04-22,4674566.82,-69600.0,-1.4671,7147880.124461999,1.5290999999999997,-106425.35999999997
588000,华夏上证科创板50成份ETF,2026-04-21,4744166.82,30300.0,0.6428,7132380.397188,1.5034,45553.020000000004
588000,华夏上证科创板50成份ETF,2026-04-20,4713866.82,-69000.0,-1.4426,7204202.661006,1.5282999999999998,-105452.69999999998
588000,华夏上证科创板50成份ETF,2026-04-17,4782866.82,-21000.0,-0.4371,7172865.369953999,1.4996999999999998,-31493.699999999997
588000,华夏上证科创板50成份ETF,2026-04-16,4803866.82,2100.0,0.0437,7198594.429769999,1.4984999999999997,3146.8499999999995
588000,华夏上证科创板50成份ETF,2026-04-15,4801766.82,-84300.0,-1.7253,7114297.720512,1.4815999999999998,-124898.87999999999
588000,华夏上证科创板50成份ETF,2026-04-14,4886066.82,-71100.0,-1.4343,7232356.106964,1.4801999999999997,-105242.21999999999
588000,华夏上证科创板50成份ETF,2026-04-13,4957166.82,-111000.0,-2.1901,7182439.0054979995,1.4488999999999999,-160827.9
588000,华夏上证科创板50成份ETF,2026-04-10,5068166.82,-15000.0,-0.2951,7285996.620432001,1.4376,-21564.0
588000,华夏上证科创板50成份ETF,2026-04-09,5083166.82,-13800.0,-0.2707,7197255.900438,1.4159,-19539.42
588000,华夏上证科创板50成份ETF,2026-04-08,5096966.82,-21300.0,-0.4162,7263687.415182001,1.4251,-30354.63
588000,华夏上证科创板50成份ETF,2026-04-07,5118266.82,-61200.0,-1.1816,6870249.552486,1.3422999999999998,-82148.76
588000,华夏上证科创板50成份ETF,2026-04-03,5179466.82,22800.0,0.4421,6855024.33627,1.3235,30175.8
588000,华夏上证科创板50成份ETF,2026-04-02,5156666.82,97200.0,1.9212,6857335.537236,1.3298,129256.56000000001
588000,华夏上证科创板50成份ETF,2026-04-01,5059466.82,-119400.0,-2.3055,6919326.823032001,1.3676000000000001,-163291.44000000003
588000,华夏上证科创板50成份ETF,2026-03-31,5178866.82,34500.0,0.6706,6854748.122951999,1.3235999999999999,45664.2
588000,华夏上证科创板50成份ETF,2026-03-30,5144366.82,3600.0,0.07,6989651.198334,1.3587,4891.32
588000,华夏上证科创板50成份ETF,2026-03-27,5140766.82,0.0,0.0,7043878.696764,1.3701999999999999,0.0
588000,华夏上证科创板50成份ETF,2026-03-26,5140766.82,39600.0,0.7763,6978590.95815,1.3575,53757.0
588000,华夏上证科创板50成份ETF,2026-03-25,5101166.82,-100500.0,-1.9321,7067156.512428,1.3853999999999997,-139232.69999999998
588000,华夏上证科创板50成份ETF,2026-03-24,5201666.82,22200.0,0.4286,7072186.208472,1.3596,30183.12
588000,华夏上证科创板50成份ETF,2026-03-23,5179466.82,92700.0,1.8224,6881957.563734,1.3286999999999998,123170.48999999998
588000,华夏上证科创板50成份ETF,2026-03-20,5086766.82,56100.0,1.1152,7062467.052888,1.3884,77889.24
588000,华夏上证科创板50成份ETF,2026-03-19,5030666.82,103200.0,2.0944,7094246.349564,1.4102,145532.63999999998
588000,华夏上证科创板50成份ETF,2026-03-18,4927466.82,-32100.0,-0.6472,7122160.541628,1.4454,-46397.340000000004
588000,华夏上证科创板50成份ETF,2026-03-17,4959566.82,4500.0,0.0908,7072838.242002,1.4261,6417.45
588000,华夏上证科创板50成份ETF,2026-03-16,4955066.82,16500.0,0.3341,7225973.943605999,1.4582999999999997,24061.949999999993
588000,华夏上证科创板50成份ETF,2026-03-13,4938566.82,13500.0,0.2741,7141167.621719999,1.4459999999999997,19520.999999999996
588000,华夏上证科创板50成份ETF,2026-03-12,4925066.82,40500.0,0.8291,7176314.863422,1.4570999999999998,59012.549999999996
588000,华夏上证科创板50成份ETF,2026-03-11,4884566.82,11100.0,0.2278,7205224.516182001,1.4751,16373.61
588000,华夏上证科创板50成份ETF,2026-03-10,4873466.82,-63900.0,-1.2942,7291681.056084,1.4961999999999998,-95607.17999999998
588000,华夏上证科创板50成份ETF,2026-03-09,4937366.82,38100.0,0.7777,7232748.654618,1.4648999999999999,55812.689999999995
588000,华夏上证科创板50成份ETF,2026-03-06,4899266.82,-300.0,-0.0061,7300887.415164,1.4902,-447.06
588000,华夏上证科创板50成份ETF,2026-03-05,4899566.82,-106500.0,-2.1274,7258708.24383,1.4814999999999998,-157779.74999999997
588000,华夏上证科创板50成份ETF,2026-03-04,5006066.82,-18900.0,-0.3761,7287832.076556,1.4558,-27514.62
588000,华夏上证科创板50成份ETF,2026-03-03,5024966.82,140400.0,2.8744,7350521.464296001,1.4628,205377.12000000002
588000,华夏上证科创板50成份ETF,2026-03-02,4884566.82,-24300.0,-0.495,7536886.60326,1.543,-37494.9
588000,华夏上证科创板50成份ETF,2026-02-27,4908866.82,-33750.0,-0.6828,7693176.080304,1.5672,-52893.0
588000,华夏上证科创板50成份ETF,2026-02-26,4942616.82,-64800.0,-1.2941,7734206.799936,1.5648,-101399.04
588000,华夏上证科创板50成份ETF,2026-02-25,5007416.82,-33300.0,-0.6606,7769007.19623,1.5514999999999999,-51664.95
588000,华夏上证科创板50成份ETF,2026-02-24,5040716.82,-5400.0,-0.107,7778330.124942,1.5431,-8332.74
588000,华夏上证科创板50成份ETF,2026-02-13,5046116.82,-44550.0,-0.8751,7812398.060724,1.5482,-68972.31
588000,华夏上证科创板50成份ETF,2026-02-12,5090666.82,-54450.0,-1.0583,7938385.8391080005,1.5594000000000001,-84909.33
588000,华夏上证科创板50成份ETF,2026-02-11,5145116.82,10350.0,0.2016,7883862.503286,1.5323,15859.305
588000,华夏上证科创板50成份ETF,2026-02-10,5134766.82,-51750.0,-0.9978,7955807.710908,1.5493999999999999,-80181.45
588000,华夏上证科创板50成份ETF,2026-02-09,5186516.82,-51750.0,-0.9879,7963377.925428,1.5353999999999999,-79456.95
588000,华夏上证科创板50成份ETF,2026-02-06,5238266.82,27000.0,0.5181,7845876.0429960005,1.4978,40440.6
588000,华夏上证科创板50成份ETF,2026-02-05,5211266.82,31500.0,0.6081,7860153.744605999,1.5082999999999998,47511.44999999999
588000,华夏上证科创板50成份ETF,2026-02-04,5179766.82,59850.0,1.169,7926597.164646001,1.5303,91588.455
588000,华夏上证科创板50成份ETF,2026-02-03,5119916.82,49500.0,0.9763,7929215.179134,1.5487,76660.65
588000,华夏上证科创板50成份ETF,2026-02-02,5070416.82,31050.0,0.6161,7745568.734232001,1.5276,47431.98
588000,华夏上证科创板50成份ETF,2026-01-30,5039366.82,-31050.0,-0.6124,8008057.813661999,1.5890999999999997,-49341.55499999999
588000,华夏上证科创板50成份ETF,2026-01-29,5070416.82,77850.0,1.5593,8048272.618386,1.5873,123571.305
588000,华夏上证科创板50成份ETF,2026-01-28,4992566.82,-35550.0,-0.707,8171334.114294,1.6366999999999998,-58184.68499999999
588000,华夏上证科创板50成份ETF,2026-01-27,5028116.82,-49050.0,-0.9661,8235552.539478,1.6379,-80338.995
588000,华夏上证科创板50成份ETF,2026-01-26,5077166.82,-19350.0,-0.3797,8192008.66407,1.6135,-31221.225
588000,华夏上证科创板50成份ETF,2026-01-23,5096516.82,43650.0,0.8639,8334843.607428,1.6354,71385.20999999999
588000,华夏上证科创板50成份ETF,2026-01-22,5052866.82,-9000.0,-0.1778,8199792.275496,1.6228,-14605.2
588000,华夏上证科创板50成份ETF,2026-01-21,5061866.82,-159300.0,-3.051,8180989.154484,1.6161999999999999,-257460.65999999997
588000,华夏上证科创板50成份ETF,2026-01-20,5221166.82,-88650.0,-1.6695,8150763.522702,1.5611,-138391.51499999998
588000,华夏上证科创板50成份ETF,2026-01-19,5309816.82,-1800.0,-0.0339,8422431.439884,1.5861999999999998,-2855.16
588000,华夏上证科创板50成份ETF,2026-01-16,5311616.82,4050.0,0.0763,8465123.726034,1.5937000000000001,6454.485000000001
588000,华夏上证科创板50成份ETF,2026-01-15,5307566.82,13500.0,0.255,8347741.094496001,1.5728,21232.8
588000,华夏上证科创板50成份ETF,2026-01-14,5294066.82,-84600.0,-1.5729,8365154.982282001,1.5801,-133676.46
588000,华夏上证科创板50成份ETF,2026-01-13,5378666.82,40050.0,0.7502,8322411.170586,1.5473,61969.365
588000,华夏上证科创板50成份ETF,2026-01-12,5338616.82,-11250.0,-0.2103,8497476.392394,1.5917000000000001,-17906.625
588000,华夏上证科创板50成份ETF,2026-01-09,5349866.82,20250.0,0.38,8314228.024962,1.5540999999999998,31470.524999999998
588000,华夏上证科创板50成份ETF,2026-01-08,5329616.82,-22050.0,-0.412,8166038.891604,1.5321999999999998,-33785.009999999995
588000,华夏上证科创板50成份ETF,2026-01-07,5351666.82,-67950.0,-1.2538,8133998.399718,1.5198999999999998,-103277.20499999999
588000,华夏上证科创板50成份ETF,2026-01-06,5419616.82,103050.0,1.9383,8157607.237464,1.5051999999999999,155110.86
588000,华夏上证科创板50成份ETF,2026-01-05,5316566.82,-54450.0,-1.0138,7857354.103278,1.4779,-80471.655
588000,华夏上证科创板50成份ETF,2025-12-31,5371016.82,62100.0,1.1697,7602137.207028,1.4153999999999998,87896.33999999998
588000,华夏上证科创板50成份ETF,2025-12-30,5308916.82,-61650.0,-1.1479,7601837.994558,1.4319,-88276.635
588000,华夏上证科创板50成份ETF,2025-12-29,5370566.82,-64350.0,-1.184,7613315.524032,1.4176,-91222.56
588000,华夏上证科创板50成份ETF,2025-12-26,5434916.82,49950.0,0.9276,7701820.625622001,1.4171,70784.145
588000,华夏上证科创板50成份ETF,2025-12-25,5384966.82,49050.0,0.9192,7649345.367810001,1.4205,69675.52500000001
588000,华夏上证科创板50成份ETF,2025-12-24,5335916.82,-25650.0,-0.4784,7596744.776633999,1.4236999999999997,-36517.90499999999
588000,华夏上证科创板50成份ETF,2025-12-23,5361566.82,-43200.0,-0.7993,7565706.9397020005,1.4111,-60959.520000000004
588000,华夏上证科创板50成份ETF,2025-12-22,5404766.82,-27000.0,-0.4971,7598561.672238001,1.4059000000000001,-37959.3
588000,华夏上证科创板50成份ETF,2025-12-19,5431766.82,32850.0,0.6085,7483888.324596001,1.3778000000000001,45260.73
588000,华夏上证科创板50成份ETF,2025-12-18,5398916.82,31950.0,0.5953,7423510.6275,1.375,43931.25
588000,华夏上证科创板50成份ETF,2025-12-17,5366966.82,-49500.0,-0.9139,7488528.8039460005,1.3953,-69067.35
588000,华夏上证科创板50成份ETF,2025-12-16,5416466.82,63000.0,1.1768,7373436.282066001,1.3613,85761.9
588000,华夏上证科创板50成份ETF,2025-12-15,5353466.82,50850.0,0.959,7431682.639524001,1.3882,70589.97
588000,华夏上证科创板50成份ETF,2025-12-12,5302616.82,-41850.0,-0.7831,7525473.790944001,1.4192,-59393.520000000004
588000,华夏上证科创板50成份ETF,2025-12-11,5344466.82,36000.0,0.6782,7447514.513669999,1.3934999999999997,50165.99999999999
588000,华夏上证科创板50成份ETF,2025-12-10,5308466.82,21150.0,0.4,7513073.090346001,1.4153000000000002,29933.595000000005
588000,华夏上证科创板50成份ETF,2025-12-09,5287316.82,-10350.0,-0.1954,7484196.958710001,1.4155,-14650.425
588000,华夏上证科创板50成份ETF,2025-12-08,5297666.82,55800.0,1.0645,7519508.2843080005,1.4194,79202.52
588000,华夏上证科创板50成份ETF,2025-12-05,5241866.82,77850.0,1.5075,7303493.040306,1.3933,108468.405
588000,华夏上证科创板50成份ETF,2025-12-04,5164016.82,4050.0,0.0785,7193475.430260001,1.393,5641.65
588000,华夏上证科创板50成份ETF,2025-12-03,5159966.82,4950.0,0.096,7092374.39409,1.3744999999999998,6803.774999999999
588000,华夏上证科创板50成份ETF,2025-12-02,5155016.82,1800.0,0.0349,7149492.827658,1.3869,2496.42
588000,华夏上证科创板50成份ETF,2025-12-01,5153216.82,4950.0,0.0961,7236662.380325999,1.4042999999999997,6951.284999999998
588000,华夏上证科创板50成份ETF,2025-11-28,5148266.82,-24300.0,-0.4698,7177198.773762,1.3941,-33876.63
588000,华夏上证科创板50成份ETF,2025-11-27,5172566.82,-36450.0,-0.6997,7122107.254458,1.3769,-50188.005
588000,华夏上证科创板50成份ETF,2025-11-26,5209016.82,-112050.0,-2.1058,7195735.835147999,1.3813999999999997,-154785.86999999997
588000,华夏上证科创板50成份ETF,2025-11-25,5321066.82,-43650.0,-0.8136,7278155.196396001,1.3678000000000001,-59704.47000000001
588000,华夏上证科创板50成份ETF,2025-11-24,5364716.82,38250.0,0.7181,7305671.365475999,1.3617999999999997,52088.84999999999
588000,华夏上证科创板50成份ETF,2025-11-21,5326466.82,176400.0,3.4252,7193926.087092,1.3506,238245.84
588000,华夏上证科创板50成份ETF,2025-11-20,5150066.82,54000.0,1.0596,7184343.2139,1.3949999999999998,75329.99999999999
588000,华夏上证科创板50成份ETF,2025-11-19,5096066.82,34650.0,0.6846,7197175.169886,1.4123,48936.19500000001
588000,华夏上证科创板50成份ETF,2025-11-18,5061416.82,-20700.0,-0.4073,7217580.385319999,1.4259999999999997,-29518.199999999993
588000,华夏上证科创板50成份ETF,2025-11-17,5082116.82,8550.0,0.1685,7226770.118039999,1.4219999999999997,12158.099999999997
588000,华夏上证科创板50成份ETF,2025-11-14,5073566.82,50850.0,1.0124,7252663.769189999,1.4294999999999998,72690.07499999998
588000,华夏上证科创板50成份ETF,2025-11-13,5022716.82,-13050.0,-0.2591,7379877.8236259995,1.4692999999999998,-19174.364999999998
588000,华夏上证科创板50成份ETF,2025-11-12,5035766.82,89100.0,1.8012,7294811.815452,1.4485999999999999,129070.26
588000,华夏上证科创板50成份ETF,2025-11-11,4946666.82,13050.0,0.2645,7207293.556739999,1.4569999999999996,19013.849999999995
588000,华夏上证科创板50成份ETF,2025-11-10,4933616.82,32400.0,0.6611,7291392.298278,1.4779,47883.96
588000,华夏上证科创板50成份ETF,2025-11-07,4901216.82,900.0,0.0184,7285658.80293,1.4865,1337.85
588000,华夏上证科创板50成份ETF,2025-11-06,4900316.82,-105750.0,-2.1124,7392617.954652,1.5086,-159534.44999999998
588000,华夏上证科创板50成份ETF,2025-11-05,5006066.82,8550.0,0.1711,7308857.5572,1.4599999999999997,12482.999999999998
588000,华夏上证科创板50成份ETF,2025-11-04,4997516.82,-52200.0,-1.0337,7280382.503376,1.4567999999999999,-76044.95999999999
588000,华夏上证科创板50成份ETF,2025-11-03,5049716.82,22500.0,0.4476,7429648.3572660005,1.4713,33104.25
588000,华夏上证科创板50成份ETF,2025-10-31,5027216.82,109800.0,2.2329,7473963.246294,1.4867,163239.66
588000,华夏上证科创板50成份ETF,2025-10-30,4917416.82,7650.0,0.1558,7545284.368608,1.5343999999999998,11738.159999999998
588000,华夏上证科创板50成份ETF,2025-10-29,4909766.82,19350.0,0.3957,7676420.42307,1.5635,30253.725
588000,华夏上证科创板50成份ETF,2025-10-28,4890416.82,-5400.0,-0.1103,7557650.153628,1.5453999999999999,-8345.16
588000,华夏上证科创板50成份ETF,2025-10-27,4895816.82,63450.0,1.313,7629151.350606,1.5583,98874.135
588000,华夏上证科创板50成份ETF,2025-10-24,4832366.82,-68400.0,-1.3957,7419132.7787460005,1.5353,-105014.52
588000,华夏上证科创板50成份ETF,2025-10-23,4900766.82,37800.0,0.7773,7211968.452311999,1.4715999999999998,55626.479999999996
588000,华夏上证科创板50成份ETF,2025-10-22,4862966.82,-43200.0,-0.8805,7177739.026319999,1.4759999999999998,-63763.19999999999
588000,华夏上证科创板50成份ETF,2025-10-21,4906166.82,-55350.0,-1.1156,7245427.159775999,1.4768,-81740.87999999999
588000,华夏上证科创板50成份ETF,2025-10-20,4961516.82,-4950.0,-0.0997,7127218.91193,1.4364999999999999,-7110.674999999999
588000,华夏上证科创板50成份ETF,2025-10-17,4966466.82,74250.0,1.5177,7109000.606148,1.4313999999999998,106281.44999999998
588000,华夏上证科创板50成份ETF,2025-10-16,4892216.82,-51300.0,-1.0377,7276194.076386,1.4872999999999998,-76298.48999999999
588000,华夏上证科创板50成份ETF,2025-10-15,4943516.82,-24300.0,-0.4891,7421701.8018660005,1.5013,-36481.590000000004
588000,华夏上证科创板50成份ETF,2025-10-14,4967816.82,45000.0,0.9141,7355846.365374001,1.4807000000000001,66631.5
588000,华夏上证科创板50成份ETF,2025-10-13,4922816.82,-75150.0,-1.5036,7612151.648766001,1.5463,-116204.445
588000,华夏上证科创板50成份ETF,2025-10-10,4997966.82,212850.0,4.4482,7622399.197182001,1.5251000000000001,324617.53500000003
588000,华夏上证科创板50成份ETF,2025-10-09,4785116.82,-32400.0,-0.6725,7729877.711028,1.6154,-52338.96
588000,华夏上证科创板50成份ETF,2025-09-30,4817516.82,-3150.0,-0.0653,7562056.152353999,1.5696999999999997,-4944.5549999999985
588000,华夏上证科创板50成份ETF,2025-09-29,4820666.82,41850.0,0.8757,7441663.370034,1.5436999999999999,64603.844999999994
588000,华夏上证科创板50成份ETF,2025-09-26,4778816.82,18000.0,0.3781,7278615.898542,1.5231,27415.8
588000,华夏上证科创板50成份ETF,2025-09-25,4760816.82,13050.0,0.2749,7368792.273996001,1.5478,20198.79
588000,华夏上证科创板50成份ETF,2025-09-24,4747766.82,-87300.0,-1.8056,7258860.691098,1.5289,-133472.97
588000,华夏上证科创板50成份ETF,2025-09-23,4835066.82,-9900.0,-0.2043,7143811.22655,1.4774999999999998,-14627.249999999998
588000,华夏上证科创板50成份ETF,2025-09-22,4844966.82,-113400.0,-2.287,7166190.423462,1.4790999999999999,-167729.93999999997
588000,华夏上证科创板50成份ETF,2025-09-19,4958366.82,-102150.0,-2.0186,7095918.756102,1.4311,-146186.865
588000,华夏上证科创板50成份ETF,2025-09-18,5060516.82,-43650.0,-0.8552,7336737.285636,1.4498,-63283.77
588000,华夏上证科创板50成份ETF,2025-09-17,5104166.82,-54450.0,-1.0555,7348979.387436,1.4397999999999997,-78397.10999999999
588000,华夏上证科创板50成份ETF,2025-09-16,5158616.82,-85500.0,-1.6304,7358766.893730001,1.4265,-121965.75000000001
588000,华夏上证科创板50成份ETF,2025-09-15,5244116.82,-13950.0,-0.2653,7385289.717606,1.4082999999999999,-19645.785
588000,华夏上证科创板50成份ETF,2025-09-12,5258066.82,-80550.0,-1.5088,7394945.175647999,1.4063999999999997,-113285.51999999997
588000,华夏上证科创板50成份ETF,2025-09-11,5338616.82,-67050.0,-1.2404,7445768.878853999,1.3946999999999998,-93514.635
588000,华夏上证科创板50成份ETF,2025-09-10,5405666.82,-45000.0,-0.8256,7159265.136408,1.3244,-59598.0
588000,华夏上证科创板50成份ETF,2025-09-09,5450666.82,-47250.0,-0.8594,7142553.800927999,1.3103999999999998,-61916.39999999999
588000,华夏上证科创板50成份ETF,2025-09-08,5497916.82,-67500.0,-1.2128,7380403.539167999,1.3423999999999998,-90611.99999999999
588000,华夏上证科创板50成份ETF,2025-09-05,5565416.82,12600.0,0.2269,7427605.287972,1.3346,16815.96
588000,华夏上证科创板50成份ETF,2025-09-04,5552816.82,-4500.0,-0.081,7165354.824528,1.2904,-5806.8
588000,华夏上证科创板50成份ETF,2025-09-03,5557316.82,-88650.0,-1.5701,7632974.6522699995,1.3735,-121760.775
588000,华夏上证科创板50成份ETF,2025-09-02,5645966.82,-85050.0,-1.484,7879511.293992,1.3956,-118695.78
588000,华夏上证科创板50成份ETF,2025-09-01,5731016.82,-82800.0,-1.4242,8174149.2903660005,1.4263000000000001,-118097.64000000001
588000,华夏上证科创板50成份ETF,2025-08-29,5813816.82,21150.0,0.3651,8194574.807789999,1.4094999999999998,29810.924999999996
588000,华夏上证科创板50成份ETF,2025-08-28,5792666.82,-247050.0,-4.0904,8304367.153152,1.4336,-354170.88
588000,华夏上证科创板50成份ETF,2025-08-27,6039716.82,-218700.0,-3.4945,8079329.190114,1.3377,-292554.99
588000,华夏上证科创板50成份ETF,2025-08-26,6258416.82,13950.0,0.2234,8361870.713202001,1.3361,18638.595
588000,华夏上证科创板50成份ETF,2025-08-25,6244466.82,-164250.0,-2.5629,8453134.734234,1.3537,-222345.22499999998
588000,华夏上证科创板50成份ETF,2025-08-22,6408716.82,-387450.0,-5.701,8405672.981112,1.3115999999999999,-508179.4199999999
588000,华夏上证科创板50成份ETF,2025-08-21,6796166.82,-89550.0,-1.3005,8213167.601969999,1.2085,-108221.17499999999
588000,华夏上证科创板50成份ETF,2025-08-20,6885716.82,-184500.0,-2.6095,8312437.345104,1.2071999999999998,-222728.39999999997
588000,华夏上证科创板50成份ETF,2025-08-19,7070216.82,7200.0,0.1019,8268618.570989999,1.1694999999999998,8420.399999999998
588000,华夏上证科创板50成份ETF,2025-08-18,7063016.82,-130950.0,-1.8203,8352723.691332,1.1826,-154861.47
588000,华夏上证科创板50成份ETF,2025-08-15,7193966.82,-3150.0,-0.0438,8328455.387514,1.1577,-3646.7549999999997
588000,华夏上证科创板50成份ETF,2025-08-14,7197116.82,-305100.0,-4.0668,8216228.561712,1.1416,-348302.16
588000,华夏上证科创板50成份ETF,2025-08-13,7502216.82,-43650.0,-0.5785,8502262.322106,1.1333,-49468.545
588000,华夏上证科创板50成份ETF,2025-08-12,7545866.82,-225000.0,-2.8954,8488345.585818,1.1249,-253102.5
588000,华夏上证科创板50成份ETF,2025-08-11,7770866.82,-43200.0,-0.5528,8577482.795916,1.1038000000000001,-47684.16
588000,华夏上证科创板50成份ETF,2025-08-08,7814066.82,-24300.0,-0.31,8572812.708222,1.0971,-26659.53
588000,华夏上证科创板50成份ETF,2025-08-07,7838366.82,-82800.0,-1.0453,8717831.577204,1.1122,-92090.16
588000,华夏上证科创板50成份ETF,2025-08-06,7921166.82,25650.0,0.3249,8825764.070844,1.1142,28579.230000000003
588000,华夏上证科创板50成份ETF,2025-08-05,7895516.82,19350.0,0.2457,8751390.843288,1.1084,21447.54
588000,华夏上证科创板50成份ETF,2025-08-04,7876166.82,-73350.0,-0.9227,8696075.785961999,1.1040999999999999,-80985.73499999999
588000,华夏上证科创板50成份ETF,2025-08-01,7949516.82,-51300.0,-0.6412,8673717.802302001,1.0911000000000002,-55973.43000000001
588000,华夏上证科创板50成份ETF,2025-07-31,8000816.82,-158850.0,-1.9468,8819300.380686,1.1023,-175100.355
588000,华夏上证科创板50成份ETF,2025-07-30,8159666.82,2250.0,0.0276,9085789.004069999,1.1134999999999997,2505.3749999999995
588000,华夏上证科创板50成份ETF,2025-07-29,8157416.82,-102600.0,-1.2421,9184435.597638,1.1259,-115517.34
588000,华夏上证科创板50成份ETF,2025-07-28,8260016.82,79650.0,0.9737,9166966.666836001,1.1098000000000001,88395.57
588000,华夏上证科创板50成份ETF,2025-07-25,8180366.82,-75150.0,-0.9103,9073662.876744,1.1092,-83356.37999999999
588000,华夏上证科创板50成份ETF,2025-07-24,8255516.82,-32400.0,-0.3909,8970444.576612,1.0865999999999998,-35205.84
588000,华夏上证科创板50成份ETF,2025-07-23,8287916.82,-48600.0,-0.583,8900393.872998,1.0738999999999999,-52191.53999999999
588000,华夏上证科创板50成份ETF,2025-07-22,8336516.82,-15300.0,-0.1832,8912570.132261999,1.0691,-16357.23
588000,华夏上证科创板50成份ETF,2025-07-21,8351816.82,41400.0,0.4982,8854596.192564,1.0601999999999998,43892.27999999999
588000,华夏上证科创板50成份ETF,2025-07-18,8310416.82,-36900.0,-0.4421,8805717.662472,1.0596,-39099.240000000005
588000,华夏上证科创板50成份ETF,2025-07-17,8347316.82,-56700.0,-0.6747,8828957.000514,1.0577,-59971.590000000004
588000,华夏上证科创板50成份ETF,2025-07-16,8404016.82,27900.0,0.3331,8817494.447544001,1.0492000000000001,29272.680000000004
588000,华夏上证科创板50成份ETF,2025-07-15,8376116.82,92700.0,1.1191,8776495.203996,1.0478,97131.06000000001
588000,华夏上证科创板50成份ETF,2025-07-14,8283416.82,52200.0,0.6342,8650372.185126,1.0442999999999998,54512.45999999999
588000,华夏上证科创板50成份ETF,2025-07-11,8231216.82,37800.0,0.4613,8613145.280447999,1.0463999999999998,39553.91999999999
588000,华夏上证科创板50成份ETF,2025-07-10,8193416.82,118800.0,1.4713,8450690.108148,1.0313999999999999,122530.31999999998
588000,华夏上证科创板50成份ETF,2025-07-09,8074616.82,57150.0,0.7128,8353191.1002899995,1.0345,59121.674999999996
588000,华夏上证科创板50成份ETF,2025-07-08,8017466.82,-33750.0,-0.4192,8367830.120034,1.0436999999999999,-35224.87499999999
588000,华夏上证科创板50成份ETF,2025-07-07,8051216.82,18450.0,0.2297,8287922.594508,1.0293999999999999,18992.429999999997
588000,华夏上证科创板50成份ETF,2025-07-04,8032766.82,8100.0,0.1009,8322749.702202001,1.0361,8392.41
588000,华夏上证科创板50成份ETF,2025-07-03,8024666.82,32850.0,0.411,8315159.758884,1.0362,34039.17
588000,华夏上证科创板50成份ETF,2025-07-02,7991816.82,62550.0,0.7888,8263538.59188,1.034,64676.700000000004
588000,华夏上证科创板50成份ETF,2025-07-01,7929266.82,32850.0,0.416,8297977.7271300005,1.0465,34377.525
588000,华夏上证科创板50成份ETF,2025-06-30,7896416.82,-52200.0,-0.6567,8333878.311828,1.0554,-55091.88
588000,华夏上证科创板50成份ETF,2025-06-27,7948616.82,11700.0,0.1474,8264176.907753999,1.0396999999999998,12164.489999999998
588000,华夏上证科创板50成份ETF,2025-06-26,7936916.82,-36450.0,-0.4571,8265505.176348,1.0413999999999999,-37959.03
588000,华夏上证科创板50成份ETF,2025-06-25,7973366.82,-35550.0,-0.4439,8350507.070586,1.0473,-37231.515
588000,华夏上证科创板50成份ETF,2025-06-24,8008916.82,-18900.0,-0.2354,8245980.757872,1.0296,-19459.440000000002
588000,华夏上证科创板50成份ETF,2025-06-23,8027816.82,-35100.0,-0.4353,8118531.150066,1.0113,-35496.630000000005
588000,华夏上证科创板50成份ETF,2025-06-20,8062916.82,15300.0,0.1901,8117744.654375999,1.0068,15404.039999999999
588000,华夏上证科创板50成份ETF,2025-06-19,8047616.82,-7650.0,-0.095,8145797.745203999,1.0121999999999998,-7743.329999999998
588000,华夏上证科创板50成份ETF,2025-06-18,8055266.82,27000.0,0.3363,8198650.569396,1.0178,27480.600000000002
588000,华夏上证科创板50成份ETF,2025-06-17,8028266.82,131400.0,1.664,8127014.501886,1.0123,133016.22
588000,华夏上证科创板50成份ETF,2025-06-16,7896866.82,32850.0,0.4177,8059542.276492,1.0206,33526.71
588000,华夏上证科创板50成份ETF,2025-06-13,7864016.82,26550.0,0.3388,8041743.600132001,1.0226,27150.03
588000,华夏上证科创板50成份ETF,2025-06-12,7837466.82,29700.0,0.3804,8048294.677458,1.0269,30498.929999999997
588000,华夏上证科创板50成份ETF,2025-06-11,7807766.82,63450.0,0.8193,8045122.931328,1.0304,65378.88
588000,华夏上证科创板50成份ETF,2025-06-10,7744316.82,62100.0,0.8084,7996007.11665,1.0325,64118.25
588000,华夏上证科创板50成份ETF,2025-06-09,7682216.82,-3150.0,-0.041,8050195.005678,1.0479,-3300.885
588000,华夏上证科创板50成份ETF,2025-06-06,7685366.82,14400.0,0.1877,8005078.079712,1.0415999999999999,14999.039999999997
588000,华夏上证科创板50成份ETF,2025-06-05,7670966.82,-38700.0,-0.502,8026132.583766,1.0463,-40491.81
588000,华夏上证科创板50成份ETF,2025-06-04,7709666.82,-5400.0,-0.07,7980276.125382001,1.0351000000000001,-5589.540000000001
588000,华夏上证科创板50成份ETF,2025-06-03,7715066.82,-18450.0,-0.2386,7951147.864692,1.0306,-19014.57
588000,华夏上证科创板50成份ETF,2025-05-30,7733516.82,36450.0,0.4736,7934588.25732,1.026,37397.700000000004
588000,华夏上证科创板50成份ETF,2025-05-29,7697066.82,3600.0,0.0468,7966464.1587,1.035,3725.9999999999995
588000,华夏上证科创板50成份ETF,2025-05-28,7693466.82,18000.0,0.2345,7837334.649534,1.0187,18336.6
588000,华夏上证科创板50成份ETF,2025-05-27,7675466.82,32850.0,0.4298,7837419.169902001,1.0211000000000001,33543.135
588000,华夏上证科创板50成份ETF,2025-05-26,7642616.82,-26550.0,-0.3462,7880302.203102,1.0311,-27375.704999999998
588000,华夏上证科创板50成份ETF,2025-05-23,7669166.82,11250.0,0.1469,7893106.491144001,1.0292000000000001,11578.500000000002
588000,华夏上证科创板50成份ETF,2025-05-22,7657916.82,9000.0,0.1177,7963467.701117999,1.0398999999999998,9359.099999999999
588000,华夏上证科创板50成份ETF,2025-05-21,7648916.82,22950.0,0.3009,7993118.0769,1.045,23982.75
588000,华夏上证科创板50成份ETF,2025-05-20,7625966.82,-3150.0,-0.0413,7988200.24395,1.0474999999999999,-3299.6249999999995
588000,华夏上证科创板50成份ETF,2025-05-19,7629116.82,55350.0,0.7308,7972427.0769,1.045,57840.74999999999
588000,华夏上证科创板50成份ETF,2025-05-16,7573766.82,16650.0,0.2203,7912314.196853999,1.0446999999999997,17394.254999999997
588000,华夏上证科创板50成份ETF,2025-05-15,7557116.82,43200.0,0.5749,7938751.21941,1.0505,45381.6
588000,华夏上证科创板50成份ETF,2025-05-14,7513916.82,29250.0,0.3908,7994807.49648,1.064,31122.0
588000,华夏上证科创板50成份ETF,2025-05-13,7484666.82,-1350.0,-0.018,7931501.429153999,1.0596999999999999,-1430.5949999999998
588000,华夏上证科创板50成份ETF,2025-05-12,7486016.82,46800.0,0.6291,7945658.2527479995,1.0614,49673.52
588000,华夏上证科创板50成份ETF,2025-05-09,7439216.82,75600.0,1.0267,7858044.726966,1.0563,79856.28
588000,华夏上证科创板50成份ETF,2025-05-08,7363616.82,57600.0,0.7884,7932824.400186,1.0773,62052.479999999996
588000,华夏上证科创板50成份ETF,2025-05-07,7306016.82,57600.0,0.7947,7898534.784102,1.0811,62271.36
588000,华夏上证科创板50成份ETF,2025-05-06,7248416.82,-18000.0,-0.2477,7808719.440186,1.0773,-19391.399999999998
588000,华夏上证科创板50成份ETF,2025-04-30,7266416.82,-38700.0,-0.5298,7721294.512932001,1.0626,-41122.62
588000,华夏上证科创板50成份ETF,2025-04-29,7305116.82,-15750.0,-0.2151,7697401.593234,1.0536999999999999,-16595.774999999998
588000,华夏上证科创板50成份ETF,2025-04-28,7320866.82,-21150.0,-0.2881,7704480.241367999,1.0523999999999998,-22258.259999999995
588000,华夏上证科创板50成份ETF,2025-04-25,7342016.82,-21600.0,-0.2933,7738485.72828,1.054,-22766.4
588000,华夏上证科创板50成份ETF,2025-04-24,7363616.82,13500.0,0.1837,7751679.426414,1.0527,14211.449999999999
588000,华夏上证科创板50成份ETF,2025-04-23,7350116.82,36450.0,0.4984,7809499.12125,1.0625,38728.125
588000,华夏上证科创板50成份ETF,2025-04-22,7313666.82,-17550.0,-0.2394,7797831.563484,1.0662,-18711.81
588000,华夏上证科创板50成份ETF,2025-04-21,7331216.82,-57600.0,-0.7796,7840736.388989999,1.0695,-61603.2
588000,华夏上证科创板50成份ETF,2025-04-18,7388816.82,28800.0,0.3913,7818107.077242,1.0581,30473.280000000002
588000,华夏上证科创板50成份ETF,2025-04-17,7360016.82,-54000.0,-0.7284,7850929.941894,1.0667,-57601.799999999996
588000,华夏上证科创板50成份ETF,2025-04-16,7414016.82,-56250.0,-0.753,7889996.699844,1.0642,-59861.25
588000,华夏上证科创板50成份ETF,2025-04-15,7470266.82,25200.0,0.3385,7887107.708556,1.0558,26606.160000000003
588000,华夏上证科创板50成份ETF,2025-04-14,7445066.82,-57150.0,-0.7618,7923040.109844,1.0642,-60819.03
588000,华夏上证科创板50成份ETF,2025-04-11,7502216.82,-111600.0,-1.4658,7964353.376111999,1.0615999999999999,-118474.55999999998
588000,华夏上证科创板50成份ETF,2025-04-10,7613816.82,6750.0,0.0887,7919130.874482001,1.0401,7020.675
588000,华夏上证科创板50成份ETF,2025-04-09,7607066.82,-189900.0,-2.4356,7826911.051097999,1.0289,-195388.11
588000,华夏上证科创板50成份ETF,2025-04-08,7796966.82,5400.0,0.0693,7693267.161294,0.9867,5328.18
588000,华夏上证科创板50成份ETF,2025-04-07,7791566.82,39150.0,0.505,7559378.128764,0.9702,37983.329999999994
588000,华夏上证科创板50成份ETF,2025-04-03,7752416.82,30150.0,0.3904,8284232.613852001,1.0686,32218.29
588000,华夏上证科创板50成份ETF,2025-04-02,7722266.82,26100.0,0.3391,8290625.657952,1.0736,28020.960000000003
588000,华夏上证科创板50成份ETF,2025-04-01,7696166.82,17100.0,0.2227,8275688.181546001,1.0753000000000001,18387.63
588000,华夏上证科创板50成份ETF,2025-03-31,7679066.82,44550.0,0.5835,8243478.231269999,1.0735,47824.424999999996
588000,华夏上证科创板50成份ETF,2025-03-28,7634516.82,30150.0,0.3965,8248331.972328,1.0804,32574.06
588000,华夏上证科创板50成份ETF,2025-03-27,7604366.82,-64800.0,-0.8449,8306249.877486,1.0922999999999998,-70781.04
588000,华夏上证科创板50成份ETF,2025-03-26,7669166.82,-20700.0,-0.2692,8288068.582374001,1.0807,-22370.49
588000,华夏上证科创板50成份ETF,2025-03-25,7689866.82,73800.0,0.969,8331201.712788001,1.0834000000000001,79954.92000000001
588000,华夏上证科创板50成份ETF,2025-03-24,7616066.82,42300.0,0.5585,8369295.828497999,1.0988999999999998,46483.46999999999
588000,华夏上证科创板50成份ETF,2025-03-21,7573766.82,120600.0,1.6181,8297061.551310001,1.0955000000000001,132117.30000000002
588000,华夏上证科创板50成份ETF,2025-03-20,7453166.82,92700.0,1.2594,8340093.67158,1.119,103731.3
588000,华夏上证科创板50成份ETF,2025-03-19,7360466.82,49950.0,0.6833,8329840.300194,1.1317,56528.41499999999
588000,华夏上证科创板50成份ETF,2025-03-18,7310516.82,12150.0,0.1665,8378583.327402,1.1461,13925.114999999998
588000,华夏上证科创板50成份ETF,2025-03-17,7298366.82,29250.0,0.4024,8320138.1748,1.14,33345.0
588000,华夏上证科创板50成份ETF,2025-03-14,7269116.82,20250.0,0.2794,8323865.670582001,1.1451,23188.275
588000,华夏上证科创板50成份ETF,2025-03-13,7248866.82,64350.0,0.8957,8159324.4925919995,1.1256,72432.36
588000,华夏上证科创板50成份ETF,2025-03-12,7184516.82,10800.0,0.1505,8262194.343,1.15,12419.999999999998
588000,华夏上证科创板50成份ETF,2025-03-11,7173716.82,84600.0,1.1934,8311468.307652,1.1586,98017.56000000001
588000,华夏上证科创板50成份ETF,2025-03-10,7089116.82,25650.0,0.3631,8247478.508388001,1.1634,29841.21
588000,华夏上证科创板50成份ETF,2025-03-07,7063466.82,146250.0,2.1143,8238827.698848,1.1663999999999999,170585.99999999997
588000,华夏上证科创板50成份ETF,2025-03-06,6917216.82,-209700.0,-2.9424,8171308.229466001,1.1813,-247718.61000000002
588000,华夏上证科创板50成份ETF,2025-03-05,7126916.82,4050.0,0.0569,8137513.625076,1.1418,4624.29
588000,华夏上证科创板50成份ETF,2025-03-04,7122866.82,-81900.0,-1.1367,8106534.727841999,1.1381,-93210.38999999998
588000,华夏上证科创板50成份ETF,2025-03-03,7204766.82,14400.0,0.2003,8066456.931672,1.1196,16122.24
588000,华夏上证科创板50成份ETF,2025-02-28,7190366.82,34200.0,0.4779,8171132.854247999,1.1363999999999999,38864.88
588000,华夏上证科创板50成份ETF,2025-02-27,7156166.82,57150.0,0.805,8484351.381792,1.1856,67757.04
588000,华夏上证科创板50成份ETF,2025-02-26,7099016.82,-118800.0,-1.6459,8424403.260294,1.1866999999999999,-140979.96
588000,华夏上证科创板50成份ETF,2025-02-25,7217816.82,-74700.0,-1.0243,8388546.708203999,1.1622,-86816.34
588000,华夏上证科创板50成份ETF,2025-02-24,7292516.82,-9000.0,-0.1233,8460778.014564,1.1602,-10441.8
588000,华夏上证科创板50成份ETF,2025-02-21,7301516.82,-422100.0,-5.4651,8431791.623736,1.1547999999999998,-487441.0799999999
588000,华夏上证科创板50成份ETF,2025-02-20,7723616.82,-48150.0,-0.6196,8424148.865574,1.0907,-52517.205
588000,华夏上证科创板50成份ETF,2025-02-19,7771766.82,-212850.0,-2.6658,8489878.074167999,1.0923999999999998,-232517.33999999997
588000,华夏上证科创板50成份ETF,2025-02-18,7984616.82,76950.0,0.9731,8521183.070303999,1.0672,82121.04
588000,华夏上证科创板50成份ETF,2025-02-17,7907666.82,-125100.0,-1.5574,8650987.50108,1.094,-136859.40000000002
588000,华夏上证科创板50成份ETF,2025-02-14,8032766.82,-54000.0,-0.6678,8664945.568734,1.0787,-58249.8
588000,华夏上证科创板50成份ETF,2025-02-13,8086766.82,69300.0,0.8644,8684378.887998,1.0738999999999999,74421.26999999999
588000,华夏上证科创板50成份ETF,2025-02-12,8017466.82,-163800.0,-2.0021,8813601.275225999,1.0992999999999997,-180065.33999999997
588000,华夏上证科创板50成份ETF,2025-02-11,8181266.82,21600.0,0.2647,8844767.559102,1.0811,23351.76
588000,华夏上证科创板50成份ETF,2025-02-10,8159666.82,-188550.0,-2.2586,8928307.434444001,1.0942,-206311.41
588000,华夏上证科创板50成份ETF,2025-02-07,8348216.82,-107550.0,-1.2719,8978507.18991,1.0755,-115670.025
588000,华夏上证科创板50成份ETF,2025-02-06,8455766.82,-208800.0,-2.4098,9029067.810396,1.0678,-222956.64
588000,华夏上证科创板50成份ETF,2025-02-05,8664566.82,-291600.0,-3.2559,8991220.989114,1.0376999999999998,-302593.31999999995
588000,华夏上证科创板50成份ETF,2025-01-27,8956166.82,123300.0,1.3959,9029607.387924,1.0082,124311.06
588000,华夏上证科创板50成份ETF,2025-01-24,8832866.82,-49500.0,-0.5573,9087253.384416,1.0288000000000002,-50925.600000000006
588000,华夏上证科创板50成份ETF,2025-01-23,8882366.82,92250.0,1.0495,9054684.736308001,1.0194,94039.65000000001
588000,华夏上证科创板50成份ETF,2025-01-22,8790116.82,-10350.0,-0.1176,9047667.242826,1.0292999999999999,-10653.255
588000,华夏上证科创板50成份ETF,2025-01-21,8800466.82,-102600.0,-1.1524,9070641.151374001,1.0307000000000002,-105749.82000000002
588000,华夏上证科创板50成份ETF,2025-01-20,8903066.82,-4950.0,-0.0556,9106056.743496,1.0228000000000002,-5062.860000000001
588000,华夏上证科创板50成份ETF,2025-01-17,8908016.82,-52650.0,-0.5876,9091521.966492,1.0206,-53734.59
588000,华夏上证科创板50成份ETF,2025-01-16,8960666.82,159750.0,1.8152,9048481.354836,1.0098,161315.55000000002
588000,华夏上证科创板50成份ETF,2025-01-15,8800916.82,-61200.0,-0.6906,9088706.800014,1.0327,-63201.24
588000,华夏上证科创板50成份ETF,2025-01-14,8862116.82,-58500.0,-0.6558,9188242.718976,1.0368,-60652.799999999996
588000,华夏上证科创板50成份ETF,2025-01-13,8920616.82,46800.0,0.5274,8971464.335874,1.0057,47066.76
588000,华夏上证科创板50成份ETF,2025-01-10,8873816.82,-103950.0,-1.1579,8907537.323916001,1.0038,-104345.01000000001
588000,华夏上证科创板50成份ETF,2025-01-09,8977766.82,-62550.0,-0.6919,9107944.438889999,1.0145,-63456.975
588000,华夏上证科创板50成份ETF,2025-01-08,9040316.82,-38700.0,-0.4263,9200330.427714,1.0176999999999998,-39384.98999999999
588000,华夏上证科创板50成份ETF,2025-01-07,9079016.82,-171450.0,-1.8534,9241531.221078,1.0178999999999998,-174518.95499999996
588000,华夏上证科创板50成份ETF,2025-01-06,9250466.82,42300.0,0.4594,9152411.871708,0.9894,41851.619999999995
588000,华夏上证科创板50成份ETF,2025-01-03,9208166.82,115200.0,1.2669,9140026.385532001,0.9926,114347.52
588000,华夏上证科创板50成份ETF,2025-01-02,9092966.82,181800.0,2.0401,9157526.884422,1.0071,183090.78000000003
588000,华夏上证科创板50成份ETF,2024-12-31,8911166.82,89100.0,1.01,9293455.876578,1.0429,92922.39
588000,华夏上证科创板50成份ETF,2024-12-30,8822066.82,-31950.0,-0.3609,9496072.725048,1.0764,-34390.98
588000,华夏上证科创板50成份ETF,2024-12-27,8854016.82,-82350.0,-0.9215,9502130.851224,1.0732,-88378.01999999999
588000,华夏上证科创板50成份ETF,2024-12-26,8936366.82,-144450.0,-1.5907,9661106.169102,1.0811,-156164.895
588000,华夏上证科创板50成份ETF,2024-12-25,9080816.82,-140400.0,-1.5226,9738267.957767999,1.0723999999999998,-150564.95999999996
588000,华夏上证科创板50成份ETF,2024-12-24,9221216.82,-29250.0,-0.3162,9856558.658898,1.0689,-31265.324999999997
588000,华夏上证科创板50成份ETF,2024-12-23,9250466.82,-2700.0,-0.0292,9737966.421413999,1.0527,-2842.29
588000,华夏上证科创板50成份ETF,2024-12-20,9253166.82,-353250.0,-3.6772,9862025.196756,1.0657999999999999,-376493.85
588000,华夏上证科创板50成份ETF,2024-12-19,9606416.82,-144900.0,-1.486,10042548.143628,1.0453999999999999,-151478.46
588000,华夏上证科创板50成份ETF,2024-12-18,9751316.82,-89100.0,-0.9054,10074085.406742,1.0331,-92049.20999999999
588000,华夏上证科创板50成份ETF,2024-12-17,9840416.82,68400.0,0.7,10015576.239396,1.0178,69617.52
588000,华夏上证科创板50成份ETF,2024-12-16,9772016.82,-5850.0,-0.0598,10020226.047228,1.0253999999999999,-5998.589999999999
588000,华夏上证科创板50成份ETF,2024-12-13,9777866.82,-32400.0,-0.3303,10180714.932984,1.0412,-33734.88
588000,华夏上证科创板50成份ETF,2024-12-12,9810266.82,19350.0,0.1976,10429294.656342,1.0631,20570.984999999997
588000,华夏上证科创板50成份ETF,2024-12-11,9790916.82,-9900.0,-0.101,10370539.095744,1.0592000000000001,-10486.080000000002
588000,华夏上证科创板50成份ETF,2024-12-10,9800816.82,85500.0,0.8801,10411407.707886,1.0622999999999998,90826.64999999998
588000,华夏上证科创板50成份ETF,2024-12-09,9715316.82,30150.0,0.3113,10244801.58669,1.0545,31793.175
588000,华夏上证科创板50成份ETF,2024-12-06,9685166.82,38250.0,0.3965,10323419.313438,1.0659,40770.675
588000,华夏上证科创板50成份ETF,2024-12-05,9646916.82,5850.0,0.0607,10162062.178188,1.0534,6162.389999999999
588000,华夏上证科创板50成份ETF,2024-12-04,9641066.82,-45000.0,-0.4646,10128904.801092,1.0506,-47277.0
588000,华夏上证科创板50成份ETF,2024-12-03,9686066.82,38250.0,0.3965,10238172.62874,1.057,40430.25
588000,华夏上证科创板50成份ETF,2024-12-02,9647816.82,-19800.0,-0.2048,10303868.36376,1.068,-21146.4
588000,华夏上证科创板50成份ETF,2024-11-29,9667616.82,-99450.0,-1.0182,10242840.02079,1.0594999999999999,-105367.275
588000,华夏上证科创板50成份ETF,2024-11-28,9767066.82,-112050.0,-1.1342,10110867.572064,1.0352,-115994.15999999999
588000,华夏上证科创板50成份ETF,2024-11-27,9879116.82,-57600.0,-0.5797,10248595.789067999,1.0373999999999999,-59754.23999999999
588000,华夏上证科创板50成份ETF,2024-11-26,9936716.82,-3150.0,-0.0317,9956590.25364,1.002,-3156.3
588000,华夏上证科创板50成份ETF,2024-11-25,9939866.82,149850.0,1.5306,10029325.62138,1.009,151198.65
588000,华夏上证科创板50成份ETF,2024-11-22,9790016.82,-9000.0,-0.0918,9994628.171538,1.0209000000000001,-9188.1
588000,华夏上证科创板50成份ETF,2024-11-21,9799016.82,-232650.0,-2.3192,10433013.208254,1.0647,-247702.455
588000,华夏上证科创板50成份ETF,2024-11-20,10031666.82,-46800.0,-0.4644,10582405.328418,1.0549,-49369.32
588000,华夏上证科创板50成份ETF,2024-11-19,10078466.82,63900.0,0.6381,10583398.007682001,1.0501,67101.39
588000,华夏上证科创板50成份ETF,2024-11-18,10014566.82,68400.0,0.6877,10209850.87299,1.0194999999999999,69733.79999999999
588000,华夏上证科创板50成份ETF,2024-11-15,9946166.82,140400.0,1.4318,10333072.709298,1.0389,145861.56
588000,华夏上证科创板50成份ETF,2024-11-14,9805766.82,-14400.0,-0.1466,10591208.742282001,1.0801,-15553.44
588000,华夏上证科创板50成份ETF,2024-11-13,9820166.82,-233100.0,-2.3186,10954396.08771,1.1155,-260023.05
588000,华夏上证科创板50成份ETF,2024-11-12,10053266.82,48600.0,0.4858,11102827.876008,1.1044,53673.840000000004
588000,华夏上证科创板50成份ETF,2024-11-11,10004666.82,-423450.0,-4.0607,11301271.639872,1.1296,-478329.12
588000,华夏上证科创板50成份ETF,2024-11-08,10428116.82,-88650.0,-0.8429,11275922.717466,1.0813,-95857.245
588000,华夏上证科创板50成份ETF,2024-11-07,10516766.82,-105300.0,-0.9913,11407536.969654,1.0847,-114218.91
588000,华夏上证科创板50成份ETF,2024-11-06,10622066.82,-178650.0,-1.6541,11178663.121367998,1.0523999999999998,-188011.25999999995
588000,华夏上证科创板50成份ETF,2024-11-05,10800716.82,-212400.0,-1.9286,11335352.30259,1.0494999999999999,-222913.8
588000,华夏上证科创板50成份ETF,2024-11-04,11013116.82,-26550.0,-0.2405,11063777.157372,1.0046,-26672.129999999997
588000,华夏上证科创板50成份ETF,2024-11-01,11039666.82,233550.0,2.1613,10921542.385025999,0.9892999999999998,231051.01499999996
588000,华夏上证科创板50成份ETF,2024-10-31,10806116.82,-72450.0,-0.666,11020077.933036,1.0198,-73884.51000000001
588000,华夏上证科创板50成份ETF,2024-10-30,10878566.82,99450.0,0.9226,10967771.067924,1.0082,100265.49
588000,华夏上证科创板50成份ETF,2024-10-29,10779116.82,-4950.0,-0.0459,11065841.327412,1.0266,-5081.67
588000,华夏上证科创板50成份ETF,2024-10-28,10784066.82,-18450.0,-0.1708,11196018.172524001,1.0382,-19154.79
588000,华夏上证科创板50成份ETF,2024-10-25,10802516.82,-151650.0,-1.3844,11265944.791578,1.0429,-158155.785
588000,华夏上证科创板50成份ETF,2024-10-24,10954166.82,-79200.0,-0.7178,11272933.074462,1.0291,-81504.71999999999
588000,华夏上证科创板50成份ETF,2024-10-23,11033366.82,-95400.0,-0.8572,11377607.864784,1.0312000000000001,-98376.48000000001
588000,华夏上证科创板50成份ETF,2024-10-22,11128766.82,-148500.0,-1.3168,11546095.57575,1.0375,-154068.75
588000,华夏上证科创板50成份ETF,2024-10-21,11277266.82,-243000.0,-2.1093,11869323.32805,1.0525,-255757.5
588000,华夏上证科创板50成份ETF,2024-10-18,11520266.82,205200.0,1.8135,11860114.691189999,1.0294999999999999,211253.39999999997
588000,华夏上证科创板50成份ETF,2024-10-17,11315066.82,-133650.0,-1.1674,10481146.395366,0.9263,-123799.995
588000,华夏上证科创板50成份ETF,2024-10-16,11448716.82,-14400.0,-0.1256,10559151.523086,0.9223,-13281.12
588000,华夏上证科创板50成份ETF,2024-10-15,11463116.82,-97650.0,-0.8447,10840669.576674001,0.9457000000000001,-92347.60500000001
588000,华夏上证科创板50成份ETF,2024-10-14,11560766.82,34650.0,0.3006,11256718.652634,0.9737,33738.705
588000,华夏上证科创板50成份ETF,2024-10-11,11526116.82,396900.0,3.5663,10894485.618264,0.9452,375149.88
588000,华夏上证科创板50成份ETF,2024-10-10,11129216.82,338850.0,3.1403,11153701.097004,1.0022,339595.47
588000,华夏上证科创板50成份ETF,2024-10-09,10790366.82,492300.0,4.7805,11294276.950494,1.0467,515290.41
588000,华夏上证科创板50成份ETF,2024-10-08,10298066.82,199800.0,1.9786,11041587.244404,1.0721999999999998,214225.55999999997
588000,华夏上证科创板50成份ETF,2024-09-30,10098266.82,185850.0,1.8749,9235874.833572,0.9146,169978.41
588000,华夏上证科创板50成份ETF,2024-09-27,9912416.82,-23850.0,-0.24,7696000.419047999,0.7763999999999999,-18517.139999999996
588000,华夏上证科创板50成份ETF,2024-09-26,9936266.82,72450.0,0.7345,7223665.978139999,0.7269999999999999,52671.14999999999
588000,华夏上证科创板50成份ETF,2024-09-25,9863816.82,22050.0,0.224,6902699.010636,0.6998,15430.59
588000,华夏上证科创板50成份ETF,2024-09-24,9841766.82,58500.0,0.598,6878410.830498,0.6989,40885.65
588000,华夏上证科创板50成份ETF,2024-09-23,9783266.82,21600.0,0.2213,6589030.2032699995,0.6734999999999999,14547.599999999997
588000,华夏上证科创板50成份ETF,2024-09-20,9761666.82,21600.0,0.2218,6627195.604098001,0.6789000000000001,14664.240000000002
588000,华夏上证科创板50成份ETF,2024-09-19,9740066.82,69300.0,0.7166,6642725.57124,0.682,47262.600000000006
588000,华夏上证科创板50成份ETF,2024-09-18,9670766.82,38250.0,0.3971,6551944.52055,0.6774999999999999,25914.374999999996
588000,华夏上证科创板50成份ETF,2024-09-13,9632516.82,10350.0,0.1076,6605016.783474,0.6857,7096.995
588000,华夏上证科创板50成份ETF,2024-09-12,9622166.82,-450.0,-0.0047,6642181.755846,0.6903,-310.635
588000,华夏上证科创板50成份ETF,2024-09-11,9622616.82,-53550.0,-0.5534,6697341.30672,0.696,-37270.799999999996
588000,华夏上证科创板50成份ETF,2024-09-10,9676166.82,9000.0,0.0931,6698810.289486,0.6923,6230.7
588000,华夏上证科创板50成份ETF,2024-09-09,9667166.82,40950.0,0.4254,6642310.322022,0.6871,28136.745000000003
588000,华夏上证科创板50成份ETF,2024-09-06,9626216.82,29700.0,0.3095,6688295.446536,0.6948,20635.559999999998
588000,华夏上证科创板50成份ETF,2024-09-05,9596516.82,17100.0,0.1785,6755947.84128,0.704,12038.4
588000,华夏上证科创板50成份ETF,2024-09-04,9579416.82,9000.0,0.094,6754446.799782,0.7051,6345.9
588000,华夏上证科创板50成份ETF,2024-09-03,9570416.82,-21600.0,-0.2252,6772983.983514,0.7077,-15286.32
588000,华夏上证科创板50成份ETF,2024-09-02,9592016.82,67950.0,0.7135,6745106.227824,0.7031999999999999,47782.439999999995
588000,华夏上证科创板50成份ETF,2024-08-30,9524066.82,-39600.0,-0.4141,6936377.865006,0.7283,-28840.679999999997
588000,华夏上证科创板50成份ETF,2024-08-29,9563666.82,11250.0,0.1178,6818894.44266,0.713,8021.25
588000,华夏上证科创板50成份ETF,2024-08-28,9552416.82,8550.0,0.0896,6729677.64969,0.7045,6023.475
588000,华夏上证科创板50成份ETF,2024-08-27,9543866.82,3150.0,0.033,6752285.77515,0.7075,2228.625
588000,华夏上证科创板50成份ETF,2024-08-26,9540716.82,10350.0,0.1086,6832107.314801999,0.7161,7411.634999999999
588000,华夏上证科创板50成份ETF,2024-08-23,9530366.82,5400.0,0.0567,6858051.963672,0.7196,3885.84
588000,华夏上证科创板50成份ETF,2024-08-22,9524966.82,-5400.0,-0.0567,6851308.633626,0.7192999999999999,-3884.22
588000,华夏上证科创板50成份ETF,2024-08-21,9530366.82,-9900.0,-0.1038,6918093.274638001,0.7259000000000001,-7186.410000000001
588000,华夏上证科创板50成份ETF,2024-08-20,9540266.82,42300.0,0.4454,6944360.218278,0.7279,30790.17
588000,华夏上证科创板50成份ETF,2024-08-19,9497966.82,21150.0,0.2232,7011399.106524001,0.7382000000000001,15612.930000000002
588000,华夏上证科创板50成份ETF,2024-08-16,9476816.82,28800.0,0.3048,7014739.810164,0.7402,21317.76
588000,华夏上证科创板50成份ETF,2024-08-15,9448016.82,19350.0,0.2052,7016097.290532,0.7426,14369.310000000001
588000,华夏上证科创板50成份ETF,2024-08-14,9428666.82,28800.0,0.3064,6935727.312791999,0.7355999999999999,21185.28
588000,华夏上证科创板50成份ETF,2024-08-13,9399866.82,14850.0,0.1582,7008540.700991999,0.7455999999999999,11072.16
588000,华夏上证科创板50成份ETF,2024-08-12,9385016.82,900.0,0.0096,6965559.483804,0.7422,667.98
588000,华夏上证科创板50成份ETF,2024-08-09,9384116.82,1350.0,0.0144,6948938.505210001,0.7405,999.6750000000001
588000,华夏上证科创板50成份ETF,2024-08-08,9382766.82,19800.0,0.2115,6978901.960716001,0.7438,14727.24
588000,华夏上证科创板50成份ETF,2024-08-07,9362966.82,11700.0,0.1251,6946385.083758,0.7419,8680.23
588000,华夏上证科创板50成份ETF,2024-08-06,9351266.82,-4500.0,-0.0481,6997552.961406,0.7483,-3367.35
588000,华夏上证科创板50成份ETF,2024-08-05,9355766.82,63450.0,0.6828,6907362.643205999,0.7383,46845.134999999995
588000,华夏上证科创板50成份ETF,2024-08-02,9292316.82,44100.0,0.4768,7064948.478246001,0.7603000000000001,33529.23
588000,华夏上证科创板50成份ETF,2024-08-01,9248216.82,4950.0,0.0536,7158119.8186800005,0.774,3831.3
588000,华夏上证科创板50成份ETF,2024-07-31,9243266.82,-27450.0,-0.2961,7196807.5460520005,0.7786000000000001,-21372.570000000003
588000,华夏上证科创板50成份ETF,2024-07-30,9270716.82,-36900.0,-0.3964,6896486.242397999,0.7438999999999999,-27449.909999999996
588000,华夏上证科创板50成份ETF,2024-07-29,9307616.82,-3600.0,-0.0387,6896944.06362,0.741,-2667.6
588000,华夏上证科创板50成份ETF,2024-07-26,9311216.82,4950.0,0.0532,7022519.725644,0.7542,3733.29
588000,华夏上证科创板50成份ETF,2024-07-25,9306266.82,9450.0,0.1016,6957365.074632001,0.7476,7064.820000000001
588000,华夏上证科创板50成份ETF,2024-07-24,9296816.82,48600.0,0.5255,6942862.801175999,0.7467999999999999,36294.479999999996
588000,华夏上证科创板50成份ETF,2024-07-23,9248216.82,47250.0,0.5135,6983328.520782,0.7551,35678.475
588000,华夏上证科创板50成份ETF,2024-07-22,9200966.82,-77400.0,-0.8342,7240240.790658,0.7868999999999999,-60906.06
588000,华夏上证科创板50成份ETF,2024-07-19,9278366.82,-138600.0,-1.4718,7279806.606972001,0.7846000000000001,-108745.56000000001
588000,华夏上证科创板50成份ETF,2024-07-18,9416966.82,-38700.0,-0.4093,7241647.48458,0.769,-29760.3
588000,华夏上证科创板50成份ETF,2024-07-17,9455666.82,-69750.0,-0.7323,7207109.250204,0.7622,-53163.45
588000,华夏上证科创板50成份ETF,2024-07-16,9525416.82,-160650.0,-1.6586,7289801.492346001,0.7653000000000001,-122945.44500000002
588000,华夏上证科创板50成份ETF,2024-07-15,9686066.82,-9000.0,-0.0928,7248083.801406,0.7483,-6734.7
588000,华夏上证科创板50成份ETF,2024-07-12,9695066.82,900.0,0.0093,7280025.675138,0.7509,675.8100000000001
588000,华夏上证科创板50成份ETF,2024-07-11,9694166.82,0.0,0.0,7279349.865138001,0.7509,0.0
588000,华夏上证科创板50成份ETF,2024-07-10,9694166.82,-23850.0,-0.2454,7200827.113896001,0.7428000000000001,-17715.780000000002
588000,华夏上证科创板50成份ETF,2024-07-09,9718016.82,21150.0,0.2181,7216599.290532,0.7426,15705.990000000002
588000,华夏上证科创板50成份ETF,2024-07-08,9696866.82,-2250.0,-0.0232,7024410.324408,0.7244,-1629.9
588000,华夏上证科创板50成份ETF,2024-07-05,9699116.82,-12150.0,-0.1251,7093934.042148,0.7313999999999999,-8886.509999999998
588000,华夏上证科创板50成份ETF,2024-07-04,9711266.82,9450.0,0.0974,7017361.404132001,0.7226000000000001,6828.5700000000015
588000,华夏上证科创板50成份ETF,2024-07-03,9701816.82,5400.0,0.0557,7128894.999336,0.7347999999999999,3967.9199999999996
588000,华夏上证科创板50成份ETF,2024-07-02,9696416.82,67050.0,0.6963,7098746.7539220005,0.7321000000000001,49087.30500000001
588000,华夏上证科创板50成份ETF,2024-07-01,9629366.82,26550.0,0.2765,7152693.673896001,0.7428,19721.34
588000,华夏上证科创板50成份ETF,2024-06-28,9602816.82,34650.0,0.3621,7161780.784356,0.7458,25841.97
588000,华夏上证科创板50成份ETF,2024-06-27,9568166.82,450.0,0.0047,7169427.398225999,0.7493,337.185
588000,华夏上证科创板50成份ETF,2024-06-26,9567716.82,-33300.0,-0.3468,7314519.508889999,0.7644999999999998,-25457.849999999995
588000,华夏上证科创板50成份ETF,2024-06-25,9601016.82,53100.0,0.5561,7219964.648639999,0.7519999999999999,39931.2
588000,华夏上证科创板50成份ETF,2024-06-24,9547916.82,29700.0,0.312,7391042.410362,0.7740999999999999,22990.769999999997
588000,华夏上证科创板50成份ETF,2024-06-21,9518216.82,9000.0,0.0946,7566030.550217999,0.7948999999999999,7154.099999999999
588000,华夏上证科创板50成份ETF,2024-06-20,9509216.82,14850.0,0.1564,7527496.034712,0.7916,11755.26
588000,华夏上证科创板50成份ETF,2024-06-19,9494366.82,30600.0,0.3233,7475864.434067999,0.7873999999999999,24094.439999999995
588000,华夏上证科创板50成份ETF,2024-06-18,9463766.82,9450.0,0.1,7509498.97167,0.7935,7498.575
588000,华夏上证科创板50成份ETF,2024-06-17,9454316.82,18900.0,0.2003,7503891.260034,0.7937,15000.929999999998
588000,华夏上证科创板50成份ETF,2024-06-14,9435416.82,90900.0,0.9728,7461527.621255999,0.7908,71883.72
588000,华夏上证科创板50成份ETF,2024-06-13,9344516.82,4500.0,0.0482,7443842.098812,0.7966,3584.7
588000,华夏上证科创板50成份ETF,2024-06-12,9340016.82,79650.0,0.8601,7402897.331532001,0.7926000000000001,63130.590000000004
588000,华夏上证科创板50成份ETF,2024-06-11,9260366.82,47250.0,0.5129,7349953.145033999,0.7936999999999999,37502.32499999999
588000,华夏上证科创板50成份ETF,2024-06-07,9213116.82,-7200.0,-0.0781,7137401.600453999,0.7746999999999998,-5577.839999999999
588000,华夏上证科创板50成份ETF,2024-06-06,9220316.82,5850.0,0.0635,7180782.739416,0.7788,4555.9800000000005
588000,华夏上证科创板50成份ETF,2024-06-05,9214466.82,-14850.0,-0.1609,7255471.174067999,0.7873999999999999,-11692.889999999998
588000,华夏上证科创板50成份ETF,2024-06-04,9229316.82,14400.0,0.1563,7279162.175934,0.7887,11357.279999999999
588000,华夏上证科创板50成份ETF,2024-06-03,9214916.82,24300.0,0.2644,7235552.6870639995,0.7851999999999999,19080.359999999997
588000,华夏上证科创板50成份ETF,2024-05-31,9190616.82,-1350.0,-0.0147,7149380.824278,0.7778999999999999,-1050.165
588000,华夏上证科创板50成份ETF,2024-05-30,9191966.82,-64800.0,-0.7,7144915.809186,0.7773,-50369.04
588000,华夏上证科创板50成份ETF,2024-05-29,9256766.82,-28350.0,-0.3053,7109196.917760001,0.768,-21772.8
588000,华夏上证科创板50成份ETF,2024-05-28,9285116.82,-47700.0,-0.5111,7136540.787852,0.7686000000000001,-36662.22
588000,华夏上证科创板50成份ETF,2024-05-27,9332816.82,25650.0,0.2756,7210534.275132,0.7726000000000001,19817.190000000002
588000,华夏上证科创板50成份ETF,2024-05-24,9307166.82,41850.0,0.4517,7079961.799974001,0.7607,31835.295000000002
588000,华夏上证科创板50成份ETF,2024-05-23,9265316.82,16650.0,0.18,7194518.51073,0.7765,12928.725
588000,华夏上证科创板50成份ETF,2024-05-22,9248666.82,-13050.0,-0.1409,7305521.921118,0.7898999999999999,-10308.195
588000,华夏上证科创板50成份ETF,2024-05-21,9261716.82,-1800.0,-0.0194,7253776.613424,0.7832,-1409.76
588000,华夏上证科创板50成份ETF,2024-05-20,9263516.82,19800.0,0.2142,7307988.419298,0.7888999999999999,15620.22
588000,华夏上证科创板50成份ETF,2024-05-17,9243716.82,-17100.0,-0.1846,7299763.172753999,0.7896999999999998,-13503.869999999997
588000,华夏上证科创板50成份ETF,2024-05-16,9260816.82,-12150.0,-0.131,7235476.181466,0.7813,-9492.795
588000,华夏上证科创板50成份ETF,2024-05-15,9272966.82,25200.0,0.2725,7273715.173608,0.7844,19766.88
588000,华夏上证科创板50成份ETF,2024-05-14,9247766.82,13950.0,0.1511,7359372.835356,0.7958,11101.41
588000,华夏上证科创板50成份ETF,2024-05-13,9233816.82,3600.0,0.039,7379666.402544,0.7992,2877.12
588000,华夏上证科创板50成份ETF,2024-05-10,9230216.82,52650.0,0.5737,7411864.10646,0.803,42277.950000000004
588000,华夏上证科创板50成份ETF,2024-05-09,9177566.82,-94050.0,-1.0144,7483387.985028,0.8153999999999999,-76688.37
588000,华夏上证科创板50成份ETF,2024-05-08,9271616.82,-13050.0,-0.1406,7392260.090586,0.7973,-10404.765
588000,华夏上证科创板50成份ETF,2024-05-07,9284666.82,30600.0,0.3307,7481584.523556,0.8058,24657.48
588000,华夏上证科创板50成份ETF,2024-05-06,9254066.82,46350.0,0.5034,7530959.578116001,0.8138000000000001,37719.630000000005
588000,华夏上证科创板50成份ETF,2024-04-30,9207716.82,-900.0,-0.0098,7393796.60646,0.803,-722.7
588000,华夏上证科创板50成份ETF,2024-04-29,9208616.82,900.0,0.0098,7478317.719522,0.8121,730.89
588000,华夏上证科创板50成份ETF,2024-04-26,9207716.82,66150.0,0.7236,7250156.224067999,0.7873999999999999,52086.509999999995
588000,华夏上证科创板50成份ETF,2024-04-25,9141566.82,41850.0,0.4599,7018895.004396001,0.7678,32132.43
588000,华夏上证科创板50成份ETF,2024-04-24,9099716.82,-14850.0,-0.1629,7038630.96027,0.7735,-11486.475
588000,华夏上证科创板50成份ETF,2024-04-23,9114566.82,-11700.0,-0.1282,6947122.830204,0.7622,-8917.74
588000,华夏上证科创板50成份ETF,2024-04-22,9126266.82,-28800.0,-0.3146,6993458.264166,0.7663,-22069.44
588000,华夏上证科创板50成份ETF,2024-04-19,9155066.82,55800.0,0.6132,7004541.623982001,0.7651000000000001,42692.58000000001
588000,华夏上证科创板50成份ETF,2024-04-18,9099266.82,-40050.0,-0.4382,7104707.533055999,0.7807999999999999,-31271.039999999997
588000,华夏上证科创板50成份ETF,2024-04-17,9139316.82,-33750.0,-0.3679,7180761.225474001,0.7857000000000001,-26517.375000000004
588000,华夏上证科创板50成份ETF,2024-04-16,9173066.82,18900.0,0.2065,7035742.25094,0.7669999999999999,14496.299999999997
588000,华夏上证科创板50成份ETF,2024-04-15,9154166.82,-32400.0,-0.3527,7191513.453792,0.7856,-25453.44
588000,华夏上证科创板50成份ETF,2024-04-12,9186566.82,-31500.0,-0.3417,7103053.465224001,0.7732,-24355.8
588000,华夏上证科创板50成份ETF,2024-04-11,9218066.82,3600.0,0.0391,7134783.71868,0.774,2786.4
588000,华夏上证科创板50成份ETF,2024-04-10,9214466.82,33750.0,0.3676,7110804.044994,0.7717,26044.875
588000,华夏上证科创板50成份ETF,2024-04-09,9180716.82,16650.0,0.1817,7217879.563883999,0.7861999999999999,13090.229999999998
588000,华夏上证科创板50成份ETF,2024-04-08,9164066.82,24750.0,0.2708,7116814.292412,0.7766,19220.85
588000,华夏上证科创板50成份ETF,2024-04-03,9139316.82,15300.0,0.1677,7254789.691716,0.7938000000000001,12145.140000000001
588000,华夏上证科创板50成份ETF,2024-04-02,9124016.82,23850.0,0.2621,7357607.163648,0.8064,19232.64
588000,华夏上证科创板50成份ETF,2024-04-01,9100166.82,-17550.0,-0.1925,7402075.691388001,0.8134,-14275.17
588000,华夏上证科创板50成份ETF,2024-03-29,9117716.82,5400.0,0.0593,7293261.6843179995,0.7998999999999999,4319.46
588000,华夏上证科创板50成份ETF,2024-03-28,9112316.82,-38250.0,-0.418,7291675.919364,0.8001999999999999,-30607.649999999998
588000,华夏上证科创板50成份ETF,2024-03-27,9150566.82,33300.0,0.3652,7221627.334344001,0.7892,26280.36
588000,华夏上证科创板50成份ETF,2024-03-26,9117266.82,38700.0,0.4263,7380427.490789999,0.8094999999999999,31327.649999999994
588000,华夏上证科创板50成份ETF,2024-03-25,9078566.82,-11250.0,-0.1238,7438069.795626,0.8192999999999999,-9217.124999999998
588000,华夏上证科创板50成份ETF,2024-03-22,9089816.82,-20700.0,-0.2272,7569999.447696,0.8328,-17238.96
588000,华夏上证科创板50成份ETF,2024-03-21,9110516.82,-36000.0,-0.3936,7706586.178038,0.8459,-30452.399999999998
588000,华夏上证科创板50成份ETF,2024-03-20,9146516.82,-4500.0,-0.0492,7816613.274372,0.8546,-3845.7000000000003
588000,华夏上证科创板50成份ETF,2024-03-19,9151016.82,-57150.0,-0.6206,7793921.025594001,0.8517,-48674.655
588000,华夏上证科创板50成份ETF,2024-03-18,9208166.82,-99900.0,-1.0733,7967826.749346001,0.8653000000000001,-86443.47
588000,华夏上证科创板50成份ETF,2024-03-15,9308066.82,18450.0,0.1986,7885794.209903999,0.8471999999999998,15630.839999999997
588000,华夏上证科创板50成份ETF,2024-03-14,9289616.82,-15750.0,-0.1693,7832075.940942,0.8431,-13278.824999999999
588000,华夏上证科创板50成份ETF,2024-03-13,9305366.82,-22950.0,-0.246,7944922.190916,0.8538,-19594.71
588000,华夏上证科创板50成份ETF,2024-03-12,9328316.82,13500.0,0.1449,7988770.524648,0.8563999999999999,11561.4
588000,华夏上证科创板50成份ETF,2024-03-11,9314816.82,-60750.0,-0.648,7989318.386514,0.8576999999999999,-52105.274999999994
588000,华夏上证科创板50成份ETF,2024-03-08,9375566.82,-29250.0,-0.311,7890477.035711999,0.8415999999999999,-24616.799999999996
588000,华夏上证科创板50成份ETF,2024-03-07,9404816.82,-12150.0,-0.129,7829510.00265,0.8325,-10114.875
588000,华夏上证科创板50成份ETF,2024-03-06,9416966.82,-25650.0,-0.2716,8012897.067138,0.8509,-21825.585
588000,华夏上证科创板50成份ETF,2024-03-05,9442616.82,-121500.0,-1.2704,8087601.30633,0.8564999999999999,-104064.74999999999
588000,华夏上证科创板50成份ETF,2024-03-04,9564116.82,-98550.0,-1.0199,8201230.17315,0.8575,-84506.625
588000,华夏上证科创板50成份ETF,2024-03-01,9662666.82,-59400.0,-0.611,8260613.864417999,0.8548999999999999,-50781.05999999999
588000,华夏上证科创板50成份ETF,2024-02-29,9722066.82,-158400.0,-1.6032,8231673.976494,0.8467,-134117.28
588000,华夏上证科创板50成份ETF,2024-02-28,9880466.82,-52200.0,-0.5255,7992309.610698,0.8089,-42224.579999999994
588000,华夏上证科创板50成份ETF,2024-02-27,9932666.82,-109800.0,-1.0934,8302716.194838,0.8359,-91781.81999999999
588000,华夏上证科创板50成份ETF,2024-02-26,10042466.82,-58950.0,-0.5836,8095232.503602001,0.8061,-47519.595
588000,华夏上证科创板50成份ETF,2024-02-23,10101416.82,-27000.0,-0.2666,8100326.147958,0.8019,-21651.3
588000,华夏上证科创板50成份ETF,2024-02-22,10128416.82,-57600.0,-0.5655,8099694.930953999,0.7996999999999999,-46062.719999999994
588000,华夏上证科创板50成份ETF,2024-02-21,10186016.82,-56700.0,-0.5536,8066306.719758,0.7919,-44900.73
588000,华夏上证科创板50成份ETF,2024-02-20,10242716.82,-54900.0,-0.5331,8100964.732938001,0.7909,-43420.41
588000,华夏上证科创板50成份ETF,2024-02-19,10297616.82,-139500.0,-1.3366,8233974.409272,0.7996,-111544.2
588000,华夏上证科创板50成份ETF,2024-02-08,10437116.82,-139050.0,-1.3147,8222360.630796,0.7878000000000001,-109543.59000000001
588000,华夏上证科创板50成份ETF,2024-02-07,10576166.82,-165600.0,-1.5416,8231430.6360059995,0.7782999999999999,-128886.47999999998
588000,华夏上证科创板50成份ETF,2024-02-06,10741766.82,-107550.0,-0.9913,8120775.715919999,0.7559999999999999,-81307.79999999999
588000,华夏上证科创板50成份ETF,2024-02-05,10849316.82,21150.0,0.1953,7694335.488744,0.7091999999999999,14999.579999999998
588000,华夏上证科创板50成份ETF,2024-02-02,10828166.82,17100.0,0.1582,7658762.391786,0.7072999999999999,12094.829999999998
588000,华夏上证科创板50成份ETF,2024-02-01,10811066.82,-6750.0,-0.0624,7839104.551182001,0.7251000000000001,-4894.425
588000,华夏上证科创板50成份ETF,2024-01-31,10817816.82,61650.0,0.5732,7793155.237128,0.7203999999999999,44412.659999999996
588000,华夏上证科创板50成份ETF,2024-01-30,10756166.82,15300.0,0.1424,7895026.4458800005,0.734,11230.199999999999
588000,华夏上证科创板50成份ETF,2024-01-29,10740866.82,65250.0,0.6112,8195281.383660001,0.763,49785.75
588000,华夏上证科创板50成份ETF,2024-01-26,10675616.82,53550.0,0.5041,8377156.518653999,0.7846999999999998,42020.68499999999
588000,华夏上证科创板50成份ETF,2024-01-25,10622066.82,-30600.0,-0.2873,8547577.170054,0.8047,-24623.82
588000,华夏上证科创板50成份ETF,2024-01-24,10652666.82,48600.0,0.4583,8388975.12075,0.7875000000000001,38272.50000000001
588000,华夏上证科创板50成份ETF,2024-01-23,10604066.82,-84150.0,-0.7873,8334796.52052,0.7859999999999999,-66141.9
588000,华夏上证科创板50成份ETF,2024-01-22,10688216.82,-15300.0,-0.1429,8311157.399232001,0.7776000000000001,-11897.28
588000,华夏上证科创板50成份ETF,2024-01-19,10703516.82,-39600.0,-0.3686,8593853.654778,0.8029,-31794.839999999997
588000,华夏上证科创板50成份ETF,2024-01-18,10743116.82,-39600.0,-0.3673,8665398.027012,0.8066,-31941.36
588000,华夏上证科创板50成份ETF,2024-01-17,10782716.82,25200.0,0.2343,8572259.8719,0.7949999999999999,20034.0
588000,华夏上证科创板50成份ETF,2024-01-16,10757516.82,8550.0,0.0795,8785663.986894,0.8167,6982.785
588000,华夏上证科创板50成份ETF,2024-01-15,10748966.82,5850.0,0.0545,8734610.437932001,0.8126000000000001,4753.710000000001
588000,华夏上证科创板50成份ETF,2024-01-12,10743116.82,9900.0,0.0922,8784646.623714,0.8177,8095.23
588000,华夏上证科创板50成份ETF,2024-01-11,10733216.82,-15750.0,-0.1465,8909643.282282,0.8301000000000001,-13074.075
588000,华夏上证科创板50成份ETF,2024-01-10,10748966.82,450.0,0.0042,8781905.89194,0.817,367.65
588000,华夏上证科创板50成份ETF,2024-01-09,10748516.82,9000.0,0.0838,8844954.491178,0.8229,7406.099999999999
588000,华夏上证科创板50成份ETF,2024-01-08,10739516.82,66600.0,0.624,8864397.183228,0.8253999999999999,54971.63999999999
588000,华夏上证科创板50成份ETF,2024-01-05,10672916.82,84150.0,0.7947,9066642.83859,0.8494999999999999,71485.42499999999
588000,华夏上证科创板50成份ETF,2024-01-04,10588766.82,78300.0,0.745,9175166.44953,0.8664999999999999,67846.95
588000,华夏上证科创板50成份ETF,2024-01-03,10510466.82,85050.0,0.8158,9176688.580542,0.8731,74257.155
588000,华夏上证科创板50成份ETF,2024-01-02,10425416.82,17100.0,0.1643,9216068.46888,0.8839999999999999,15116.399999999998
588000,华夏上证科创板50成份ETF,2023-12-29,10408316.82,-61650.0,-0.5888,9338341.850903999,0.8971999999999999,-55312.37999999999
588000,华夏上证科创板50成份ETF,2023-12-28,10469966.82,-112950.0,-1.0673,9368526.310536,0.8948,-101067.66
588000,华夏上证科创板50成份ETF,2023-12-27,10582916.82,-28800.0,-0.2714,9238886.383860001,0.8730000000000001,-25142.4
588000,华夏上证科创板50成份ETF,2023-12-26,10611716.82,49950.0,0.4729,9214153.714806,0.8683,43371.585
588000,华夏上证科创板50成份ETF,2023-12-25,10561766.82,55350.0,0.5268,9311253.628511999,0.8815999999999998,48796.55999999999
588000,华夏上证科创板50成份ETF,2023-12-22,10506416.82,3150.0,0.03,9332850.061206,0.8883,2798.145
588000,华夏上证科创板50成份ETF,2023-12-21,10503266.82,27000.0,0.2577,9376266.290214,0.8927,24102.9
588000,华夏上证科创板50成份ETF,2023-12-20,10476266.82,75600.0,0.7269,9228543.441738,0.8809,66596.04000000001
588000,华夏上证科创板50成份ETF,2023-12-19,10400666.82,37800.0,0.3648,9273234.536712,0.8916,33702.479999999996
588000,华夏上证科创板50成份ETF,2023-12-18,10362866.82,58050.0,0.5633,9182536.289202001,0.8861000000000001,51438.105
588000,华夏上证科创板50成份ETF,2023-12-15,10304816.82,76050.0,0.7435,9213536.718762,0.8940999999999999,67996.305
588000,华夏上证科创板50成份ETF,2023-12-14,10228766.82,36450.0,0.3576,9226347.67164,0.9019999999999999,32877.899999999994
588000,华夏上证科创板50成份ETF,2023-12-13,10192316.82,41850.0,0.4123,9242392.892376,0.9067999999999999,37949.579999999994
588000,华夏上证科创板50成份ETF,2023-12-12,10150466.82,52200.0,0.5169,9299857.700484,0.9162,47825.64
588000,华夏上证科创板50成份ETF,2023-12-11,10098266.82,900.0,0.0089,9327769.061634,0.9237,831.3299999999999
588000,华夏上证科创板50成份ETF,2023-12-08,10097366.82,-121500.0,-1.189,9219905.643342,0.9130999999999999,-110941.65
588000,华夏上证科创板50成份ETF,2023-12-07,10218866.82,37350.0,0.3668,9112163.543394,0.8916999999999999,33304.994999999995
588000,华夏上证科创板50成份ETF,2023-12-06,10181516.82,-21600.0,-0.2117,9096167.126988001,0.8934000000000001,-19297.440000000002
588000,华夏上证科创板50成份ETF,2023-12-05,10203116.82,62100.0,0.6124,9073631.788026,0.8892999999999999,55225.52999999999
588000,华夏上证科创板50成份ETF,2023-12-04,10141016.82,17550.0,0.1734,9180662.527146,0.9053,15888.015
588000,华夏上证科创板50成份ETF,2023-12-01,10123466.82,33300.0,0.33,9215391.846246,0.9103,30312.99
588000,华夏上证科创板50成份ETF,2023-11-30,10090166.82,14400.0,0.1429,9160862.455878,0.9079,13073.76
588000,华夏上证科创板50成份ETF,2023-11-29,10075766.82,-21600.0,-0.2139,9116553.818736,0.9047999999999999,-19543.68
588000,华夏上证科创板50成份ETF,2023-11-28,10097366.82,11700.0,0.116,9224954.326752,0.9136,10689.119999999999
588000,华夏上证科创板50成份ETF,2023-11-27,10085666.82,19350.0,0.1922,9173922.539472,0.9096000000000001,17600.760000000002
588000,华夏上证科创板50成份ETF,2023-11-24,10066316.82,35550.0,0.3544,9117063.143874,0.9057000000000001,32197.635000000002
588000,华夏上证科创板50成份ETF,2023-11-23,10030766.82,11700.0,0.1168,9215265.477534,0.9187,10748.789999999999
588000,华夏上证科创板50成份ETF,2023-11-22,10019066.82,28800.0,0.2883,9129373.686384,0.9112,26242.56
588000,华夏上证科创板50成份ETF,2023-11-21,9990266.82,4950.0,0.0496,9254983.182048,0.9264,4585.68
588000,华夏上证科创板50成份ETF,2023-11-20,9985316.82,-25200.0,-0.2517,9331278.568289999,0.9344999999999999,-23549.399999999998
588000,华夏上证科创板50成份ETF,2023-11-17,10010516.82,3600.0,0.036,9327799.572875999,0.9317999999999999,3354.4799999999996
588000,华夏上证科创板50成份ETF,2023-11-16,10006916.82,-1800.0,-0.018,9284417.425596,0.9278000000000001,-1670.0400000000002
588000,华夏上证科创板50成份ETF,2023-11-15,10008716.82,-8100.0,-0.0809,9443224.31967,0.9434999999999999,-7642.349999999999
588000,华夏上证科创板50成份ETF,2023-11-14,10016816.82,-39150.0,-0.3893,9470900.303310001,0.9455000000000001,-37016.325000000004
588000,华夏上证科创板50成份ETF,2023-11-13,10055966.82,13050.0,0.1299,9430485.683796002,0.9378000000000001,12238.29
588000,华夏上证科创板50成份ETF,2023-11-10,10042916.82,-1350.0,-0.0134,9352968.434466,0.9313,-1257.255
588000,华夏上证科创板50成份ETF,2023-11-09,10044266.82,-15750.0,-0.1566,9407460.303612,0.9365999999999999,-14751.449999999999
588000,华夏上证科创板50成份ETF,2023-11-08,10060016.82,-162000.0,-1.5848,9487601.862941999,0.9430999999999998,-152782.19999999998
588000,华夏上证科创板50成份ETF,2023-11-07,10222016.82,-27900.0,-0.2722,9562696.73511,0.9355,-26100.45
588000,华夏上证科创板50成份ETF,2023-11-06,10249916.82,-58050.0,-0.5632,9582647.235018,0.9349,-54270.945
588000,华夏上证科创板50成份ETF,2023-11-03,10307966.82,-65700.0,-0.6333,9467867.52417,0.9185,-60345.45
588000,华夏上证科创板50成份ETF,2023-11-02,10373666.82,27000.0,0.261,9357047.47164,0.902,24354.0
588000,华夏上证科创板50成份ETF,2023-11-01,10346666.82,-7650.0,-0.0739,9439264.139886,0.9122999999999999,-6979.094999999999
588000,华夏上证科创板50成份ETF,2023-10-31,10354316.82,0.0,0.0,9491802.228894,0.9167000000000001,0.0
588000,华夏上证科创板50成份ETF,2023-10-30,10354316.82,-13950.0,-0.1345,9537361.222902,0.9210999999999999,-12849.345
588000,华夏上证科创板50成份ETF,2023-10-27,10368266.82,-19800.0,-0.1906,9381207.818736,0.9047999999999999,-17915.039999999997
588000,华夏上证科创板50成份ETF,2023-10-26,10388066.82,23850.0,0.2301,9257845.149984,0.8912,21255.12
588000,华夏上证科创板50成份ETF,2023-10-25,10364216.82,39600.0,0.3835,9222080.126436,0.8898,35236.08
588000,华夏上证科创板50成份ETF,2023-10-24,10324616.82,83250.0,0.8129,9206460.818394,0.8916999999999999,74234.025
588000,华夏上证科创板50成份ETF,2023-10-23,10241366.82,118800.0,1.1736,9039030.355332,0.8825999999999999,104852.87999999999
588000,华夏上证科创板50成份ETF,2023-10-20,10122566.82,53100.0,0.5273,9152824.918644,0.9042,48013.02
588000,华夏上证科创板50成份ETF,2023-10-19,10069466.82,-46350.0,-0.4582,9178319.00643,0.9115,-42248.025
588000,华夏上证科创板50成份ETF,2023-10-18,10115816.82,29700.0,0.2945,9214497.541338,0.9109,27053.73
588000,华夏上证科创板50成份ETF,2023-10-17,10086116.82,-20700.0,-0.2048,9313520.271588001,0.9234000000000001,-19114.38
588000,华夏上证科创板50成份ETF,2023-10-16,10106816.82,-10350.0,-0.1023,9258854.888802001,0.9161000000000001,-9481.635000000002
588000,华夏上证科创板50成份ETF,2023-10-13,10117166.82,-15300.0,-0.151,9457527.543336,0.9348,-14302.439999999999
588000,华夏上证科创板50成份ETF,2023-10-12,10132466.82,-15300.0,-0.1508,9552889.717896001,0.9428000000000001,-14424.840000000002
588000,华夏上证科创板50成份ETF,2023-10-11,10147766.82,-70200.0,-0.687,9513531.39375,0.9375,-65812.5
588000,华夏上证科创板50成份ETF,2023-10-10,10217966.82,39600.0,0.3891,9447532.121772,0.9246,36614.159999999996
588000,华夏上证科创板50成份ETF,2023-10-09,10178366.82,14400.0,0.1417,9466898.979282001,0.9301,13393.44
588000,华夏上证科创板50成份ETF,2023-09-28,10163966.82,-9900.0,-0.0973,9467735.09283,0.9315,-9221.85
588000,华夏上证科创板50成份ETF,2023-09-27,10173866.82,-21150.0,-0.2075,9405739.87509,0.9244999999999999,-19553.174999999996
588000,华夏上证科创板50成份ETF,2023-09-26,10195016.82,-76500.0,-0.7448,9373298.464308001,0.9194000000000001,-70334.1
588000,华夏上证科创板50成份ETF,2023-09-25,10271516.82,33750.0,0.3297,9432333.895806,0.9182999999999999,30992.624999999996
588000,华夏上证科创板50成份ETF,2023-09-22,10237766.82,104850.0,1.0347,9484267.182048,0.9264,97133.04
588000,华夏上证科创板50成份ETF,2023-09-21,10132916.82,85050.0,0.8464,9150023.888460001,0.903,76800.15000000001
588000,华夏上证科创板50成份ETF,2023-09-20,10047866.82,70650.0,0.7081,9125472.645924,0.9082,64164.33
588000,华夏上证科创板50成份ETF,2023-09-19,9977216.82,25200.0,0.2532,9138132.885438,0.9159,23080.68
588000,华夏上证科创板50成份ETF,2023-09-18,9952016.82,47700.0,0.4816,9180735.51645,0.9225000000000001,44003.25000000001
588000,华夏上证科创板50成份ETF,2023-09-15,9904316.82,18900.0,0.1912,9216957.232692,0.9305999999999999,17588.339999999997
588000,华夏上证科创板50成份ETF,2023-09-14,9885416.82,13950.0,0.1413,9137090.766726,0.9243,12893.985
588000,华夏上证科创板50成份ETF,2023-09-13,9871466.82,-36000.0,-0.3634,9210078.543060001,0.933,-33588.0
588000,华夏上证科创板50成份ETF,2023-09-12,9907466.82,-21600.0,-0.2175,9369491.371674001,0.9457000000000001,-20427.120000000003
588000,华夏上证科创板50成份ETF,2023-09-11,9929066.82,-15750.0,-0.1584,9443535.452502001,0.9511000000000001,-14979.825
588000,华夏上证科创板50成份ETF,2023-09-08,9944816.82,-26100.0,-0.2618,9393873.968172,0.9446,-24654.06
588000,华夏上证科创板50成份ETF,2023-09-07,9970916.82,-3150.0,-0.0316,9407560.01967,0.9435,-2972.025
588000,华夏上证科创板50成份ETF,2023-09-06,9974066.82,-34200.0,-0.3417,9766606.230144,0.9792,-33488.64
588000,华夏上证科创板50成份ETF,2023-09-05,10008266.82,46800.0,0.4698,9760061.802864,0.9752,45639.36
588000,华夏上证科创板50成份ETF,2023-09-04,9961466.82,145350.0,1.4807,9830971.604658,0.9869,143445.915
588000,华夏上证科创板50成份ETF,2023-09-01,9816116.82,50400.0,0.5161,9604088.696688,0.9783999999999999,49311.35999999999
588000,华夏上证科创板50成份ETF,2023-08-31,9765716.82,71550.0,0.7381,9632903.071248,0.9864,70576.92
588000,华夏上证科创板50成份ETF,2023-08-30,9694166.82,135000.0,1.4123,9536151.900834,0.9836999999999999,132799.5
588000,华夏上证科创板50成份ETF,2023-08-29,9559166.82,144450.0,1.5343,9172976.480472,0.9596,138614.22
588000,华夏上证科创板50成份ETF,2023-08-28,9414716.82,213750.0,2.3231,8680368.90804,0.9219999999999999,197077.49999999997
588000,华夏上证科创板50成份ETF,2023-08-25,9200966.82,120150.0,1.3231,8392201.836522,0.9120999999999999,109588.81499999999
588000,华夏上证科创板50成份ETF,2023-08-24,9080816.82,65700.0,0.7288,8418825.273822,0.9271,60910.47
588000,华夏上证科创板50成份ETF,2023-08-23,9015116.82,123300.0,1.3867,8303824.102902001,0.9211,113571.63
588000,华夏上证科创板50成份ETF,2023-08-22,8891816.82,144450.0,1.6514,8387650.806306,0.9432999999999999,136259.685
588000,华夏上证科创板50成份ETF,2023-08-21,8747366.82,141750.0,1.6472,8172664.819925999,0.9342999999999999,132437.025
588000,华夏上证科创板50成份ETF,2023-08-18,8605616.82,186300.0,2.2128,8151240.251904,0.9471999999999999,176463.36
588000,华夏上证科创板50成份ETF,2023-08-17,8419316.82,108000.0,1.2994,8027818.58787,0.9534999999999999,102977.99999999999
588000,华夏上证科创板50成份ETF,2023-08-16,8311316.82,99900.0,1.2166,7851700.999853999,0.9446999999999999,94375.52999999998
588000,华夏上证科创板50成份ETF,2023-08-15,8211416.82,89100.0,1.097,7888708.138974001,0.9607,85598.37
588000,华夏上证科创板50成份ETF,2023-08-14,8122316.82,58500.0,0.7255,7911948.814362,0.9741,56984.85
588000,华夏上证科创板50成份ETF,2023-08-11,8063816.82,119250.0,1.501,7922700.02565,0.9825,117163.125
588000,华夏上证科创板50成份ETF,2023-08-10,7944566.82,24300.0,0.3068,7969194.977142,1.0030999999999999,24375.329999999998
588000,华夏上证科创板50成份ETF,2023-08-09,7920266.82,26550.0,0.3363,7931355.1935479995,1.0013999999999998,26587.169999999995
588000,华夏上证科创板50成份ETF,2023-08-08,7893716.82,71100.0,0.9089,7971075.244836,1.0098,71796.78
588000,华夏上证科创板50成份ETF,2023-08-07,7822616.82,72900.0,0.9407,7924310.838660001,1.0130000000000001,73847.70000000001
588000,华夏上证科创板50成份ETF,2023-08-04,7749716.82,73350.0,0.9555,7907036.071446001,1.0203,74839.005
588000,华夏上证科创板50成份ETF,2023-08-03,7676366.82,20700.0,0.2704,7789209.412253999,1.0147,21004.289999999997
588000,华夏上证科创板50成份ETF,2023-08-02,7655666.82,42300.0,0.5556,7752893.788614,1.0127,42837.21
588000,华夏上证科创板50成份ETF,2023-08-01,7613366.82,58500.0,0.7743,7718431.282116001,1.0138,59307.3
588000,华夏上证科创板50成份ETF,2023-07-31,7554866.82,161550.0,2.1851,7655346.548706,1.0132999999999999,163698.615
588000,华夏上证科创板50成份ETF,2023-07-28,7393316.82,82800.0,1.1326,7441373.37933,1.0065,83338.2
159915,易方达创业板ETF,2026-07-24,1665345.4936,3400.0,0.2046,5835370.6095744,3.504,11913.6
159915,易方达创业板ETF,2026-07-23,1661945.4936,-700.0,-0.0421,5981341.8314664,3.599,-2519.3
159915,易方达创业板ETF,2026-07-22,1662645.4936,-41700.0,-2.4467,5968897.322024,3.59,-149703.0
159915,易方达创业板ETF,2026-07-21,1704345.4936,-59600.0,-3.3788,6322269.608509201,3.7095000000000007,-221086.20000000004
159915,易方达创业板ETF,2026-07-20,1763945.4936,271900.0,18.2233,6113482.29171888,3.4657999999999998,942351.0199999999
159915,易方达创业板ETF,2026-07-17,1492045.4936,189600.0,14.5572,5148601.38476552,3.4507,654252.72
159915,易方达创业板ETF,2026-07-16,1302445.4936,56800.0,4.5599,4837022.074131681,3.713800000000001,210943.84000000005
159915,易方达创业板ETF,2026-07-15,1245645.4936,-1300.0,-0.1043,4765590.52941488,3.8258,-4973.54
159915,易方达创业板ETF,2026-07-14,1246945.4936,13100.0,1.0617,4826926.0057256,3.871,50710.1
159915,易方达创业板ETF,2026-07-13,1233845.4936,53700.0,4.5503,4618530.45164352,3.7432000000000003,201009.84000000003
159915,易方达创业板ETF,2026-07-10,1180145.4936,100.0,0.0085,4555951.6780428,3.8605000000000005,386.05000000000007
159915,易方达创业板ETF,2026-07-09,1180045.4936,5400.0,0.4597,4761837.58032408,4.0353,21790.620000000003
159915,易方达创业板ETF,2026-07-08,1174645.4936,21300.0,1.8468,4537185.68357936,3.8626000000000005,82273.38
159915,易方达创业板ETF,2026-07-07,1153345.4936,39000.0,3.4998,4530456.43341016,3.9281000000000006,153195.90000000002
159915,易方达创业板ETF,2026-07-06,1114345.4936,10100.0,0.9147,4416151.1911368,3.963,40026.3
159915,易方达创业板ETF,2026-07-03,1104245.4936,-12300.0,-1.1016,4455961.84032408,4.0353,-49634.19
159915,易方达创业板ETF,2026-07-02,1116545.4936,47100.0,4.4042,4502916.32113944,4.032900000000001,189949.59000000003
159915,易方达创业板ETF,2026-07-01,1069445.4936,-5200.0,-0.4839,4574446.15432464,4.2774,-22242.48
159915,易方达创业板ETF,2026-06-30,1074645.4936,-21300.0,-1.9435,4685239.42299728,4.3598,-92863.73999999999
159915,易方达创业板ETF,2026-06-29,1095945.4936,-7000.0,-0.6347,4639027.67985944,4.2329,-29630.3
159915,易方达创业板ETF,2026-06-26,1102945.4936,3900.0,0.3549,4643069.644407921,4.209700000000001,16417.83
159915,易方达创业板ETF,2026-06-25,1099045.4936,-15300.0,-1.373,4822501.72136744,4.3879,-67134.87
159915,易方达创业板ETF,2026-06-24,1114345.4936,-22000.0,-1.936,4754355.0484444,4.2665,-93863.0
159915,易方达创业板ETF,2026-06-23,1136345.4936,54600.0,5.0474,4779810.04972968,4.2063,229663.97999999998
159915,易方达创业板ETF,2026-06-22,1081745.4936,29500.0,2.8035,4731230.2653583195,4.3736999999999995,129024.14999999998
159915,易方达创业板ETF,2026-06-18,1052245.4936,-100.0,-0.0095,4488879.2756976,4.266,-426.6
159915,易方达创业板ETF,2026-06-17,1052345.4936,11800.0,1.134,4398909.39779736,4.1801,49325.18000000001
159915,易方达创业板ETF,2026-06-16,1040545.4936,-10000.0,-0.9519,4282260.92436144,4.1154,-41154.0
159915,易方达创业板ETF,2026-06-15,1050545.4936,-13700.0,-1.2873,4251032.3398524,4.0465,-55437.05
159915,易方达创业板ETF,2026-06-12,1064245.4936,-4700.0,-0.4397,4092023.9228919996,3.8449999999999998,-18071.5
159915,易方达创业板ETF,2026-06-11,1068945.4936,10000.0,0.9443,4091923.3495008005,3.8280000000000007,38280.00000000001
159915,易方达创业板ETF,2026-06-10,1058945.4936,17900.0,1.7194,4098542.63842944,3.8704000000000005,69280.16
159915,易方达创业板ETF,2026-06-09,1041045.4936,-41600.0,-3.8424,4140550.2416952797,3.9772999999999996,-165455.68
159915,易方达创业板ETF,2026-06-08,1082645.4936,15900.0,1.4905,4142526.45216168,3.8263000000000003,60838.170000000006
159915,易方达创业板ETF,2026-06-05,1066745.4936,33600.0,3.2522,4237966.49697408,3.9728000000000003,133486.08000000002
159915,易方达创业板ETF,2026-06-04,1033145.4936,26000.0,2.5816,4240648.99303056,4.1046,106719.59999999999
159915,易方达创业板ETF,2026-06-03,1007145.4936,-16300.0,-1.5927,4167265.9088687203,4.1377,-67444.51
159915,易方达创业板ETF,2026-06-02,1023445.4936,-37000.0,-3.4891,4165627.84805072,4.0702,-150597.4
159915,易方达创业板ETF,2026-06-01,1060445.4936,4500.0,0.4262,4204454.29302528,3.9648000000000008,17841.600000000002
159915,易方达创业板ETF,2026-05-29,1055945.4936,4400.0,0.4184,4278479.95096848,4.0518,17827.920000000002
159915,易方达创业板ETF,2026-05-28,1051545.4936,-5400.0,-0.5109,4352031.33436232,4.1387,-22348.98
159915,易方达创业板ETF,2026-05-27,1056945.4936,-37600.0,-3.4352,4289613.2857756,4.0585,-152599.6
159915,易方达创业板ETF,2026-05-26,1094545.4936,-18100.0,-1.6268,4439038.70384416,4.0556,-73406.36
159915,易方达创业板ETF,2026-05-25,1112645.4936,-28700.0,-2.5146,4487744.33388624,4.0334,-115758.58000000002
159915,易方达创业板ETF,2026-05-22,1141345.4936,-34700.0,-2.9506,4508771.23791744,3.9504,-137078.88
159915,易方达创业板ETF,2026-05-21,1176045.4936,-19800.0,-1.6557,4517308.34546696,3.8411000000000004,-76053.78000000001
159915,易方达创业板ETF,2026-05-20,1195845.4936,-4900.0,-0.4081,4703619.07997688,3.9333,-19273.170000000002
159915,易方达创业板ETF,2026-05-19,1200745.4936,19800.0,1.6766,4706802.26036264,3.9199,77614.02
159915,易方达创业板ETF,2026-05-18,1180945.4936,-18400.0,-1.5342,4636510.10242296,3.9261000000000004,-72240.24
159915,易方达创业板ETF,2026-05-15,1199345.4936,-16300.0,-1.3409,4725661.1138827205,3.940200000000001,-64225.26000000002
159915,易方达创业板ETF,2026-05-14,1215645.4936,10400.0,0.8629,4816752.13929128,3.9623000000000004,41207.920000000006
159915,易方达创业板ETF,2026-05-13,1205245.4936,8100.0,0.6766,4880882.67543192,4.0497000000000005,32802.57000000001
159915,易方达创业板ETF,2026-05-12,1197145.4936,-9600.0,-0.7955,4723936.1177456,3.946,-37881.6
159915,易方达创业板ETF,2026-05-11,1206745.4936,-8700.0,-0.7158,4753611.84838912,3.9392,-34271.04
159915,易方达创业板ETF,2026-05-08,1215445.4936,8800.0,0.7293,4626107.09319096,3.8061,33493.68
159915,易方达创业板ETF,2026-05-07,1206645.4936,-7700.0,-0.6341,4637017.967355439,3.8428999999999998,-29590.329999999998
159915,易方达创业板ETF,2026-05-06,1214345.4936,-26600.0,-2.1435,4599819.29520744,3.7879,-100758.14
159915,易方达创业板ETF,2026-04-30,1240945.4936,3700.0,0.2991,4574745.562156401,3.6865000000000006,13640.050000000003
159915,易方达创业板ETF,2026-04-29,1237245.4936,-10900.0,-0.8733,4572611.89524688,3.6958,-40284.22
159915,易方达创业板ETF,2026-04-28,1248145.4936,-11800.0,-0.9365,4499314.87532928,3.6048000000000004,-42536.64000000001
159915,易方达创业板ETF,2026-04-27,1259945.4936,17900.0,1.4412,4607242.68644712,3.6567000000000003,65454.93000000001
159915,易方达创业板ETF,2026-04-24,1242045.4936,16800.0,1.3712,4560915.25704856,3.6721000000000004,61691.280000000006
159915,易方达创业板ETF,2026-04-23,1225245.4936,-25800.0,-2.0623,4563426.840913201,3.724500000000001,-96092.10000000002
159915,易方达创业板ETF,2026-04-22,1251045.4936,-69100.0,-5.2343,4699677.5012577595,3.7565999999999997,-259581.05999999997
159915,易方达创业板ETF,2026-04-21,1320145.4936,-48300.0,-3.5296,4861963.83837944,3.6829,-177884.07
159915,易方达创业板ETF,2026-04-20,1368445.4936,-41500.0,-2.9434,5022605.49516008,3.6702999999999997,-152317.44999999998
159915,易方达创业板ETF,2026-04-17,1409945.4936,-57900.0,-3.9446,5176614.8797524,3.6715000000000004,-212579.85000000003
159915,易方达创业板ETF,2026-04-16,1467845.4936,-23600.0,-1.5824,5313307.11773328,3.6198,-85427.28
159915,易方达创业板ETF,2026-04-15,1491445.4936,-20000.0,-1.3232,5232736.5142956,3.5085000000000006,-70170.00000000001
159915,易方达创业板ETF,2026-04-14,1511445.4936,20600.0,1.3818,5366689.51412552,3.5507000000000004,73144.42000000001
159915,易方达创业板ETF,2026-04-13,1490845.4936,-4400.0,-0.2943,5171444.84819968,3.4688000000000003,-15262.720000000001
159915,易方达创业板ETF,2026-04-10,1495245.4936,-28600.0,-1.8768,5145139.7434776,3.441,-98412.59999999999
159915,易方达创业板ETF,2026-04-09,1523845.4936,1000.0,0.0657,5051700.19583336,3.3151,3315.1000000000004
159915,易方达创业板ETF,2026-04-08,1522845.4936,-40800.0,-2.6093,5085237.95677848,3.3393,-136243.44
159915,易方达创业板ETF,2026-04-07,1563645.4936,-20500.0,-1.2941,4930643.33496888,3.1533,-64642.65
159915,易方达创业板ETF,2026-04-03,1584145.4936,-7600.0,-0.4775,4977226.726341841,3.1419000000000006,-23878.440000000006
159915,易方达创业板ETF,2026-04-02,1591745.4936,14000.0,0.8873,5037237.7890465595,3.1645999999999996,44304.399999999994
159915,易方达创业板ETF,2026-04-01,1577745.4936,-28100.0,-1.7499,5110790.9774184795,3.2392999999999996,-91024.32999999999
159915,易方达创业板ETF,2026-03-31,1605845.4936,25700.0,1.6264,5101610.54861784,3.1769,81646.33
159915,易方达创业板ETF,2026-03-30,1580145.4936,18300.0,1.1717,5159175.036604,3.265,59749.5
159915,易方达创业板ETF,2026-03-27,1561845.4936,-7600.0,-0.4842,5134410.87566064,3.2874000000000003,-24984.24
159915,易方达创业板ETF,2026-03-26,1569445.4936,12600.0,0.8093,5122670.0911104,3.2640000000000002,41126.4
159915,易方达创业板ETF,2026-03-25,1556845.4936,-47500.0,-2.9607,5150979.00012496,3.3086,-157158.5
159915,易方达创业板ETF,2026-03-24,1604345.4936,5500.0,0.344,5203373.73939288,3.2433000000000005,17838.15
159915,易方达创业板ETF,2026-03-23,1598845.4936,37300.0,2.3887,5159474.4078472,3.227,120367.09999999999
159915,易方达创业板ETF,2026-03-20,1561545.4936,-75100.0,-4.5887,5221495.82149968,3.3438000000000003,-251119.38000000003
159915,易方达创业板ETF,2026-03-19,1636645.4936,20300.0,1.2559,5402894.103472319,3.3011999999999997,67014.36
159915,易方达创业板ETF,2026-03-18,1616345.4936,-33700.0,-2.0424,5396007.79583424,3.3384,-112504.08
159915,易方达创业板ETF,2026-03-17,1650045.4936,20600.0,1.2642,5399278.86415792,3.2722,67407.32
159915,易方达创业板ETF,2026-03-16,1629445.4936,-1600.0,-0.0981,5456198.2353195995,3.3485,-5357.6
159915,易方达创业板ETF,2026-03-13,1631045.4936,-100.0,-0.0061,5384407.38347232,3.3012,-330.12
159915,易方达创业板ETF,2026-03-12,1631145.4936,13800.0,0.8532,5396318.63647688,3.3083,45654.54
159915,易方达创业板ETF,2026-03-11,1617345.4936,-36200.0,-2.1892,5402095.683173359,3.3400999999999996,-120911.61999999998
159915,易方达创业板ETF,2026-03-10,1653545.4936,-72200.0,-4.1837,5451574.137849839,3.2969,-238036.18
159915,易方达创业板ETF,2026-03-09,1725745.4936,-6000.0,-0.3465,5521522.7067732,3.1995,-19197.0
159915,易方达创业板ETF,2026-03-06,1731745.4936,4300.0,0.2489,5576047.3148426395,3.2199,13845.57
159915,易方达创业板ETF,2026-03-05,1727445.4936,-73000.0,-4.0546,5541126.90982072,3.2077,-234162.1
159915,易方达创业板ETF,2026-03-04,1800445.4936,21700.0,1.22,5680945.66595608,3.1553,68470.01
159915,易方达创业板ETF,2026-03-03,1778745.4936,5200.0,0.2932,5692519.20316808,3.2003000000000004,16641.56
159915,易方达创业板ETF,2026-03-02,1773545.4936,-61500.0,-3.3514,5826096.946476,3.285,-202027.5
159915,易方达创业板ETF,2026-02-27,1835045.4936,-13900.0,-0.7518,6056751.15617616,3.3006,-45878.340000000004
159915,易方达创业板ETF,2026-02-26,1848945.4936,7000.0,0.38,6166418.11570536,3.3351,23345.7
159915,易方达创业板ETF,2026-02-25,1841945.4936,-50600.0,-2.6736,6161123.48154264,3.3449000000000004,-169251.94000000003
159915,易方达创业板ETF,2026-02-24,1892545.4936,-22800.0,-1.1904,6242750.56518896,3.2986000000000004,-75208.08000000002
159915,易方达创业板ETF,2026-02-13,1915345.4936,-500.0,-0.0261,6255326.84754824,3.2659000000000002,-1632.95
159915,易方达创业板ETF,2026-02-12,1915845.4936,-30700.0,-1.5772,6354859.5022712,3.3169999999999997,-101831.9
159915,易方达创业板ETF,2026-02-11,1946545.4936,32400.0,1.6927,6372016.6732996,3.2735000000000003,106061.40000000001
159915,易方达创业板ETF,2026-02-10,1914145.4936,3100.0,0.1622,6333716.02377304,3.3089,10257.59
159915,易方达创业板ETF,2026-02-09,1911045.4936,-35200.0,-1.8086,6345626.5614988,3.3205000000000005,-116881.60000000002
159915,易方达创业板ETF,2026-02-06,1946245.4936,4000.0,0.2059,6275668.5941132,3.2245,12898.0
159915,易方达创业板ETF,2026-02-05,1942245.4936,3200.0,0.165,6308607.587762159,3.2480999999999995,10393.919999999998
159915,易方达创业板ETF,2026-02-04,1939045.4936,17600.0,0.916,6397104.98793576,3.2991,58064.16
159915,易方达创业板ETF,2026-02-03,1921445.4936,13100.0,0.6865,6364403.908451281,3.3123000000000005,43391.130000000005
159915,易方达创业板ETF,2026-02-02,1908345.4936,15900.0,0.8402,6205367.04153912,3.2517,51702.03
159915,易方达创业板ETF,2026-01-30,1892445.4936,-49900.0,-2.5691,6308277.80836624,3.3334,-166336.66
159915,易方达创业板ETF,2026-01-29,1942345.4936,-50400.0,-2.5292,6393618.66128312,3.2917,-165901.68
159915,易方达创业板ETF,2026-01-28,1992745.4936,-76300.0,-3.6877,6597382.505661519,3.3106999999999998,-252606.40999999997
159915,易方达创业板ETF,2026-01-27,2069045.4936,-56300.0,-2.649,6888473.16184248,3.3293000000000004,-187439.59000000003
159915,易方达创业板ETF,2026-01-26,2125345.4936,-53000.0,-2.433,7026392.2018416,3.306,-175218.0
159915,易方达创业板ETF,2026-01-23,2178345.4936,2500.0,0.1149,7266089.228452161,3.3356000000000003,8339.0
159915,易方达创业板ETF,2026-01-22,2175845.4936,-86700.0,-3.832,7212710.22673464,3.3148999999999997,-287401.82999999996
159915,易方达创业板ETF,2026-01-21,2262545.4936,-12200.0,-0.5363,7425674.3099952,3.2819999999999996,-40040.399999999994
159915,易方达创业板ETF,2026-01-20,2274745.4936,-91100.0,-3.8506,7425679.18930784,3.2643999999999997,-297386.83999999997
159915,易方达创业板ETF,2026-01-19,2365845.4936,-74700.0,-3.0608,7863597.251627679,3.3237999999999994,-248287.85999999996
159915,易方达创业板ETF,2026-01-16,2440545.4936,-253700.0,-9.4164,8168505.767079201,3.347,-849133.9
159915,易方达创业板ETF,2026-01-15,2694245.4936,-271200.0,-9.1453,9035421.687336959,3.3535999999999992,-909496.3199999998
159915,易方达创业板ETF,2026-01-14,2965445.4936,-106500.0,-3.4669,9888574.54295856,3.3345999999999996,-355134.89999999997
159915,易方达创业板ETF,2026-01-13,3071945.4936,-41400.0,-1.3298,10160152.52553264,3.3074,-136926.36
159915,易方达创业板ETF,2026-01-12,3113345.4936,-43400.0,-1.3748,10503182.35720896,3.3735999999999997,-146414.24
159915,易方达创业板ETF,2026-01-09,3156745.4936,-14100.0,-0.4447,10457982.14574744,3.3129,-46711.89
159915,易方达创业板ETF,2026-01-08,3170845.4936,30100.0,0.9584,10423520.391111279,3.2872999999999997,98947.73
159915,易方达创业板ETF,2026-01-07,3140745.4936,-21100.0,-0.6673,10409686.86398784,3.3144,-69933.84
159915,易方达创业板ETF,2026-01-06,3161845.4936,12000.0,0.381,10446421.32630504,3.3038999999999996,39646.799999999996
159915,易方达创业板ETF,2026-01-05,3149845.4936,-400.0,-0.0127,10329288.32716248,3.2792999999999997,-1311.7199999999998
159915,易方达创业板ETF,2025-12-31,3150245.4936,4100.0,0.1303,10042982.6335968,3.1879999999999997,13070.8
159915,易方达创业板ETF,2025-12-30,3146145.4936,700.0,0.0223,10153869.96604464,3.2274,2259.18
159915,易方达创业板ETF,2025-12-29,3145445.4936,-29100.0,-0.9167,10087758.24252456,3.2071,-93326.61
159915,易方达创业板ETF,2025-12-26,3174545.4936,-3700.0,-0.1164,10247432.8533408,3.228,-11943.6
159915,易方达创业板ETF,2025-12-25,3178245.4936,-3200.0,-0.1006,10244756.524070239,3.2233999999999994,-10314.879999999997
159915,易方达创业板ETF,2025-12-24,3181445.4936,7900.0,0.2489,10223893.23823296,3.2136,25387.44
159915,易方达创业板ETF,2025-12-23,3173545.4936,-24000.0,-0.7506,10120753.93363976,3.1890999999999994,-76538.39999999998
159915,易方达创业板ETF,2025-12-22,3197545.4936,-32200.0,-0.997,10155084.73312424,3.1758999999999995,-102263.97999999998
159915,易方达创业板ETF,2025-12-19,3229745.4936,16000.0,0.4979,10033204.3758684,3.1065,49704.0
159915,易方达创业板ETF,2025-12-18,3213745.4936,62200.0,1.9736,9934651.44436568,3.0913,192278.86
159915,易方达创业板ETF,2025-12-17,3151545.4936,-14900.0,-0.4706,9957938.296127921,3.1597,-47079.53
159915,易方达创业板ETF,2025-12-16,3166445.4936,21900.0,0.6964,9676974.072990961,3.0561000000000003,66928.59000000001
159915,易方达创业板ETF,2025-12-15,3144545.4936,14000.0,0.4472,9816013.212821761,3.1216000000000004,43702.40000000001
159915,易方达创业板ETF,2025-12-12,3130545.4936,18000.0,0.5783,9946995.251364639,3.1773999999999996,57193.19999999999
159915,易方达创业板ETF,2025-12-11,3112545.4936,-19100.0,-0.6099,9790200.59556944,3.1453999999999995,-60077.13999999999
159915,易方达创业板ETF,2025-12-10,3131645.4936,2400.0,0.0767,9989009.63093592,3.1896999999999998,7655.28
159915,易方达创业板ETF,2025-12-09,3129245.4936,-30600.0,-0.9684,9982606.04913336,3.1901,-97617.06
159915,易方达创业板ETF,2025-12-08,3159845.4936,-27900.0,-0.8752,10019238.09110688,3.1708,-88465.31999999999
159915,易方达创业板ETF,2025-12-05,3187745.4936,3700.0,0.1162,9850771.12432272,3.0902,11433.74
159915,易方达创业板ETF,2025-12-04,3184045.4936,1500.0,0.0471,9707199.496338319,3.0486999999999997,4573.049999999999
159915,易方达创业板ETF,2025-12-03,3182545.4936,-1300.0,-0.0408,9605877.06333288,3.0183,-3923.79
159915,易方达创业板ETF,2025-12-02,3183845.4936,-2900.0,-0.091,9718369.98466464,3.0523999999999996,-8851.96
159915,易方达创业板ETF,2025-12-01,3186745.4936,-24800.0,-0.7722,9794780.94912896,3.0735999999999994,-76225.27999999998
159915,易方达创业板ETF,2025-11-28,3211545.4936,3700.0,0.1153,9743507.87303304,3.0338999999999996,11225.429999999998
159915,易方达创业板ETF,2025-11-27,3207845.4936,-23800.0,-0.7365,9663634.54947,3.0124999999999997,-71697.5
159915,易方达创业板ETF,2025-11-26,3231645.4936,-87900.0,-2.648,9777989.76998552,3.0256999999999996,-265959.02999999997
159915,易方达创业板ETF,2025-11-25,3319545.4936,-80500.0,-2.3676,9833821.570240641,2.9624,-238473.2
159915,易方达创业板ETF,2025-11-24,3400045.4936,1700.0,0.05,9896512.41822152,2.9107,4948.19
159915,易方达创业板ETF,2025-11-21,3398345.4936,94800.0,2.8696,9860299.449680401,2.9015,275062.2
159915,易方达创业板ETF,2025-11-20,3303545.4936,9600.0,0.2914,9986287.67260344,3.0229,29019.84
159915,易方达创业板ETF,2025-11-19,3293945.4936,1100.0,0.0334,10069261.97938584,3.0568999999999997,3362.5899999999997
159915,易方达创业板ETF,2025-11-18,3292845.4936,36600.0,1.124,10040873.76363448,3.0493,111604.38
159915,易方达创业板ETF,2025-11-17,3256245.4936,14400.0,0.4442,10045517.347756,3.085,44424.0
159915,易方达创业板ETF,2025-11-14,3241845.4936,17800.0,0.5521,10020868.60526696,3.0911,55021.58
159915,易方达创业板ETF,2025-11-13,3224045.4936,-42800.0,-1.3101,10254721.50149352,3.1806999999999994,-136133.95999999996
159915,易方达创业板ETF,2025-11-12,3266845.4936,11800.0,0.3625,10132121.2984004,3.1014999999999997,36597.7
159915,易方达创业板ETF,2025-11-11,3255045.4936,-1400.0,-0.043,10133282.126126159,3.1130999999999993,-4358.339999999999
159915,易方达创业板ETF,2025-11-10,3256445.4936,28700.0,0.8892,10281575.35694328,3.1572999999999998,90614.51
159915,易方达创业板ETF,2025-11-07,3227745.4936,-9100.0,-0.2811,10285211.0153564,3.1864999999999997,-28997.149999999998
159915,易方达创业板ETF,2025-11-06,3236845.4936,-37400.0,-1.1422,10367292.43145144,3.2028999999999996,-119788.45999999999
159915,易方达创业板ETF,2025-11-05,3274245.4936,-1400.0,-0.0427,10295537.53007584,3.1444,-4402.16
159915,易方达创业板ETF,2025-11-04,3275645.4936,3900.0,0.1192,10195446.59883,3.1125,12138.75
159915,易方达创业板ETF,2025-11-03,3271745.4936,4400.0,0.1347,10386810.41853192,3.1747,13968.68
159915,易方达创业板ETF,2025-10-31,3267345.4936,19900.0,0.6128,10339188.079947839,3.164399999999999,62971.55999999998
159915,易方达创业板ETF,2025-10-30,3247445.4936,13200.0,0.4081,10520099.6765172,3.2394999999999996,42761.399999999994
159915,易方达创业板ETF,2025-10-29,3234245.4936,-26600.0,-0.8157,10674303.827077439,3.3003999999999993,-87790.63999999998
159915,易方达创业板ETF,2025-10-28,3260845.4936,-9700.0,-0.2966,10455248.90612968,3.2063,-31101.11
159915,易方达创业板ETF,2025-10-27,3270545.4936,-2200.0,-0.0672,10501721.5799496,3.211,-7064.2
159915,易方达创业板ETF,2025-10-24,3272745.4936,-22200.0,-0.6738,10304239.186599601,3.1485000000000003,-69896.70000000001
159915,易方达创业板ETF,2025-10-23,3294945.4936,-100.0,-0.003,10016304.80599464,3.0398999999999994,-303.98999999999995
159915,易方达创业板ETF,2025-10-22,3295045.4936,-7700.0,-0.2331,10007053.1640632,3.037,-23384.899999999998
159915,易方达创业板ETF,2025-10-21,3302745.4936,-40100.0,-1.1996,10110364.505008321,3.0612000000000004,-122754.12000000001
159915,易方达创业板ETF,2025-10-20,3342845.4936,-52700.0,-1.552,9933599.66878176,2.9715999999999996,-156603.31999999998
159915,易方达创业板ETF,2025-10-17,3395545.4936,10100.0,0.2983,9896996.45019592,2.9147,29438.469999999998
159915,易方达创业板ETF,2025-10-16,3385445.4936,-60400.0,-1.7528,10207795.252302721,3.0152,-182118.08000000002
159915,易方达创业板ETF,2025-10-15,3445845.4936,-32000.0,-0.9201,10349941.52457696,3.0036,-96115.2
159915,易方达创业板ETF,2025-10-14,3477845.4936,-15500.0,-0.4437,10206433.17006792,2.9347,-45487.85
159915,易方达创业板ETF,2025-10-13,3493345.4936,-2800.0,-0.0801,10675663.8284416,3.0559999999999996,-8556.8
159915,易方达创业板ETF,2025-10-10,3496145.4936,34800.0,1.0054,10800642.27337848,3.0892999999999997,107507.63999999998
159915,易方达创业板ETF,2025-10-09,3461345.4936,31700.0,0.9243,11201260.15183896,3.2361,102584.37
159915,易方达创业板ETF,2025-09-30,3429645.4936,17900.0,0.5247,11018422.07728872,3.2127,57507.329999999994
159915,易方达创业板ETF,2025-09-29,3411745.4936,-36400.0,-1.0556,10960573.57273936,3.2126,-116938.64
159915,易方达创业板ETF,2025-09-26,3448145.4936,44600.0,1.3104,10780626.885740401,3.1265,139441.9
159915,易方达创业板ETF,2025-09-25,3403545.4936,11300.0,0.3331,10925381.034456,3.21,36273.0
159915,易方达创业板ETF,2025-09-24,3392245.4936,-3200.0,-0.0942,10719495.759776,3.1599999999999997,-10111.999999999998
159915,易方达创业板ETF,2025-09-23,3395445.4936,-18900.0,-0.5535,10490568.39702656,3.0895999999999995,-58393.43999999999
159915,易方达创业板ETF,2025-09-22,3414345.4936,-17800.0,-0.5186,10525744.287670081,3.0828,-54873.840000000004
159915,易方达创业板ETF,2025-09-19,3432145.4936,-21400.0,-0.6197,10522958.0833776,3.066,-65612.4
159915,易方达创业板ETF,2025-09-18,3453545.4936,18300.0,0.5327,10602730.01990136,3.0700999999999996,56182.829999999994
159915,易方达创业板ETF,2025-09-17,3435245.4936,11600.0,0.3388,10719340.03822944,3.1203999999999996,36196.63999999999
159915,易方达创业板ETF,2025-09-16,3423645.4936,-15300.0,-0.4449,10477382.30406408,3.0603,-46822.59
159915,易方达创业板ETF,2025-09-15,3438945.4936,-30600.0,-0.882,10453018.722346561,3.0396,-93011.76000000001
159915,易方达创业板ETF,2025-09-12,3469545.4936,22100.0,0.6411,10388860.07148648,2.9943,66174.03
159915,易方达创业板ETF,2025-09-11,3447445.4936,8500.0,0.2472,10436796.48732464,3.0274,25732.9
159915,易方达创业板ETF,2025-09-10,3438945.4936,-3100.0,-0.0901,9901067.97062376,2.8790999999999998,-8925.21
159915,易方达创业板ETF,2025-09-09,3442045.4936,-21300.0,-0.615,9785391.13375544,2.8428999999999998,-60553.77
159915,易方达创业板ETF,2025-09-08,3463345.4936,43900.0,1.2838,10070369.69174072,2.9076999999999997,127648.02999999998
159915,易方达创业板ETF,2025-09-05,3419445.4936,-52500.0,-1.5121,10027181.96543264,2.9324,-153951.0
159915,易方达创业板ETF,2025-09-04,3471945.4936,-43600.0,-1.2402,9553752.41473912,2.7517,-119974.12
159915,易方达创业板ETF,2025-09-03,3515545.4936,-79700.0,-2.2168,10103677.748606399,2.8739999999999997,-229057.79999999996
159915,易方达创业板ETF,2025-09-02,3595245.4936,5100.0,0.1421,10235663.920279201,2.847,14519.7
159915,易方达创业板ETF,2025-09-01,3590145.4936,22700.0,0.6363,10521280.38354416,2.9306,66524.62
159915,易方达创业板ETF,2025-08-29,3567445.4936,-7600.0,-0.2126,10219304.36096656,2.8646,-21770.96
159915,易方达创业板ETF,2025-08-28,3575045.4936,-41700.0,-1.153,10018349.98671528,2.8023,-116855.90999999999
159915,易方达创业板ETF,2025-08-27,3616745.4936,-99100.0,-2.667,9763042.78542384,2.6994,-267510.54
159915,易方达创业板ETF,2025-08-26,3715845.4936,38900.0,1.0579,10100411.22070352,2.7182,105737.98
159915,易方达创业板ETF,2025-08-25,3676945.4936,-31300.0,-0.8441,10070786.01242104,2.7388999999999997,-85727.56999999999
159915,易方达创业板ETF,2025-08-22,3708245.4936,0.0,0.0,9860966.41658112,2.6592,0.0
159915,易方达创业板ETF,2025-08-21,3708245.4936,18800.0,0.5096,9540944.83048344,2.5729,48370.520000000004
159915,易方达创业板ETF,2025-08-20,3689445.4936,54900.0,1.5105,9537216.600956,2.585,141916.5
159915,易方达创业板ETF,2025-08-19,3634545.4936,-6700.0,-0.184,9368041.009754,2.5775,-17269.25
159915,易方达创业板ETF,2025-08-18,3641245.4936,24900.0,0.6885,9401331.73992584,2.5819,64289.310000000005
159915,易方达创业板ETF,2025-08-15,3616345.4936,19900.0,0.5533,9079558.63078152,2.5107,49962.93
159915,易方达创业板ETF,2025-08-14,3596445.4936,-26800.0,-0.7397,8796546.03279624,2.4459,-65550.12
159915,易方达创业板ETF,2025-08-13,3623245.4936,-40500.0,-1.1054,8956300.53562984,2.4719,-100111.95000000001
159915,易方达创业板ETF,2025-08-12,3663745.4936,-32000.0,-0.8659,8743894.99502576,2.3865999999999996,-76371.19999999998
159915,易方达创业板ETF,2025-08-11,3695745.4936,-11800.0,-0.3183,8712720.001162,2.3575,-27818.5
159915,易方达创业板ETF,2025-08-08,3707545.4936,-16300.0,-0.4377,8572215.935752561,2.3121,-37687.23
159915,易方达创业板ETF,2025-08-07,3723845.4936,3700.0,0.0995,8642673.00609624,2.3209,8587.33
159915,易方达创业板ETF,2025-08-06,3720145.4936,1100.0,0.0296,8693235.98944448,2.3367999999999998,2570.4799999999996
159915,易方达创业板ETF,2025-08-05,3719045.4936,6600.0,0.1778,8633020.30429368,2.3212999999999995,15320.579999999996
159915,易方达创业板ETF,2025-08-04,3712445.4936,15800.0,0.4274,8582060.24755512,2.3117,36524.86
159915,易方达创业板ETF,2025-08-01,3696645.4936,-27000.0,-0.7251,8503023.96437872,2.3002,-62105.399999999994
159915,易方达创业板ETF,2025-07-31,3723645.4936,-83700.0,-2.1984,8586354.14369224,2.3059,-193003.83
159915,易方达创业板ETF,2025-07-30,3807345.4936,65500.0,1.7505,8927844.44794264,2.3449,153590.95
159915,易方达创业板ETF,2025-07-29,3741845.4936,-14100.0,-0.3754,8918314.54944624,2.3834,-33605.94
159915,易方达创业板ETF,2025-07-28,3755945.4936,-12300.0,-0.3264,8788536.86047464,2.3399,-28780.77
159915,易方达创业板ETF,2025-07-25,3768245.4936,2200.0,0.0584,8732908.931418,2.3175,5098.5
159915,易方达创业板ETF,2025-07-24,3766045.4936,-21300.0,-0.5624,8743251.217941761,2.3216,-49450.08
159915,易方达创业板ETF,2025-07-23,3787345.4936,-18200.0,-0.4782,8665067.75480744,2.2879,-41639.78
159915,易方达创业板ETF,2025-07-22,3805545.4936,-2600.0,-0.0683,8707849.19845552,2.2882,-5949.32
159915,易方达创业板ETF,2025-07-21,3808145.4936,2000.0,0.0525,8661626.9251932,2.2744999999999997,4548.999999999999
159915,易方达创业板ETF,2025-07-18,3806145.4936,-9400.0,-0.2464,8583238.70261736,2.2551,-21197.940000000002
159915,易方达创业板ETF,2025-07-17,3815545.4936,-34100.0,-0.8858,8574675.387767281,2.2473,-76632.93000000001
159915,易方达创业板ETF,2025-07-16,3849645.4936,-13800.0,-0.3572,8501942.072615601,2.2085000000000004,-30477.300000000007
159915,易方达创业板ETF,2025-07-15,3863445.4936,-61200.0,-1.5594,8550963.91098488,2.2133,-135453.96
159915,易方达创业板ETF,2025-07-14,3924645.4936,6900.0,0.1761,8538851.20042552,2.1757,15012.33
159915,易方达创业板ETF,2025-07-11,3917745.4936,9900.0,0.2533,8562624.55081216,2.1856,21637.44
159915,易方达创业板ETF,2025-07-10,3907845.4936,-1500.0,-0.0384,8472599.81467416,2.1681,-3252.15
159915,易方达创业板ETF,2025-07-09,3909345.4936,-25200.0,-0.6405,8457087.10630488,2.1633,-54515.16
159915,易方达创业板ETF,2025-07-08,3934545.4936,-31400.0,-0.7917,8497437.90252792,2.1597,-67814.58
159915,易方达创业板ETF,2025-07-07,3965945.4936,12100.0,0.306,8365368.82965048,2.1093,25522.530000000002
159915,易方达创业板ETF,2025-07-04,3953845.4936,-15200.0,-0.383,8441855.513385361,2.1351,-32453.52
159915,易方达创业板ETF,2025-07-03,3969045.4936,-32800.0,-0.8196,8504473.779136721,2.1427,-70280.56
159915,易方达创业板ETF,2025-07-02,4001845.4936,8500.0,0.2129,8414680.51939272,2.1026999999999996,17872.949999999997
159915,易方达创业板ETF,2025-07-01,3993345.4936,-18800.0,-0.4686,8492647.86123912,2.1267,-39981.96
159915,易方达创业板ETF,2025-06-30,4012145.4936,7500.0,0.1873,8552690.54870712,2.1317,15987.75
159915,易方达创业板ETF,2025-06-27,4004645.4936,-18500.0,-0.4598,8422570.40213952,2.1032,-38909.200000000004
159915,易方达创业板ETF,2025-06-26,4023145.4936,19600.0,0.4896,8422052.77630224,2.0934,41030.64
159915,易方达创业板ETF,2025-06-25,4003545.4936,-1700.0,-0.0424,8436271.06411392,2.1072,-3582.2400000000002
159915,易方达创业板ETF,2025-06-24,4005245.4936,-12500.0,-0.3111,8183918.11707288,2.0433,-25541.25
159915,易方达创业板ETF,2025-06-23,4017745.4936,-13800.0,-0.3423,8023839.525268559,1.9970999999999997,-27559.979999999996
159915,易方达创业板ETF,2025-06-20,4031545.4936,19600.0,0.4885,8020759.759517199,1.9894999999999998,38994.2
159915,易方达创业板ETF,2025-06-19,4011945.4936,16000.0,0.4004,8047962.6601615995,2.006,32095.999999999996
159915,易方达创业板ETF,2025-06-18,3995945.4936,-5400.0,-0.135,8125355.56668624,2.0334,-10980.359999999999
159915,易方达创业板ETF,2025-06-17,4001345.4936,1200.0,0.03,8115128.79557016,2.0281,2433.72
159915,易方达创业板ETF,2025-06-16,4000145.4936,-7100.0,-0.1772,8141496.12312408,2.0353,-14450.63
159915,易方达创业板ETF,2025-06-13,4007245.4936,-7300.0,-0.1818,8103051.11260856,2.0221,-14761.33
159915,易方达创业板ETF,2025-06-12,4014545.4936,-24500.0,-0.6066,8205730.9889184,2.044,-50078.0
159915,易方达创业板ETF,2025-06-11,4039045.4936,-26700.0,-0.6567,8233594.238703599,2.0384999999999995,-54427.94999999999
159915,易方达创业板ETF,2025-06-10,4065745.4936,-18300.0,-0.4481,8187598.275011681,2.0138000000000003,-36852.54000000001
159915,易方达创业板ETF,2025-06-09,4084045.4936,-17600.0,-0.4291,8320834.28866064,2.0374,-35858.24
159915,易方达创业板ETF,2025-06-06,4101645.4936,-6200.0,-0.1509,8267276.65690016,2.0156,-12496.720000000001
159915,易方达创业板ETF,2025-06-05,4107845.4936,-21400.0,-0.5183,8315100.84814512,2.0242,-43317.88
159915,易方达创业板ETF,2025-06-04,4129245.4936,-32500.0,-0.7809,8261794.383594881,2.0008,-65026.0
159915,易方达创业板ETF,2025-06-03,4161745.4936,-12800.0,-0.3066,8234013.459087601,1.9785000000000001,-25324.800000000003
159915,易方达创业板ETF,2025-05-30,4174545.4936,4500.0,0.1079,8220514.985997121,1.9692,8861.4
159915,易方达创业板ETF,2025-05-29,4170045.4936,-11000.0,-0.2631,8288382.423079359,1.9875999999999998,-21863.6
159915,易方达创业板ETF,2025-05-28,4181045.4936,5500.0,0.1317,8194431.062906641,1.9599,10779.45
159915,易方达创业板ETF,2025-05-27,4175545.4936,29900.0,0.7212,8206199.558572079,1.9652999999999996,58762.46999999999
159915,易方达创业板ETF,2025-05-26,4145645.4936,30000.0,0.7289,8202159.6090876,1.9785,59355.0
159915,易方达创业板ETF,2025-05-23,4115645.4936,-1500.0,-0.0364,8204127.726942239,1.9933999999999998,-2990.1
159915,易方达创业板ETF,2025-05-22,4117145.4936,-6200.0,-0.1504,8302635.60239376,2.0166,-12502.92
159915,易方达创业板ETF,2025-05-21,4123345.4936,-55700.0,-1.3328,8395131.4249696,2.036,-113405.2
159915,易方达创业板ETF,2025-05-20,4179045.4936,4600.0,0.1102,8437910.75612776,2.0191,9287.859999999999
159915,易方达创业板ETF,2025-05-19,4174445.4936,-17300.0,-0.4127,8363918.99097696,2.0036,-34662.28
159915,易方达创业板ETF,2025-05-16,4191745.4936,-15900.0,-0.3779,8424570.093037281,2.0098000000000003,-31955.820000000003
159915,易方达创业板ETF,2025-05-15,4207645.4936,-7200.0,-0.1708,8472514.965912959,2.0136,-14497.919999999998
159915,易方达创业板ETF,2025-05-14,4214845.4936,-8400.0,-0.1989,8652234.82926208,2.0528,-17243.52
159915,易方达创业板ETF,2025-05-13,4223245.4936,-27200.0,-0.6399,8582901.81664328,2.0323,-55278.560000000005
159915,易方达创业板ETF,2025-05-12,4250445.4936,-79500.0,-1.8361,8648381.44582792,2.0347,-161758.65
159915,易方达创业板ETF,2025-05-09,4329945.4936,9600.0,0.2222,8584549.93561136,1.9826000000000001,19032.960000000003
159915,易方达创业板ETF,2025-05-08,4320345.4936,-87500.0,-1.9851,8640690.9872,2.0,-175000.0
159915,易方达创业板ETF,2025-05-07,4407845.4936,25000.0,0.5704,8672876.793207359,1.9675999999999998,49189.99999999999
159915,易方达创业板ETF,2025-05-06,4382845.4936,-6600.0,-0.1504,8579858.338271359,1.9576,-12920.16
159915,易方达创业板ETF,2025-04-30,4389445.4936,-39800.0,-0.8986,8427296.40316264,1.9199,-76412.02
159915,易方达创业板ETF,2025-04-29,4429245.4936,12800.0,0.2898,8431068.7970676,1.9035,24364.8
159915,易方达创业板ETF,2025-04-28,4416445.4936,7700.0,0.1747,8417303.46625224,1.9059,14675.43
159915,易方达创业板ETF,2025-04-25,4408745.4936,11600.0,0.2638,8458178.2294716,1.9185,22254.600000000002
159915,易方达创业板ETF,2025-04-24,4397145.4936,31500.0,0.7215,8387115.314492641,1.9074000000000004,60083.10000000001
159915,易方达创业板ETF,2025-04-23,4365645.4936,-32000.0,-0.7277,8384222.1704588,1.9205,-61456.0
159915,易方达创业板ETF,2025-04-22,4397645.4936,1900.0,0.0432,8355526.43784,1.9000000000000001,3610.0000000000005
159915,易方达创业板ETF,2025-04-21,4395745.4936,-42800.0,-0.9643,8387082.4017888,1.9080000000000001,-81662.40000000001
159915,易方达创业板ETF,2025-04-18,4438545.4936,-400.0,-0.009,8336476.14607952,1.8782,-751.2800000000001
159915,易方达创业板ETF,2025-04-17,4438945.4936,-18100.0,-0.4061,8314588.80406216,1.8731,-33903.11
159915,易方达创业板ETF,2025-04-16,4457045.4936,59300.0,1.3484,8341360.6412724,1.8715,110979.95
159915,易方达创业板ETF,2025-04-15,4397745.4936,-16800.0,-0.3806,8328890.19032904,1.8939000000000001,-31817.520000000004
159915,易方达创业板ETF,2025-04-14,4414545.4936,-29000.0,-0.6526,8371744.07406304,1.8964000000000003,-54995.600000000006
159915,易方达创业板ETF,2025-04-11,4443545.4936,-71800.0,-1.5901,8398300.982904,1.8900000000000001,-135702.0
159915,易方达创业板ETF,2025-04-10,4515345.4936,-42300.0,-0.9281,8418410.138267841,1.8644000000000003,-78864.12000000001
159915,易方达创业板ETF,2025-04-09,4557645.4936,56700.0,1.2597,8309043.49938216,1.8231,103369.76999999999
159915,易方达创业板ETF,2025-04-08,4500945.4936,51400.0,1.1552,8126006.994145441,1.8054000000000003,92797.56000000001
159915,易方达创业板ETF,2025-04-07,4449545.4936,341600.0,8.3156,7888599.205603439,1.7729,605622.64
159915,易方达创业板ETF,2025-04-03,4107945.4936,71700.0,1.7764,8322697.5700336,2.026,145264.19999999998
159915,易方达创业板ETF,2025-04-02,4036245.4936,1900.0,0.0471,8332828.821537199,2.0645,3922.5499999999997
159915,易方达创业板ETF,2025-04-01,4034345.4936,-800.0,-0.0198,8318013.53870448,2.0618,-1649.4399999999998
159915,易方达创业板ETF,2025-03-31,4035145.4936,15900.0,0.3956,8326926.240592959,2.0635999999999997,32811.24
159915,易方达创业板ETF,2025-03-28,4019245.4936,-19200.0,-0.4754,8390978.816988721,2.0877000000000003,-40083.840000000004
159915,易方达创业板ETF,2025-03-27,4038445.4936,200.0,0.005,8496485.47398504,2.1039,420.78
159915,易方达创业板ETF,2025-03-26,4038245.4936,-9000.0,-0.2224,8475469.64196768,2.0987999999999998,-18889.199999999997
159915,易方达创业板ETF,2025-03-25,4047245.4936,-6600.0,-0.1628,8516618.69218248,2.1043,-13888.38
159915,易方达创业板ETF,2025-03-24,4053845.4936,13200.0,0.3267,8558478.60608832,2.1111999999999997,27867.839999999997
159915,易方达创业板ETF,2025-03-21,4040645.4936,40700.0,1.0175,8529802.6369896,2.1109999999999998,85917.7
159915,易方达创业板ETF,2025-03-20,3999945.4936,500.0,0.0125,8631482.38063944,2.1578999999999997,1078.9499999999998
159915,易方达创业板ETF,2025-03-19,3999445.4936,-10100.0,-0.2519,8717991.28694928,2.1798,-22015.980000000003
159915,易方达创业板ETF,2025-03-18,4009545.4936,13000.0,0.3253,8764465.49446024,2.1858999999999997,28416.699999999997
159915,易方达创业板ETF,2025-03-17,3996545.4936,13300.0,0.3339,8683294.39394472,2.1727,28896.91
159915,易方达创业板ETF,2025-03-14,3983245.4936,-11600.0,-0.2904,8699806.48257176,2.1841,-25335.559999999998
159915,易方达创业板ETF,2025-03-13,3994845.4936,1100.0,0.0275,8487448.735702561,2.1246,2337.06
159915,易方达创业板ETF,2025-03-12,3993745.4936,-1900.0,-0.0476,8584156.56394384,2.1494,-4083.86
159915,易方达创业板ETF,2025-03-11,3995645.4936,35000.0,0.8837,8638185.992613839,2.1618999999999997,75666.49999999999
159915,易方达创业板ETF,2025-03-10,3960645.4936,-18100.0,-0.4549,8546280.84609008,2.1578,-39056.18
159915,易方达创业板ETF,2025-03-07,3978745.4936,-9000.0,-0.2257,8606822.25175552,2.1632000000000002,-19468.800000000003
159915,易方达创业板ETF,2025-03-06,3987745.4936,10600.0,0.2665,8741536.89652056,2.1921,23236.26
159915,易方达创业板ETF,2025-03-05,3977145.4936,-2400.0,-0.0603,8545294.807548959,2.1485999999999996,-5156.639999999999
159915,易方达创业板ETF,2025-03-04,3979545.4936,19700.0,0.4975,8549257.58390088,2.1483,42321.509999999995
159915,易方达创业板ETF,2025-03-03,3959845.4936,-54200.0,-1.3503,8532279.08505992,2.1547,-116784.74
159915,易方达创业板ETF,2025-02-28,4014045.4936,23000.0,0.5763,8546304.260423759,2.1290999999999998,48969.299999999996
159915,易方达创业板ETF,2025-02-27,3991045.4936,6000.0,0.1506,8834578.30463296,2.2136,13281.6
159915,易方达创业板ETF,2025-02-26,3985045.4936,-26400.0,-0.6581,8867124.72780936,2.2251,-58742.64
159915,易方达创业板ETF,2025-02-25,4011445.4936,2800.0,0.0698,8817157.1949328,2.198,6154.4
159915,易方达创业板ETF,2025-02-24,4008645.4936,7700.0,0.1925,8912020.66137152,2.2232,17118.64
159915,易方达创业板ETF,2025-02-21,4000945.4936,-44000.0,-1.0878,8954916.20377552,2.2382,-98480.8
159915,易方达创业板ETF,2025-02-20,4044945.4936,-14700.0,-0.3621,8831733.99072624,2.1834,-32095.979999999996
159915,易方达创业板ETF,2025-02-19,4059645.4936,-36000.0,-0.879,8869513.47441728,2.1848,-78652.8
159915,易方达创业板ETF,2025-02-18,4095645.4936,10900.0,0.2668,8769596.130896319,2.1411999999999995,23339.079999999994
159915,易方达创业板ETF,2025-02-17,4084745.4936,-17400.0,-0.4242,8923126.530769201,2.1845000000000003,-38010.3
159915,易方达创业板ETF,2025-02-14,4102145.4936,-105100.0,-2.4981,8916013.2303396,2.1734999999999998,-228434.84999999998
159915,易方达创业板ETF,2025-02-13,4207245.4936,-39300.0,-0.9255,8982889.85338536,2.1351000000000004,-83909.43000000002
159915,易方达创业板ETF,2025-02-12,4246545.4936,-6700.0,-0.1575,9132196.0839868,2.1505,-14408.35
159915,易方达创业板ETF,2025-02-11,4253245.4936,22900.0,0.5413,8983705.13158192,2.1122,48369.380000000005
159915,易方达创业板ETF,2025-02-10,4230345.4936,-13300.0,-0.3134,9064784.32368608,2.1428000000000003,-28499.240000000005
159915,易方达创业板ETF,2025-02-07,4243645.4936,-31900.0,-0.7461,9053817.6605956,2.1335,-68058.65000000001
159915,易方达创业板ETF,2025-02-06,4275545.4936,-52000.0,-1.2016,8896982.61763224,2.0809,-108206.8
159915,易方达创业板ETF,2025-02-05,4327545.4936,25100.0,0.5834,8759817.58814512,2.0242,50807.42
159915,易方达创业板ETF,2025-01-27,4302445.4936,43500.0,1.0214,8713312.613638721,2.0252000000000003,88096.20000000001
159915,易方达创业板ETF,2025-01-24,4258945.4936,-52400.0,-1.2154,8867976.30677392,2.0822000000000003,-109107.28000000001
159915,易方达创业板ETF,2025-01-23,4311345.4936,44500.0,1.0429,8847743.22196592,2.0522,91322.9
159915,易方达创业板ETF,2025-01-22,4266845.4936,-500.0,-0.0117,8788848.347717281,2.0598000000000005,-1029.9000000000003
159915,易方达创业板ETF,2025-01-21,4267345.4936,-21700.0,-0.5059,8837672.5172456,2.071,-44940.700000000004
159915,易方达创业板ETF,2025-01-20,4289045.4936,-94000.0,-2.1446,8850445.376043601,2.0635000000000003,-193969.00000000003
159915,易方达创业板ETF,2025-01-17,4383045.4936,-50800.0,-1.1457,8883994.91097784,2.0269000000000004,-102966.52000000002
159915,易方达创业板ETF,2025-01-16,4433845.4936,-29400.0,-0.6587,8917350.05672832,2.0112,-59129.280000000006
159915,易方达创业板ETF,2025-01-15,4463245.4936,57000.0,1.2936,8918010.82076216,1.9981,113891.7
159915,易方达创业板ETF,2025-01-14,4406245.4936,-26500.0,-0.5978,8967590.828574719,2.0351999999999997,-53932.79999999999
159915,易方达创业板ETF,2025-01-13,4432745.4936,8600.0,0.1944,8615927.41591032,1.9437000000000002,16715.820000000003
159915,易方达创业板ETF,2025-01-10,4424145.4936,7000.0,0.1585,8568242.57745512,1.9367,13556.900000000001
159915,易方达创业板ETF,2025-01-09,4417145.4936,-59200.0,-1.3225,8708402.340632401,1.9715000000000005,-116712.80000000003
159915,易方达创业板ETF,2025-01-08,4476345.4936,14200.0,0.3182,8815267.18054648,1.9693,27964.06
159915,易方达创业板ETF,2025-01-07,4462145.4936,13000.0,0.2922,8874314.95767168,1.9888000000000001,25854.4
159915,易方达创业板ETF,2025-01-06,4449145.4936,-1400.0,-0.0315,8787062.349860001,1.9750000000000005,-2765.000000000001
159915,易方达创业板ETF,2025-01-03,4450545.4936,54500.0,1.2398,8797393.27719912,1.9767,107730.15
159915,易方达创业板ETF,2025-01-02,4396045.4936,39300.0,0.902,8881770.31526944,2.0204000000000004,79401.72000000002
159915,易方达创业板ETF,2024-12-31,4356745.4936,12600.0,0.29,9149165.53656,2.1000000000000005,26460.000000000007
159915,易方达创业板ETF,2024-12-30,4344145.4936,6200.0,0.1429,9398124.36085424,2.1634,13413.080000000002
159915,易方达创业板ETF,2024-12-27,4337945.4936,5400.0,0.1246,9379071.95171256,2.1621,11675.34
159915,易方达创业板ETF,2024-12-26,4332545.4936,-8400.0,-0.1935,9388626.084631199,2.167,-18202.8
159915,易方达创业板ETF,2024-12-25,4340945.4936,11300.0,0.261,9370364.94248496,2.1586000000000003,24392.180000000004
159915,易方达创业板ETF,2024-12-24,4329645.4936,-38600.0,-0.8836,9397495.5438588,2.1705,-83781.3
159915,易方达创业板ETF,2024-12-23,4368245.4936,12100.0,0.2778,9371633.881969439,2.1454,25959.34
159915,易方达创业板ETF,2024-12-20,4356145.4936,3900.0,0.0896,9438460.44098312,2.1667,8450.130000000001
159915,易方达创业板ETF,2024-12-19,4352245.4936,-22300.0,-0.5098,9446984.06840816,2.1706,-48404.38
159915,易方达创业板ETF,2024-12-18,4374545.4936,10900.0,0.2498,9446393.53887984,2.1594,23537.460000000003
159915,易方达创业板ETF,2024-12-17,4363645.4936,-7300.0,-0.167,9418928.7979356,2.1585,-15757.050000000001
159915,易方达创业板ETF,2024-12-16,4370945.4936,23500.0,0.5405,9435997.131583681,2.1588000000000003,50731.8
159915,易方达创业板ETF,2024-12-13,4347445.4936,-18900.0,-0.4329,9529600.5219712,2.192,-41428.8
159915,易方达创业板ETF,2024-12-12,4366345.4936,-37000.0,-0.8403,9817727.842359599,2.2485,-83194.5
159915,易方达创业板ETF,2024-12-11,4403345.4936,-400.0,-0.0091,9768381.64300224,2.2184000000000004,-887.3600000000001
159915,易方达创业板ETF,2024-12-10,4403745.4936,59600.0,1.372,9779837.99218688,2.2208,132359.68
159915,易方达创业板ETF,2024-12-09,4344145.4936,1700.0,0.0391,9581881.71523352,2.2057,3749.6900000000005
159915,易方达创业板ETF,2024-12-06,4342445.4936,33600.0,0.7798,9656730.28866768,2.2238,74719.68000000001
159915,易方达创业板ETF,2024-12-05,4308845.4936,13700.0,0.319,9389405.21510376,2.1791,29853.670000000002
159915,易方达创业板ETF,2024-12-04,4295145.4936,-3000.0,-0.0698,9325619.89570432,2.1712000000000002,-6513.6
159915,易方达创业板ETF,2024-12-03,4298145.4936,-7500.0,-0.1742,9467525.07875272,2.2027000000000005,-16520.250000000004
159915,易方达创业板ETF,2024-12-02,4305645.4936,-39300.0,-0.9045,9526240.65459,2.2125,-86951.25
159915,易方达创业板ETF,2024-11-29,4344945.4936,-36200.0,-0.8263,9479367.58338712,2.1817,-78977.54000000001
159915,易方达创业板ETF,2024-11-28,4381145.4936,15900.0,0.3642,9325706.29767696,2.1286,33844.74
159915,易方达创业板ETF,2024-11-27,4365245.4936,5200.0,0.1193,9458613.93553248,2.1668000000000003,11267.36
159915,易方达创业板ETF,2024-11-26,4360045.4936,2300.0,0.0528,9196207.95510112,2.1092,4851.16
159915,易方达创业板ETF,2024-11-25,4357745.4936,36400.0,0.8423,9298993.10879304,2.1339,77673.96
159915,易方达创业板ETF,2024-11-22,4321345.4936,-25400.0,-0.5843,9223047.68699048,2.1343000000000005,-54211.220000000016
159915,易方达创业板ETF,2024-11-21,4346745.4936,-26100.0,-0.5969,9662380.55772344,2.2229,-58017.69
159915,易方达创业板ETF,2024-11-20,4372845.4936,-52000.0,-1.1752,9729143.93871064,2.2249,-115694.79999999999
159915,易方达创业板ETF,2024-11-19,4424845.4936,27000.0,0.6139,9796165.438281039,2.2138999999999998,59775.299999999996
159915,易方达创业板ETF,2024-11-18,4397845.4936,42600.0,0.9781,9453608.67304256,2.1496,91572.95999999999
159915,易方达创业板ETF,2024-11-15,4355245.4936,38600.0,0.8942,9585024.28231488,2.2008,84950.88
159915,易方达创业板ETF,2024-11-14,4316645.4936,30900.0,0.721,9886844.83854144,2.2904000000000004,70773.36000000002
159915,易方达创业板ETF,2024-11-13,4285745.4936,-43400.0,-1.0025,10161931.139874961,2.3711000000000007,-102905.74000000003
159915,易方达创业板ETF,2024-11-12,4329145.4936,-108200.0,-2.4384,10153144.926140081,2.3453000000000004,-253761.46000000005
159915,易方达创业板ETF,2024-11-11,4437345.4936,-120000.0,-2.6331,10414449.8734792,2.3470000000000004,-281640.00000000006
159915,易方达创业板ETF,2024-11-08,4557345.4936,-27200.0,-0.5933,10380265.83077272,2.2777000000000003,-61953.44000000001
159915,易方达创业板ETF,2024-11-07,4584545.4936,-28700.0,-0.6221,10573337.271889681,2.3063000000000002,-66190.81000000001
159915,易方达创业板ETF,2024-11-06,4613245.4936,-50700.0,-1.0871,10253399.43407536,2.2226,-112685.81999999999
159915,易方达创业板ETF,2024-11-05,4663945.4936,-11200.0,-0.2396,10476154.36772432,2.2462,-25157.44
159915,易方达创业板ETF,2024-11-04,4675145.4936,-62800.0,-1.3255,10025381.99647584,2.1444,-134668.32
159915,易方达创业板ETF,2024-11-01,4737945.4936,-49000.0,-1.0236,9871509.4359156,2.0835000000000004,-102091.50000000001
159915,易方达创业板ETF,2024-10-31,4786945.4936,-28100.0,-0.5836,10165078.755659599,2.1235,-59670.35
159915,易方达创业板ETF,2024-10-30,4815045.4936,-13800.0,-0.2858,10163598.02789088,2.1108000000000002,-29129.040000000005
159915,易方达创业板ETF,2024-10-29,4828845.4936,34200.0,0.7133,10314896.858878959,2.1361,73054.62
159915,易方达创业板ETF,2024-10-28,4794645.4936,10600.0,0.2216,10485889.6945032,2.187,23182.199999999997
159915,易方达创业板ETF,2024-10-25,4784045.4936,-61900.0,-1.2774,10509112.735791119,2.1967,-135975.72999999998
159915,易方达创业板ETF,2024-10-24,4845945.4936,-30100.0,-0.6173,10342216.872441119,2.1342,-64239.42
159915,易方达创业板ETF,2024-10-23,4876045.4936,-53400.0,-1.0833,10551274.84360104,2.1639000000000004,-115552.26000000002
159915,易方达创业板ETF,2024-10-22,4929445.4936,-86600.0,-1.7265,10723515.72677744,2.1754000000000002,-188389.64
159915,易方达创业板ETF,2024-10-21,5016045.4936,-201800.0,-3.8675,10879802.6756184,2.1690000000000005,-437704.20000000007
159915,易方达创业板ETF,2024-10-18,5217845.4936,8900.0,0.1709,11240282.76231312,2.1542000000000003,19172.380000000005
159915,易方达创业板ETF,2024-10-17,5208945.4936,-73200.0,-1.3858,10395492.52157752,1.9957000000000003,-146085.24000000002
159915,易方达创业板ETF,2024-10-16,5282145.4936,-24400.0,-0.4598,10574855.278187199,2.002,-48848.799999999996
159915,易方达创业板ETF,2024-10-15,5306545.4936,-90200.0,-1.6714,10863559.93449792,2.0472,-184657.44
159915,易方达创业板ETF,2024-10-14,5396745.4936,-107500.0,-1.953,11415735.74261208,2.1153000000000004,-227394.75000000003
159915,易方达创业板ETF,2024-10-11,5504245.4936,-51100.0,-0.9198,11349203.783253841,2.0619000000000005,-105363.09000000003
159915,易方达创业板ETF,2024-10-10,5555345.4936,-117400.0,-2.0695,12065654.87754984,2.1719,-254981.06
159915,易方达创业板ETF,2024-10-09,5672745.4936,375400.0,7.0866,12693902.59102872,2.2377000000000002,840032.5800000001
159915,易方达创业板ETF,2024-10-08,5297345.4936,1040500.0,24.443,13260315.23957952,2.5032,2604579.6
159915,易方达创业板ETF,2024-09-30,4256845.4936,244100.0,6.0831,9089216.49793472,2.1352,521202.32000000007
159915,易方达创业板ETF,2024-09-27,4012745.4936,6000.0,0.1497,7427190.634104241,1.8509,11105.4
159915,易方达创业板ETF,2024-09-26,4006745.4936,42300.0,1.067,6742150.64208072,1.6826999999999999,71178.20999999999
159915,易方达创业板ETF,2024-09-25,3964445.4936,-50000.0,-1.2455,6387911.02383768,1.6113,-80565.0
159915,易方达创业板ETF,2024-09-24,4014445.4936,-84800.0,-2.0687,6365304.77465216,1.5856,-134458.88
159915,易方达创业板ETF,2024-09-23,4099245.4936,-29100.0,-0.7049,6158706.42958464,1.5024,-43719.84
159915,易方达创业板ETF,2024-09-20,4128345.4936,92700.0,2.297,6227196.34254624,1.5084,139828.68
159915,易方达创业板ETF,2024-09-19,4035645.4936,70900.0,1.7883,6126109.8592848,1.5179999999999998,107626.19999999998
159915,易方达创业板ETF,2024-09-18,3964745.4936,41400.0,1.0552,5968131.39151608,1.5052999999999999,62319.41999999999
159915,易方达创业板ETF,2024-09-13,3923345.4936,26500.0,0.68,5912873.99340456,1.5070999999999999,39938.149999999994
159915,易方达创业板ETF,2024-09-12,3896845.4936,13600.0,0.3502,5936454.42495024,1.5234,20718.24
159915,易方达创业板ETF,2024-09-11,3883245.4936,-47900.0,-1.2185,5940977.28065864,1.5299,-73282.21
159915,易方达创业板ETF,2024-09-10,3931145.4936,74800.0,1.9397,5943105.75722448,1.5117999999999998,113082.63999999998
159915,易方达创业板ETF,2024-09-09,3856345.4936,111600.0,2.9802,5826552.40628024,1.5109,168616.44
159915,易方达创业板ETF,2024-09-06,3744745.4936,7000.0,0.1873,5649323.05164496,1.5086,10560.199999999999
159915,易方达创业板ETF,2024-09-05,3737745.4936,4800.0,0.1286,5736691.78357728,1.5348,7367.04
159915,易方达创业板ETF,2024-09-04,3732945.4936,1900.0,0.0509,5692368.58319064,1.5249000000000001,2897.3100000000004
159915,易方达创业板ETF,2024-09-03,3731045.4936,-42000.0,-1.1132,5695814.05052976,1.5266,-64117.2
159915,易方达创业板ETF,2024-09-02,3773045.4936,10700.0,0.2844,5688243.38615136,1.5076,16131.32
159915,易方达创业板ETF,2024-08-30,3762345.4936,-39600.0,-1.0416,5833140.45327744,1.5503999999999998,-61395.83999999999
159915,易方达创业板ETF,2024-08-29,3801945.4936,87100.0,2.3446,5748921.78087256,1.5121,131703.91
159915,易方达创业板ETF,2024-08-28,3714845.4936,6100.0,0.1645,5581183.86958464,1.5023999999999997,9164.639999999998
159915,易方达创业板ETF,2024-08-27,3708745.4936,-1900.0,-0.0512,5569423.10773912,1.5016999999999998,-2853.2299999999996
159915,易方达创业板ETF,2024-08-26,3710645.4936,3100.0,0.0836,5625338.568297599,1.5159999999999998,4699.599999999999
159915,易方达创业板ETF,2024-08-23,3707545.4936,48200.0,1.3172,5626941.79563672,1.5177,73153.14
159915,易方达创业板ETF,2024-08-22,3659345.4936,12000.0,0.329,5552690.85198864,1.5173999999999999,18208.8
159915,易方达创业板ETF,2024-08-21,3647345.4936,14300.0,0.3936,5577155.994263761,1.5291000000000001,21866.13
159915,易方达创业板ETF,2024-08-20,3633045.4936,18100.0,0.5007,5589077.18735424,1.5383999999999998,27845.039999999997
159915,易方达创业板ETF,2024-08-19,3614945.4936,8300.0,0.2301,5637146.00271984,1.5594,12943.019999999999
159915,易方达创业板ETF,2024-08-16,3606645.4936,9900.0,0.2752,5632137.60280576,1.5615999999999999,15459.839999999998
159915,易方达创业板ETF,2024-08-15,3596745.4936,43300.0,1.2185,5620993.85739808,1.5627999999999997,67669.23999999999
159915,易方达创业板ETF,2024-08-14,3553445.4936,28700.0,0.8142,5524186.36435056,1.5546,44617.02
159915,易方达创业板ETF,2024-08-13,3524745.4936,6600.0,0.1876,5558876.11795656,1.5771,10408.859999999999
159915,易方达创业板ETF,2024-08-12,3518145.4936,7600.0,0.2165,5497454.14829936,1.5625999999999998,11875.759999999998
159915,易方达创业板ETF,2024-08-09,3510545.4936,10500.0,0.3,5497163.18842824,1.5658999999999998,16441.949999999997
159915,易方达创业板ETF,2024-08-08,3500045.4936,20700.0,0.5949,5535321.948128399,1.5814999999999997,32737.049999999992
159915,易方达创业板ETF,2024-08-07,3479345.4936,7300.0,0.2103,5530419.662077201,1.5895000000000001,11603.35
159915,易方达创业板ETF,2024-08-06,3472045.4936,-9500.0,-0.2729,5542773.42598304,1.5963999999999998,-15165.799999999997
159915,易方达创业板ETF,2024-08-05,3481545.4936,11600.0,0.3343,5489700.9343084805,1.5768,18290.88
159915,易方达创业板ETF,2024-08-02,3469945.4936,42700.0,1.2459,5577243.39186328,1.6073,68631.70999999999
159915,易方达创业板ETF,2024-08-01,3427245.4936,21900.0,0.6431,5601832.7592891995,1.6344999999999998,35795.549999999996
159915,易方达创业板ETF,2024-07-31,3405345.4936,53100.0,1.584,5639933.20650032,1.6562,87944.22
159915,易方达创业板ETF,2024-07-30,3352245.4936,24900.0,0.7483,5364263.238858719,1.6001999999999996,39844.97999999999
159915,易方达创业板ETF,2024-07-29,3327345.4936,18300.0,0.553,5339724.04812928,1.6048,29367.84
159915,易方达创业板ETF,2024-07-26,3309045.4936,-2700.0,-0.0815,5388118.777228881,1.6283,-4396.41
159915,易方达创业板ETF,2024-07-25,3311745.4936,14200.0,0.4306,5343832.52847296,1.6136,22913.12
159915,易方达创业板ETF,2024-07-24,3297545.4936,-1500.0,-0.0455,5341693.94508264,1.6199,-2429.85
159915,易方达创业板ETF,2024-07-23,3299045.4936,11500.0,0.3498,5410434.609504,1.64,18860.0
159915,易方达创业板ETF,2024-07-22,3287545.4936,800.0,0.0243,5560883.2024244005,1.6915,1353.2
159915,易方达创业板ETF,2024-07-19,3286745.4936,74500.0,2.3192,5564788.79521416,1.6931,126135.95
159915,易方达创业板ETF,2024-07-18,3212245.4936,103400.0,3.326,5414239.779462799,1.6854999999999998,174280.69999999998
159915,易方达创业板ETF,2024-07-17,3108845.4936,-17700.0,-0.5661,5175295.09319592,1.6646999999999998,-29465.19
159915,易方达创业板ETF,2024-07-16,3126545.4936,-36000.0,-1.1383,5204447.62864656,1.6645999999999999,-59925.59999999999
159915,易方达创业板ETF,2024-07-15,3162545.4936,-10600.0,-0.3341,5192267.191392479,1.6417999999999997,-17403.079999999998
159915,易方达创业板ETF,2024-07-12,3173145.4936,-13100.0,-0.4111,5242988.29907528,1.6523,-21645.13
159915,易方达创业板ETF,2024-07-11,3186245.4936,-20800.0,-0.6486,5268456.9236676,1.6535,-34392.8
159915,易方达创业板ETF,2024-07-10,3207045.4936,-10100.0,-0.3139,5196055.108730719,1.6201999999999996,-16364.019999999997
159915,易方达创业板ETF,2024-07-09,3217145.4936,34800.0,1.0935,5215314.559674961,1.6211,56414.28
159915,易方达创业板ETF,2024-07-08,3182345.4936,4500.0,0.1416,5085388.0987728,1.5979999999999999,7190.999999999999
159915,易方达创业板ETF,2024-07-05,3177845.4936,12500.0,0.3949,5162092.21980384,1.6243999999999998,20304.999999999996
159915,易方达创业板ETF,2024-07-04,3165345.4936,3600.0,0.1139,5115514.85220696,1.6161,5817.96
159915,易方达创业板ETF,2024-07-03,3161745.4936,3900.0,0.1235,5149851.05997568,1.6287999999999998,6352.319999999999
159915,易方达创业板ETF,2024-07-02,3157845.4936,11800.0,0.3751,5158024.829246241,1.6334000000000002,19274.120000000003
159915,易方达创业板ETF,2024-07-01,3146045.4936,21700.0,0.6945,5193177.29628552,1.6507,35820.19
159915,易方达创业板ETF,2024-06-28,3124345.4936,11800.0,0.3791,5159231.71358168,1.6513,19485.34
159915,易方达创业板ETF,2024-06-27,3112545.4936,-2200.0,-0.0706,5200129.75615752,1.6707,-3675.54
159915,易方达创业板ETF,2024-06-26,3114745.4936,-4000.0,-0.1283,5286657.52628728,1.6972999999999998,-6789.199999999999
159915,易方达创业板ETF,2024-06-25,3118745.4936,26100.0,0.8439,5198636.8632818395,1.6668999999999998,43506.09
159915,易方达创业板ETF,2024-06-24,3092645.4936,12200.0,0.396,5250384.25448472,1.6976999999999998,20711.94
159915,易方达创业板ETF,2024-06-21,3080445.4936,18600.0,0.6075,5303603.006331121,1.7217,32023.62
159915,易方达创业板ETF,2024-06-20,3061845.4936,9500.0,0.3112,5291787.5665888805,1.7283000000000002,16418.850000000002
159915,易方达创业板ETF,2024-06-19,3052345.4936,-8300.0,-0.2712,5352593.05757696,1.7535999999999998,-14554.88
159915,易方达创业板ETF,2024-06-18,3060645.4936,-12300.0,-0.4003,5434482.13843616,1.7755999999999998,-21839.879999999997
159915,易方达创业板ETF,2024-06-17,3072945.4936,-25900.0,-0.8358,5440649.9964188,1.7705,-45855.95
159915,易方达创业板ETF,2024-06-14,3098845.4936,4100.0,0.1325,5441882.57131096,1.7560999999999998,7200.009999999999
159915,易方达创业板ETF,2024-06-13,3094745.4936,-14600.0,-0.4696,5399711.93723328,1.7448000000000001,-25474.08
159915,易方达创业板ETF,2024-06-12,3109345.4936,-1800.0,-0.0579,5425496.95178264,1.7449,-3140.8199999999997
159915,易方达创业板ETF,2024-06-11,3111145.4936,15300.0,0.4942,5452904.70663272,1.7527,26816.309999999998
159915,易方达创业板ETF,2024-06-07,3095845.4936,32700.0,1.0675,5407203.73912176,1.7466,57113.82
159915,易方达创业板ETF,2024-06-06,3063145.4936,13900.0,0.4559,5467714.706076,1.785,24811.5
159915,易方达创业板ETF,2024-06-05,3049245.4936,-1200.0,-0.0393,5478884.30290048,1.7968,-2156.16
159915,易方达创业板ETF,2024-06-04,3050445.4936,-1900.0,-0.0622,5510934.82873776,1.8066,-3432.54
159915,易方达创业板ETF,2024-06-03,3052345.4936,-10000.0,-0.3265,5441111.07689136,1.7826,-17826.0
159915,易方达创业板ETF,2024-05-31,3062345.4936,12600.0,0.4131,5416064.23998096,1.7686,22284.36
159915,易方达创业板ETF,2024-05-30,3049745.4936,-400.0,-0.0131,5416043.02208424,1.7758999999999998,-710.3599999999999
159915,易方达创业板ETF,2024-05-29,3050145.4936,-27000.0,-0.8774,5407907.9601528,1.773,-47871.0
159915,易方达创业板ETF,2024-05-28,3077145.4936,1500.0,0.0488,5439777.80358608,1.7677999999999998,2651.7
159915,易方达创业板ETF,2024-05-27,3075645.4936,2800.0,0.0911,5509096.20813632,1.7912,5015.36
159915,易方达创业板ETF,2024-05-24,3072845.4936,18300.0,0.5991,5465670.27946632,1.7787,32550.21
159915,易方达创业板ETF,2024-05-23,3054545.4936,-9600.0,-0.3133,5532392.79800832,1.8112,-17387.52
159915,易方达创业板ETF,2024-05-22,3064145.4936,-8000.0,-0.2604,5626690.36989768,1.8363,-14690.4
159915,易方达创业板ETF,2024-05-21,3072145.4936,-9300.0,-0.3018,5590690.36925328,1.8197999999999999,-16924.14
159915,易方达创业板ETF,2024-05-20,3081445.4936,-7600.0,-0.246,5649830.3125156,1.8334999999999997,-13934.599999999997
159915,易方达创业板ETF,2024-05-17,3089045.4936,21800.0,0.7107,5630712.12573408,1.8227999999999998,39737.03999999999
159915,易方达创业板ETF,2024-05-16,3067245.4936,-7700.0,-0.2504,5529016.72676336,1.8026,-13880.02
159915,易方达创业板ETF,2024-05-15,3074945.4936,-21800.0,-0.704,5526907.03019664,1.7973999999999999,-39183.32
159915,易方达创业板ETF,2024-05-14,3096745.4936,-700.0,-0.0226,5615638.2780942395,1.8133999999999997,-1269.3799999999999
159915,易方达创业板ETF,2024-05-13,3097445.4936,6100.0,0.1973,5631465.65191416,1.8180999999999998,11090.41
159915,易方达创业板ETF,2024-05-10,3091345.4936,-9700.0,-0.3128,5674473.78805216,1.8356,-17805.32
159915,易方达创业板ETF,2024-05-09,3101045.4936,-18700.0,-0.5994,5758021.272516481,1.8568,-34722.16
159915,易方达创业板ETF,2024-05-08,3119745.4936,-15700.0,-0.5007,5686672.08573408,1.8227999999999998,-28617.959999999995
159915,易方达创业板ETF,2024-05-07,3135445.4936,-22100.0,-0.6999,5799006.4404132,1.8495,-40873.95
159915,易方达创业板ETF,2024-05-06,3157545.4936,13100.0,0.4166,5848090.00869656,1.8520999999999999,24262.51
159915,易方达创业板ETF,2024-04-30,3144445.4936,17100.0,0.5468,5711256.35002568,1.8162999999999998,31058.729999999996
159915,易方达创业板ETF,2024-04-29,3127345.4936,-2500.0,-0.0799,5742744.52989768,1.8362999999999998,-4590.75
159915,易方达创业板ETF,2024-04-26,3129845.4936,-5500.0,-0.1754,5552658.89019576,1.7740999999999998,-9757.55
159915,易方达创业板ETF,2024-04-25,3135345.4936,3700.0,0.1181,5382447.60886312,1.7167,6351.79
159915,易方达创业板ETF,2024-04-24,3131645.4936,7100.0,0.2272,5378287.97070864,1.7174,12193.54
159915,易方达创业板ETF,2024-04-23,3124545.4936,5600.0,0.1795,5328912.3393348,1.7054999999999998,9550.8
159915,易方达创业板ETF,2024-04-22,3118945.4936,-8800.0,-0.2814,5310316.59740336,1.7026,-14982.88
159915,易方达创业板ETF,2024-04-19,3127745.4936,17000.0,0.5465,5340625.430322,1.7074999999999998,29027.499999999996
159915,易方达创业板ETF,2024-04-18,3110745.4936,-4100.0,-0.1316,5406475.6678768,1.7379999999999998,-7125.799999999999
159915,易方达创业板ETF,2024-04-17,3114845.4936,-3100.0,-0.0994,5443503.98461536,1.7476,-5417.56
159915,易方达创业板ETF,2024-04-16,3117945.4936,4500.0,0.1445,5336675.50684576,1.7116,7702.2
159915,易方达创业板ETF,2024-04-15,3113445.4936,-25000.0,-0.7966,5435764.487276239,1.7458999999999998,-43647.49999999999
159915,易方达创业板ETF,2024-04-12,3138445.4936,-14900.0,-0.4725,5380237.10967848,1.7143,-25543.07
159915,易方达创业板ETF,2024-04-11,3153345.4936,18000.0,0.5741,5464747.7404088,1.7329999999999999,31193.999999999996
159915,易方达创业板ETF,2024-04-10,3135345.4936,27500.0,0.8849,5457695.90070952,1.7407,47869.25
159915,易方达创业板ETF,2024-04-09,3107845.4936,-2000.0,-0.0643,5523573.79577528,1.7773,-3554.6000000000004
159915,易方达创业板ETF,2024-04-08,3109845.4936,-4000.0,-0.1285,5465242.47045264,1.7574,-7029.6
159915,易方达创业板ETF,2024-04-03,3113845.4936,9400.0,0.3028,5573472.04899464,1.7898999999999998,16825.059999999998
159915,易方达创业板ETF,2024-04-02,3104445.4936,21300.0,0.6909,5617494.1206692,1.8094999999999999,38542.35
159915,易方达创业板ETF,2024-04-01,3083145.4936,-29500.0,-0.9477,5613791.31474688,1.8208,-53713.6
159915,易方达创业板ETF,2024-03-29,3112645.4936,-12500.0,-0.4,5504713.5554316,1.7684999999999997,-22106.249999999996
159915,易方达创业板ETF,2024-03-28,3125145.4936,4300.0,0.1378,5491505.66135392,1.7571999999999999,7555.959999999999
159915,易方达创业板ETF,2024-03-27,3120845.4936,20000.0,0.645,5432143.66616016,1.7406,34812.0
159915,易方达创业板ETF,2024-03-26,3100845.4936,-52400.0,-1.6618,5553614.2790376,1.791,-93848.4
159915,易方达创业板ETF,2024-03-25,3153245.4936,-37800.0,-1.1846,5622552.03963816,1.7831,-67401.18
159915,易方达创业板ETF,2024-03-22,3191045.4936,-30900.0,-0.959,5801320.7073648,1.818,-56176.200000000004
159915,易方达创业板ETF,2024-03-21,3221945.4936,-27300.0,-0.8402,5945133.824790721,1.8452000000000002,-50373.96000000001
159915,易方达创业板ETF,2024-03-20,3249245.4936,-24700.0,-0.7544,6033848.8816152,1.857,-45867.9
159915,易方达创业板ETF,2024-03-19,3273945.4936,-27400.0,-0.83,6072514.10152928,1.8547999999999998,-50821.52
159915,易方达创业板ETF,2024-03-18,3301345.4936,-83200.0,-2.4582,6186061.18590768,1.8737999999999997,-155900.15999999997
159915,易方达创业板ETF,2024-03-15,3384545.4936,-9700.0,-0.2858,6203194.98067008,1.8327999999999998,-17778.159999999996
159915,易方达创业板ETF,2024-03-14,3394245.4936,-19700.0,-0.577,6217239.47062712,1.8316999999999999,-36084.49
159915,易方达创业板ETF,2024-03-13,3413945.4936,-41500.0,-1.201,6293949.91200096,1.8436,-76509.4
159915,易方达创业板ETF,2024-03-12,3455445.4936,-43400.0,-1.2404,6407087.03423312,1.8542,-80472.28
159915,易方达创业板ETF,2024-03-11,3498845.4936,-132300.0,-3.6435,6434726.74727976,1.8391,-243312.93
159915,易方达创业板ETF,2024-03-08,3631145.4936,-30200.0,-0.8248,6385006.23594624,1.7584,-53103.68
159915,易方达创业板ETF,2024-03-07,3661345.4936,12000.0,0.3288,6376599.311653759,1.7415999999999998,20899.199999999997
159915,易方达创业板ETF,2024-03-06,3649345.4936,69600.0,1.9443,6506783.0150888,1.783,124096.79999999999
159915,易方达创业板ETF,2024-03-05,3579745.4936,234300.0,7.0036,6386623.935131759,1.7840999999999998,418014.62999999995
159915,易方达创业板ETF,2024-03-04,3345445.4936,-34100.0,-1.009,5972623.83972408,1.7852999999999999,-60878.729999999996
159915,易方达创业板ETF,2024-03-01,3379545.4936,-25900.0,-0.7605,5998355.29659064,1.7749,-45969.909999999996
159915,易方达创业板ETF,2024-02-29,3405445.4936,-46000.0,-1.3328,5988135.35594624,1.7584,-80886.4
159915,易方达创业板ETF,2024-02-28,3451445.4936,3700.0,0.1073,5874015.08555784,1.7019,6297.03
159915,易方达创业板ETF,2024-02-27,3447745.4936,-12600.0,-0.3641,6019074.08272688,1.7458,-21997.08
159915,易方达创业板ETF,2024-02-26,3460345.4936,-35200.0,-1.007,5898850.96293992,1.7046999999999999,-60005.439999999995
159915,易方达创业板ETF,2024-02-23,3495545.4936,-6300.0,-0.1799,5981227.89409896,1.7110999999999998,-10779.929999999998
159915,易方达创业板ETF,2024-02-22,3501845.4936,-20500.0,-0.582,5990957.27045088,1.7107999999999999,-35071.399999999994
159915,易方达创业板ETF,2024-02-21,3522345.4936,-29000.0,-0.8166,6007712.47388416,1.7055999999999998,-49462.399999999994
159915,易方达创业板ETF,2024-02-20,3551345.4936,8300.0,0.2343,6035511.6663732,1.6994999999999998,14105.849999999999
159915,易方达创业板ETF,2024-02-19,3543045.4936,86400.0,2.4995,6022468.73002128,1.6998,146862.72
159915,易方达创业板ETF,2024-02-08,3456645.4936,46600.0,1.3666,5810966.73929096,1.6811,78339.26
159915,易方达创业板ETF,2024-02-07,3410045.4936,208600.0,6.5158,5666813.60126448,1.6617999999999997,346651.4799999999
159915,易方达创业板ETF,2024-02-06,3201445.4936,60400.0,1.9229,5196906.46976088,1.6233,98047.31999999999
159915,易方达创业板ETF,2024-02-05,3141045.4936,361500.0,13.0057,4779100.7185124,1.5214999999999999,550022.25
159915,易方达创业板ETF,2024-02-02,2779545.4936,97900.0,3.6507,4196279.831687921,1.5097000000000003,147799.63000000003
159915,易方达创业板ETF,2024-02-01,2681645.4936,48200.0,1.8303,4149310.0722472803,1.5473000000000001,74579.86
159915,易方达创业板ETF,2024-01-31,2633445.4936,46300.0,1.7896,4034701.84074456,1.5321,70936.23
159915,易方达创业板ETF,2024-01-30,2587145.4936,27400.0,1.0704,3990154.49477928,1.5422999999999998,42259.02
159915,易方达创业板ETF,2024-01-29,2559745.4936,47900.0,1.907,4047725.54902968,1.5813,75744.26999999999
159915,易方达创业板ETF,2024-01-26,2511845.4936,17800.0,0.7137,4115407.65671424,1.6383999999999999,29163.519999999997
159915,易方达创业板ETF,2024-01-25,2494045.4936,45100.0,1.8416,4179272.0336255203,1.6757,75574.06999999999
159915,易方达创业板ETF,2024-01-24,2448945.4936,22300.0,0.919,4045168.1663284795,1.6517999999999997,36835.13999999999
159915,易方达创业板ETF,2024-01-23,2426645.4936,-10300.0,-0.4227,3988191.8687316,1.6435,-16928.05
159915,易方达创业板ETF,2024-01-22,2436945.4936,15100.0,0.6235,3955893.6197608802,1.6233,24511.829999999998
159915,易方达创业板ETF,2024-01-19,2421845.4936,-22000.0,-0.9002,4046177.2661575205,1.6707,-36755.4
159915,易方达创业板ETF,2024-01-18,2443845.4936,2300.0,0.0942,4123011.7322525596,1.6870999999999998,3880.3299999999995
159915,易方达创业板ETF,2024-01-17,2441545.4936,23600.0,0.976,4041490.25555608,1.6553,39065.08
159915,易方达创业板ETF,2024-01-16,2417945.4936,1700.0,0.0704,4126223.9848283995,1.7064999999999997,2901.0499999999993
159915,易方达创业板ETF,2024-01-15,2416245.4936,2500.0,0.1036,4107858.96366936,1.7001,4250.25
159915,易方达创业板ETF,2024-01-12,2413745.4936,-16100.0,-0.6626,4140297.64517208,1.7152999999999998,-27616.329999999998
159915,易方达创业板ETF,2024-01-11,2429845.4936,2900.0,0.1195,4206062.5494216,1.7309999999999999,5019.9
159915,易方达创业板ETF,2024-01-10,2426945.4936,13800.0,0.5719,4120710.7535834396,1.6978999999999997,23431.019999999997
159915,易方达创业板ETF,2024-01-09,2413145.4936,10900.0,0.4537,4115137.0102360803,1.7053,18587.77
159915,易方达创业板ETF,2024-01-08,2402245.4936,28400.0,1.1964,4081655.31817576,1.6990999999999998,48254.439999999995
159915,易方达创业板ETF,2024-01-05,2373845.4936,51000.0,2.1956,4105565.7811811995,1.7294999999999996,88204.49999999999
159915,易方达创业板ETF,2024-01-04,2322845.4936,56400.0,2.4885,4076593.841268,1.755,98982.0
159915,易方达创业板ETF,2024-01-03,2266445.4936,28800.0,1.2871,4050591.38616192,1.7872,51471.36
159915,易方达创业板ETF,2024-01-02,2237645.4936,23300.0,1.0522,4045215.52333008,1.8077999999999999,42121.74
159915,易方达创业板ETF,2023-12-29,2214345.4936,6800.0,0.308,4079710.1374086402,1.8424,12528.32
159915,易方达创业板ETF,2023-12-28,2207545.4936,-11700.0,-0.5272,4041795.0442322404,1.8309,-21421.53
159915,易方达创业板ETF,2023-12-27,2219245.4936,-7000.0,-0.3144,3912751.72976616,1.7630999999999997,-12341.699999999997
159915,易方达创业板ETF,2023-12-26,2226245.4936,-20500.0,-0.9124,3922199.31062448,1.7617999999999998,-36116.899999999994
159915,易方达创业板ETF,2023-12-25,2246745.4936,-12700.0,-0.5621,4008867.98423048,1.7843,-22660.61
159915,易方达创业板ETF,2023-12-22,2259445.4936,-2500.0,-0.1105,4019101.64401568,1.7788,-4447.0
159915,易方达创业板ETF,2023-12-21,2261945.4936,-5100.0,-0.225,4038477.4842734397,1.7853999999999997,-9105.539999999999
159915,易方达创业板ETF,2023-12-20,2267045.4936,21000.0,0.935,3982065.4095084,1.7565,36886.5
159915,易方达创业板ETF,2023-12-19,2246045.4936,27900.0,1.2578,3999533.21045352,1.7807,49681.53
159915,易方达创业板ETF,2023-12-18,2218145.4936,6000.0,0.2712,3933215.5892515196,1.7731999999999997,10639.199999999997
159915,易方达创业板ETF,2023-12-15,2212145.4936,25500.0,1.1662,3984295.24852296,1.8011,45928.049999999996
159915,易方达创业板ETF,2023-12-14,2186645.4936,8800.0,0.4041,3963950.95079808,1.8127999999999997,15952.639999999998
159915,易方达创业板ETF,2023-12-13,2177845.4936,-100.0,-0.0046,3973043.53397448,1.8242999999999998,-182.42999999999998
159915,易方达创业板ETF,2023-12-12,2177945.4936,27700.0,1.2882,4040306.6851773597,1.8550999999999997,51386.26999999999
159915,易方达创业板ETF,2023-12-11,2150245.4936,45100.0,2.1424,4013863.2629031194,1.8666999999999996,84188.16999999998
159915,易方达创业板ETF,2023-12-08,2105145.4936,-2100.0,-0.0997,3881677.77564904,1.8438999999999999,-3872.1899999999996
159915,易方达创业板ETF,2023-12-07,2107245.4936,12100.0,0.5775,3854994.90599184,1.8294,22135.739999999998
159915,易方达创业板ETF,2023-12-06,2095145.4936,-3000.0,-0.143,3842915.86436112,1.8342,-5502.6
159915,易方达创业板ETF,2023-12-05,2098145.4936,-4900.0,-0.233,3826178.1221289597,1.8235999999999997,-8935.639999999998
159915,易方达创业板ETF,2023-12-04,2103045.4936,30500.0,1.4716,3912716.1408428,1.8604999999999998,56745.24999999999
159915,易方达创业板ETF,2023-12-01,2072545.4936,18800.0,0.9154,3891204.164234,1.8775,35297.0
159915,易方达创业板ETF,2023-11-30,2053745.4936,2100.0,0.1024,3848513.6804570397,1.8739,3935.1899999999996
159915,易方达创业板ETF,2023-11-29,2051645.4936,5900.0,0.2884,3835346.08573584,1.8694,11029.46
159915,易方达创业板ETF,2023-11-28,2045745.4936,-1700.0,-0.083,3865231.53560784,1.8894,-3211.98
159915,易方达创业板ETF,2023-11-27,2047445.4936,12400.0,0.6093,3844078.914234,1.8775,23281.0
159915,易方达创业板ETF,2023-11-24,2035045.4936,1500.0,0.0738,3844200.9374104,1.889,2833.5
159915,易方达创业板ETF,2023-11-23,2033545.4936,-100.0,-0.0049,3887935.62921384,1.9119,-191.19
159915,易方达创业板ETF,2023-11-22,2033645.4936,-16400.0,-0.8,3865756.71878424,1.9009,-31174.760000000002
159915,易方达创业板ETF,2023-11-21,2050045.4936,-14800.0,-0.7168,3962327.9300300796,1.9327999999999999,-28605.44
159915,易方达创业板ETF,2023-11-20,2064845.4936,-10900.0,-0.5251,4008484.55672568,1.9413,-21160.170000000002
159915,易方达创业板ETF,2023-11-17,2075745.4936,-4800.0,-0.2307,4016775.1046653604,1.9351000000000003,-9288.480000000001
159915,易方达创业板ETF,2023-11-16,2080545.4936,-6900.0,-0.3305,4009211.1661671996,1.9269999999999998,-13296.3
159915,易方达创业板ETF,2023-11-15,2087445.4936,14700.0,0.7092,4098281.73758488,1.9633,28860.510000000002
159915,易方达创业板ETF,2023-11-14,2072745.4936,27100.0,1.3248,4048071.9490008005,1.9530000000000003,52926.30000000001
159915,易方达创业板ETF,2023-11-13,2045645.4936,5300.0,0.2598,4003941.9246232803,1.9573000000000003,10373.69
159915,易方达创业板ETF,2023-11-10,2040345.4936,2700.0,0.1325,3985814.9217475997,1.9535,5274.45
159915,易方达创业板ETF,2023-11-09,2037645.4936,4700.0,0.2312,4006826.0986150396,1.9664,9242.08
159915,易方达创业板ETF,2023-11-08,2032945.4936,-16800.0,-0.8196,4006935.5678856005,1.9710000000000003,-33112.8
159915,易方达创业板ETF,2023-11-07,2049745.4936,18100.0,0.8909,4039433.44423752,1.9707000000000001,35669.670000000006
159915,易方达创业板ETF,2023-11-06,2031645.4936,-20900.0,-1.0182,4022861.24187736,1.9801,-41384.09
159915,易方达创业板ETF,2023-11-03,2052545.4936,7800.0,0.3815,3936166.49307672,1.9177,14958.06
159915,易方达创业板ETF,2023-11-02,2044745.4936,4200.0,0.2058,3864568.982904,1.8900000000000001,7938.000000000001
159915,易方达创业板ETF,2023-11-01,2040545.4936,10000.0,0.4925,3895197.2927330397,1.9088999999999998,19089.0
159915,易方达创业板ETF,2023-10-31,2030545.4936,-2600.0,-0.1279,3894180.1476260806,1.9178000000000004,-4986.280000000001
159915,易方达创业板ETF,2023-10-30,2033145.4936,-85200.0,-4.022,3918074.68071656,1.9271000000000003,-164188.92
159915,易方达创业板ETF,2023-10-27,2118345.4936,-44100.0,-2.0394,3983972.36981352,1.8806999999999998,-82938.87
159915,易方达创业板ETF,2023-10-26,2162445.4936,-500.0,-0.0231,3952950.3623008,1.8279999999999998,-913.9999999999999
159915,易方达创业板ETF,2023-10-25,2162945.4936,16000.0,0.7452,3928557.9000256797,1.8162999999999998,29060.799999999996
159915,易方达创业板ETF,2023-10-24,2146945.4936,-9200.0,-0.4267,3935136.3952194396,1.8328999999999998,-16862.679999999997
159915,易方达创业板ETF,2023-10-23,2156145.4936,15600.0,0.7288,3918578.82006864,1.8174,28351.44
159915,易方达创业板ETF,2023-10-20,2140545.4936,27000.0,1.2775,3957012.39946896,1.8485999999999998,49912.2
159915,易方达创业板ETF,2023-10-19,2113545.4936,19100.0,0.9119,3941762.345564,1.8649999999999998,35621.49999999999
159915,易方达创业板ETF,2023-10-18,2094445.4936,11800.0,0.5666,3956616.98195976,1.8891000000000002,22291.38
159915,易方达创业板ETF,2023-10-17,2082645.4936,-600.0,-0.0288,3982018.1837632004,1.9120000000000004,-1147.2000000000003
159915,易方达创业板ETF,2023-10-16,2083245.4936,20900.0,1.0134,3972540.8317458397,1.9068999999999998,39854.21
159915,易方达创业板ETF,2023-10-13,2062345.4936,19000.0,0.9298,4013118.09599624,1.9459000000000002,36972.100000000006
159915,易方达创业板ETF,2023-10-12,2043345.4936,9200.0,0.4523,4020895.2623060797,1.9678,18103.76
159915,易方达创业板ETF,2023-10-11,2034145.4936,-13200.0,-0.6447,3972686.1490008,1.953,-25779.600000000002
159915,易方达创业板ETF,2023-10-10,2047345.4936,4700.0,0.2301,3966731.89385,1.9375000000000002,9106.250000000002
159915,易方达创业板ETF,2023-10-09,2042645.4936,7200.0,0.3537,3978869.15698344,1.9479,14024.88
159915,易方达创业板ETF,2023-09-28,2035445.4936,14900.0,0.7374,3975835.68264888,1.9533,29104.170000000002
159915,易方达创业板ETF,2023-09-27,2020545.4936,-16700.0,-0.8197,3951378.76728416,1.9556,-32658.52
159915,易方达创业板ETF,2023-09-26,2037245.4936,3900.0,0.1918,3951237.6348372,1.9395,7564.05
159915,易方达创业板ETF,2023-09-25,2033345.4936,-8500.0,-0.4163,3974377.10179056,1.9546000000000001,-16614.100000000002
159915,易方达创业板ETF,2023-09-22,2041845.4936,-21500.0,-1.042,4007325.96573936,1.9626000000000001,-42195.9
159915,易方达创业板ETF,2023-09-21,2063345.4936,5600.0,0.2721,3957702.99127416,1.9181,10741.359999999999
159915,易方达创业板ETF,2023-09-20,2057745.4936,14000.0,0.685,3986470.3447512803,1.9373000000000002,27122.200000000004
159915,易方达创业板ETF,2023-09-19,2043745.4936,-7400.0,-0.3608,3990004.3271552804,1.9523000000000004,-14447.020000000002
159915,易方达创业板ETF,2023-09-18,2051145.4936,-6000.0,-0.2917,4040141.27874392,1.9697,-11818.2
159915,易方达创业板ETF,2023-09-15,2057145.4936,20600.0,1.0115,4016576.576254,1.9525000000000001,40221.5
159915,易方达创业板ETF,2023-09-14,2036545.4936,2800.0,0.1377,3994480.33114704,1.9614,5491.92
159915,易方达创业板ETF,2023-09-13,2033745.4936,10900.0,0.5388,4020511.4662978402,1.9769,21548.210000000003
159915,易方达创业板ETF,2023-09-12,2022845.4936,-4700.0,-0.2318,4044881.8490025597,1.9995999999999998,-9398.119999999999
159915,易方达创业板ETF,2023-09-11,2027545.4936,1300.0,0.0642,4078407.7603764,2.0115,2614.95
159915,易方达创业板ETF,2023-09-08,2026245.4936,3600.0,0.178,4049451.6189596,1.9985000000000002,7194.6
159915,易方达创业板ETF,2023-09-07,2022645.4936,-9700.0,-0.4773,4056415.5374148004,2.0055,-19453.350000000002
159915,易方达创业板ETF,2023-09-06,2032345.4936,-2300.0,-0.113,4163869.44728768,2.0488,-4712.24
159915,易方达创业板ETF,2023-09-05,2034645.4936,2800.0,0.1378,4188317.7485756,2.0585,5763.8
159915,易方达创业板ETF,2023-09-04,2031845.4936,25700.0,1.2811,4195964.12883336,2.0651,53073.07000000001
159915,易方达创业板ETF,2023-09-01,2006145.4936,5400.0,0.2699,4108184.7417940805,2.0478000000000005,11058.120000000003
159915,易方达创业板ETF,2023-08-31,2000745.4936,-6100.0,-0.304,4101728.3364293603,2.0501,-12505.61
159915,易方达创业板ETF,2023-08-30,2006845.4936,-6300.0,-0.3129,4142931.8369878405,2.0644000000000005,-13005.720000000003
159915,易方达创业板ETF,2023-08-29,2013145.4936,-7900.0,-0.3909,4157950.70248144,2.0654,-16316.66
159915,易方达创业板ETF,2023-08-28,2021045.4936,6300.0,0.3127,4059876.18754368,2.0088,12655.439999999999
159915,易方达创业板ETF,2023-08-25,2014745.4936,19900.0,0.9976,4008739.1086159204,1.9897000000000002,39595.030000000006
159915,易方达创业板ETF,2023-08-24,1994845.4936,-44400.0,-2.1773,4016222.4322648803,2.0133,-89390.52
159915,易方达创业板ETF,2023-08-23,2039245.4936,17600.0,0.8706,4054835.73947424,1.9884000000000002,34995.840000000004
159915,易方达创业板ETF,2023-08-22,2021645.4936,27700.0,1.3892,4114250.7440253603,2.0351000000000004,56372.27000000001
159915,易方达创业板ETF,2023-08-21,1993945.4936,1700.0,0.0853,4054289.3721368797,2.0333,3456.61
159915,易方达创业板ETF,2023-08-18,1992245.4936,-3300.0,-0.1654,4116776.0879750396,2.0664,-6819.119999999999
159915,易方达创业板ETF,2023-08-17,1995545.4936,31800.0,1.6194,4178073.5999503196,2.0936999999999997,66579.65999999999
159915,易方达创业板ETF,2023-08-16,1963745.4936,8800.0,0.4501,4084590.626688,2.08,18304.0
159915,易方达创业板ETF,2023-08-15,1954945.4936,16700.0,0.8616,4096197.29274008,2.0953,34991.51
159915,易方达创业板ETF,2023-08-14,1938245.4936,18900.0,0.9847,4091442.41244024,2.1109,39896.01
159915,易方达创业板ETF,2023-08-11,1919345.4936,-3300.0,-0.1716,4093580.06875008,2.1328,-7038.24
159915,易方达创业板ETF,2023-08-10,1922645.4936,8000.0,0.4178,4198673.22892368,2.1838,17470.4
159915,易方达创业板ETF,2023-08-09,1914645.4936,11500.0,0.6043,4161481.9803396002,2.1735,24995.250000000004
159915,易方达创业板ETF,2023-08-08,1903145.4936,9200.0,0.4858,4136867.35943832,2.1737,19998.04
159915,易方达创业板ETF,2023-08-07,1893945.4936,23200.0,1.2401,4138839.0871640802,2.1853000000000002,50698.96000000001
159915,易方达创业板ETF,2023-08-04,1870745.4936,-14000.0,-0.7428,4129483.6025726404,2.2074000000000003,-30903.600000000002
159915,易方达创业板ETF,2023-08-03,1884745.4936,3700.0,0.1967,4121184.49630576,2.1866,8090.419999999999
159915,易方达创业板ETF,2023-08-02,1881045.4936,6200.0,0.3307,4070206.23905168,2.1638,13415.560000000001
159915,易方达创业板ETF,2023-08-01,1874845.4936,2900.0,0.1549,4066352.3910690397,2.1689,6289.8099999999995
159915,易方达创业板ETF,2023-07-31,1871945.4936,-2900.0,-0.1547,4083649.0942884004,2.1815,-6326.35
159915,易方达创业板ETF,2023-07-28,1874845.4936,-28100.0,-1.4767,4058853.00909464,2.1649000000000003,-60833.69000000001
